detector,phase_definition,unit,flight_class,calibration_phase,test_phase,threshold,n,false_alarms,false_alarm_rate
static,primary,11,3,climb,climb,0.10623506770865175,53678,318,0.005924214762099929
static,primary,11,3,climb,cruise,0.10623506770865175,86535,2184,0.025238342867048014
static,primary,11,3,climb,descent,0.10623506770865175,73093,9217,0.12609962650322193
static,primary,14,1,climb,climb,0.10623506770865175,12241,420,0.03431092231026877
static,primary,14,1,climb,cruise,0.10623506770865175,33377,1787,0.053539862779758515
static,primary,14,1,climb,descent,0.10623506770865175,26650,4237,0.15898686679174484
static,primary,15,2,climb,climb,0.10623506770865175,48789,660,0.013527639426920002
static,primary,15,2,climb,cruise,0.10623506770865175,53466,1164,0.021770845023005275
static,primary,15,2,climb,descent,0.10623506770865175,45284,7294,0.16107234343255897
static,primary,all,mixed,climb,climb,0.10623506770865175,114708,1398,0.012187467308295848
static,primary,all,mixed,climb,cruise,0.10623506770865175,173378,5135,0.029617367832135564
static,primary,all,mixed,climb,descent,0.10623506770865175,145027,20748,0.14306301585222062
static,primary,11,3,cruise,climb,0.17601550332537705,53678,161,0.0029993665933902157
static,primary,11,3,cruise,cruise,0.17601550332537705,86535,940,0.010862656728491361
static,primary,11,3,cruise,descent,0.17601550332537705,73093,5094,0.06969203617309455
static,primary,14,1,cruise,climb,0.17601550332537705,12241,350,0.028592435258557307
static,primary,14,1,cruise,cruise,0.17601550332537705,33377,1040,0.031159181472271324
static,primary,14,1,cruise,descent,0.17601550332537705,26650,3068,0.1151219512195122
static,primary,15,2,cruise,climb,0.17601550332537705,48789,227,0.004652688105925516
static,primary,15,2,cruise,cruise,0.17601550332537705,53466,595,0.011128567687876408
static,primary,15,2,cruise,descent,0.17601550332537705,45284,4585,0.10124988958572564
static,primary,all,mixed,cruise,climb,0.17601550332537705,114708,738,0.006433727377340726
static,primary,all,mixed,cruise,cruise,0.17601550332537705,173378,2575,0.014851941999561651
static,primary,all,mixed,cruise,descent,0.17601550332537705,145027,12747,0.08789397836264971
static,primary,11,3,descent,climb,0.5118053189466293,53678,12,0.00022355527404150676
static,primary,11,3,descent,cruise,0.5118053189466293,86535,286,0.0033050210897324784
static,primary,11,3,descent,descent,0.5118053189466293,73093,807,0.01104072893437128
static,primary,14,1,descent,climb,0.5118053189466293,12241,37,0.003022628870190344
static,primary,14,1,descent,cruise,0.5118053189466293,33377,275,0.008239206639302514
static,primary,14,1,descent,descent,0.5118053189466293,26650,397,0.014896810506566605
static,primary,15,2,descent,climb,0.5118053189466293,48789,38,0.0007788640882166062
static,primary,15,2,descent,cruise,0.5118053189466293,53466,168,0.003142183817753339
static,primary,15,2,descent,descent,0.5118053189466293,45284,564,0.01245473014751347
static,primary,all,mixed,descent,climb,0.5118053189466293,114708,87,0.000758447536353175
static,primary,all,mixed,descent,cruise,0.5118053189466293,173378,729,0.004204685715604056
static,primary,all,mixed,descent,descent,0.5118053189466293,145027,1768,0.012190833431016294
static,alt_rate,11,3,climb,climb,0.10515949983808934,58507,341,0.0058283624181721845
static,alt_rate,11,3,climb,cruise,0.10515949983808934,83871,1702,0.02029306911805034
static,alt_rate,11,3,climb,descent,0.10515949983808934,70928,9913,0.13976144822919018
static,alt_rate,14,1,climb,climb,0.10515949983808934,13993,673,0.048095476309583364
static,alt_rate,14,1,climb,cruise,0.10515949983808934,30506,1434,0.04700714613518652
static,alt_rate,14,1,climb,descent,0.10515949983808934,27769,4426,0.15938636609168497
static,alt_rate,15,2,climb,climb,0.10515949983808934,53843,692,0.012852181342050035
static,alt_rate,15,2,climb,cruise,0.10515949983808934,43303,398,0.009191049118998684
static,alt_rate,15,2,climb,descent,0.10515949983808934,50393,8111,0.16095489452900205
static,alt_rate,all,mixed,climb,climb,0.10515949983808934,126343,1706,0.013502924578330418
static,alt_rate,all,mixed,climb,cruise,0.10515949983808934,157680,3534,0.02241248097412481
static,alt_rate,all,mixed,climb,descent,0.10515949983808934,149090,22450,0.15058018646455162
static,alt_rate,11,3,cruise,climb,0.1569261578996613,58507,210,0.003589314099167621
static,alt_rate,11,3,cruise,cruise,0.1569261578996613,83871,762,0.009085381121007262
static,alt_rate,11,3,cruise,descent,0.1569261578996613,70928,6044,0.08521317392285134
static,alt_rate,14,1,cruise,climb,0.1569261578996613,13993,576,0.041163438862288286
static,alt_rate,14,1,cruise,cruise,0.1569261578996613,30506,928,0.03042024519766603
static,alt_rate,14,1,cruise,descent,0.1569261578996613,27769,3459,0.12456336202239908
static,alt_rate,15,2,cruise,climb,0.1569261578996613,53843,297,0.005516037367902977
static,alt_rate,15,2,cruise,cruise,0.1569261578996613,43303,233,0.005380689559614807
static,alt_rate,15,2,cruise,descent,0.1569261578996613,50393,5547,0.11007481197785407
static,alt_rate,all,mixed,cruise,climb,0.1569261578996613,126343,1083,0.008571903469127692
static,alt_rate,all,mixed,cruise,cruise,0.1569261578996613,157680,1923,0.01219558599695586
static,alt_rate,all,mixed,cruise,descent,0.1569261578996613,149090,15050,0.10094573747400899
static,alt_rate,11,3,descent,climb,0.5796613428888377,58507,26,0.00044439126942075305
static,alt_rate,11,3,descent,cruise,0.5796613428888377,83871,109,0.0012996148847635059
static,alt_rate,11,3,descent,descent,0.5796613428888377,70928,723,0.010193435596661403
static,alt_rate,14,1,descent,climb,0.5796613428888377,13993,33,0.002358322018151933
static,alt_rate,14,1,descent,cruise,0.5796613428888377,30506,201,0.006588867763718613
static,alt_rate,14,1,descent,descent,0.5796613428888377,27769,298,0.010731391119593791
static,alt_rate,15,2,descent,climb,0.5796613428888377,53843,31,0.0005757480080976171
static,alt_rate,15,2,descent,cruise,0.5796613428888377,43303,82,0.0018936332355725932
static,alt_rate,15,2,descent,descent,0.5796613428888377,50393,402,0.007977298434306352
static,alt_rate,all,mixed,descent,climb,0.5796613428888377,126343,90,0.0007123465486809716
static,alt_rate,all,mixed,descent,cruise,0.5796613428888377,157680,392,0.0024860476915271436
static,alt_rate,all,mixed,descent,descent,0.5796613428888377,149090,1423,0.009544570393721913
static_derivative,primary,11,3,climb,climb,0.11635301499882467,53678,328,0.006110510823801185
static_derivative,primary,11,3,climb,cruise,0.11635301499882467,86535,2235,0.025827699774657653
static_derivative,primary,11,3,climb,descent,0.11635301499882467,73093,9793,0.1339799980846319
static_derivative,primary,14,1,climb,climb,0.11635301499882467,12241,627,0.05122130544890123
static_derivative,primary,14,1,climb,cruise,0.11635301499882467,33377,2051,0.06144950115348893
static_derivative,primary,14,1,climb,descent,0.11635301499882467,26650,4855,0.18217636022514072
static_derivative,primary,15,2,climb,climb,0.11635301499882467,48789,529,0.010842607964910123
static_derivative,primary,15,2,climb,cruise,0.11635301499882467,53466,1010,0.01889050985673138
static_derivative,primary,15,2,climb,descent,0.11635301499882467,45284,8360,0.1846126667255543
static_derivative,primary,all,mixed,climb,climb,0.11635301499882467,114708,1484,0.012937197056874848
static_derivative,primary,all,mixed,climb,cruise,0.11635301499882467,173378,5296,0.030545974691137283
static_derivative,primary,all,mixed,climb,descent,0.11635301499882467,145027,23008,0.1586463210298772
static_derivative,primary,11,3,cruise,climb,0.20401662037878512,53678,128,0.002384589589776072
static_derivative,primary,11,3,cruise,cruise,0.20401662037878512,86535,854,0.009868839198012364
static_derivative,primary,11,3,cruise,descent,0.20401662037878512,73093,5344,0.07311233633863708
static_derivative,primary,14,1,cruise,climb,0.20401662037878512,12241,238,0.01944285597581897
static_derivative,primary,14,1,cruise,cruise,0.20401662037878512,33377,796,0.02384875812685382
static_derivative,primary,14,1,cruise,descent,0.20401662037878512,26650,3078,0.11549718574108818
static_derivative,primary,15,2,cruise,climb,0.20401662037878512,48789,139,0.002849002849002849
static_derivative,primary,15,2,cruise,cruise,0.20401662037878512,53466,526,0.009838027905584858
static_derivative,primary,15,2,cruise,descent,0.20401662037878512,45284,4513,0.09965992403497924
static_derivative,primary,all,mixed,cruise,climb,0.20401662037878512,114708,505,0.004402482825958085
static_derivative,primary,all,mixed,cruise,cruise,0.20401662037878512,173378,2176,0.012550611957687826
static_derivative,primary,all,mixed,cruise,descent,0.20401662037878512,145027,12935,0.08919028870486186
static_derivative,primary,11,3,descent,climb,0.8274578919160291,53678,1,1.8629606170125563e-05
static_derivative,primary,11,3,descent,cruise,0.8274578919160291,86535,224,0.002588547986363899
static_derivative,primary,11,3,descent,descent,0.8274578919160291,73093,852,0.011656382964168936
static_derivative,primary,14,1,descent,climb,0.8274578919160291,12241,3,0.00024507801650191976
static_derivative,primary,14,1,descent,cruise,0.8274578919160291,33377,70,0.0020972525990951853
static_derivative,primary,14,1,descent,descent,0.8274578919160291,26650,148,0.005553470919324578
static_derivative,primary,15,2,descent,climb,0.8274578919160291,48789,6,0.0001229785402447273
static_derivative,primary,15,2,descent,cruise,0.8274578919160291,53466,158,0.002955149066696592
static_derivative,primary,15,2,descent,descent,0.8274578919160291,45284,463,0.010224361805494214
static_derivative,primary,all,mixed,descent,climb,0.8274578919160291,114708,10,8.717787774174426e-05
static_derivative,primary,all,mixed,descent,cruise,0.8274578919160291,173378,452,0.0026070204985638315
static_derivative,primary,all,mixed,descent,descent,0.8274578919160291,145027,1463,0.010087776758810429
static_derivative,alt_rate,11,3,climb,climb,0.11757455338350045,58507,343,0.0058625463619737805
static_derivative,alt_rate,11,3,climb,cruise,0.11757455338350045,83871,1561,0.018611915918493878
static_derivative,alt_rate,11,3,climb,descent,0.11757455338350045,70928,10248,0.14448454771035416
static_derivative,alt_rate,14,1,climb,climb,0.11757455338350045,13993,789,0.05638533552490531
static_derivative,alt_rate,14,1,climb,cruise,0.11757455338350045,30506,1571,0.05149806595423851
static_derivative,alt_rate,14,1,climb,descent,0.11757455338350045,27769,5055,0.182037523857539
static_derivative,alt_rate,15,2,climb,climb,0.11757455338350045,53843,529,0.009824861170439982
static_derivative,alt_rate,15,2,climb,cruise,0.11757455338350045,43303,271,0.006258226912685033
static_derivative,alt_rate,15,2,climb,descent,0.11757455338350045,50393,8969,0.177981068799238
static_derivative,alt_rate,all,mixed,climb,climb,0.11757455338350045,126343,1661,0.013146751303989932
static_derivative,alt_rate,all,mixed,climb,cruise,0.11757455338350045,157680,3403,0.021581684424150177
static_derivative,alt_rate,all,mixed,climb,descent,0.11757455338350045,149090,24272,0.16280099268897982
static_derivative,alt_rate,11,3,cruise,climb,0.179694238798403,58507,173,0.0029569111388380877
static_derivative,alt_rate,11,3,cruise,cruise,0.179694238798403,83871,669,0.007976535393640233
static_derivative,alt_rate,11,3,cruise,descent,0.179694238798403,70928,6315,0.0890339499210467
static_derivative,alt_rate,14,1,cruise,climb,0.179694238798403,13993,441,0.03151575787893947
static_derivative,alt_rate,14,1,cruise,cruise,0.179694238798403,30506,778,0.025503179702353634
static_derivative,alt_rate,14,1,cruise,descent,0.179694238798403,27769,3420,0.12315891821815694
static_derivative,alt_rate,15,2,cruise,climb,0.179694238798403,53843,191,0.0035473506305369316
static_derivative,alt_rate,15,2,cruise,cruise,0.179694238798403,43303,198,0.004572431471260652
static_derivative,alt_rate,15,2,cruise,descent,0.179694238798403,50393,5608,0.11128529756116921
static_derivative,alt_rate,all,mixed,cruise,climb,0.179694238798403,126343,805,0.006371544129868691
static_derivative,alt_rate,all,mixed,cruise,cruise,0.179694238798403,157680,1645,0.010432521562658548
static_derivative,alt_rate,all,mixed,cruise,descent,0.179694238798403,149090,15343,0.10291099335971561
static_derivative,alt_rate,11,3,descent,climb,1.0468408579541575,58507,3,5.1275915702394586e-05
static_derivative,alt_rate,11,3,descent,cruise,1.0468408579541575,83871,103,0.0012280764507398266
static_derivative,alt_rate,11,3,descent,descent,1.0468408579541575,70928,677,0.00954489059327769
static_derivative,alt_rate,14,1,descent,climb,1.0468408579541575,13993,2,0.0001429286071607232
static_derivative,alt_rate,14,1,descent,cruise,1.0468408579541575,30506,36,0.0011800957188749753
static_derivative,alt_rate,14,1,descent,descent,1.0468408579541575,27769,63,0.002268716914544996
static_derivative,alt_rate,15,2,descent,climb,1.0468408579541575,53843,3,5.5717549170737147e-05
static_derivative,alt_rate,15,2,descent,cruise,1.0468408579541575,43303,28,0.0006466064706833244
static_derivative,alt_rate,15,2,descent,descent,1.0468408579541575,50393,416,0.008255114797690156
static_derivative,alt_rate,all,mixed,descent,climb,1.0468408579541575,126343,8,6.331969321608636e-05
static_derivative,alt_rate,all,mixed,descent,cruise,1.0468408579541575,157680,167,0.001059107052257737
static_derivative,alt_rate,all,mixed,descent,descent,1.0468408579541575,149090,1156,0.007753705815279362
history,primary,11,3,climb,climb,0.11985932733195781,53678,334,0.006222288460821938
history,primary,11,3,climb,cruise,0.11985932733195781,86535,2479,0.0286473681169469
history,primary,11,3,climb,descent,0.11985932733195781,73093,9964,0.13631948339786298
history,primary,14,1,climb,climb,0.11985932733195781,12241,650,0.053100236908749286
history,primary,14,1,climb,cruise,0.11985932733195781,33377,2397,0.07181592114330228
history,primary,14,1,climb,descent,0.11985932733195781,26650,4370,0.16397748592870545
history,primary,15,2,climb,climb,0.11985932733195781,48789,625,0.01281026460882576
history,primary,15,2,climb,cruise,0.11985932733195781,53466,1071,0.020031421838177535
history,primary,15,2,climb,descent,0.11985932733195781,45284,8225,0.18163148131790477
history,primary,all,mixed,climb,climb,0.11985932733195781,114708,1609,0.01402692052864665
history,primary,all,mixed,climb,cruise,0.11985932733195781,173378,5947,0.0343007763384051
history,primary,all,mixed,climb,descent,0.11985932733195781,145027,22559,0.15555034579767904
history,primary,11,3,cruise,climb,0.20799296362184,53678,124,0.00231007116509557
history,primary,11,3,cruise,cruise,0.20799296362184,86535,938,0.010839544692898826
history,primary,11,3,cruise,descent,0.20799296362184,73093,5543,0.07583489527040893
history,primary,14,1,cruise,climb,0.20799296362184,12241,376,0.03071644473490728
history,primary,14,1,cruise,cruise,0.20799296362184,33377,862,0.025826167720286425
history,primary,14,1,cruise,descent,0.20799296362184,26650,3028,0.11362101313320826
history,primary,15,2,cruise,climb,0.20799296362184,48789,166,0.003402406280104122
history,primary,15,2,cruise,cruise,0.20799296362184,53466,501,0.009370441027942992
history,primary,15,2,cruise,descent,0.20799296362184,45284,4656,0.10281777228160056
history,primary,all,mixed,cruise,climb,0.20799296362184,114708,666,0.0058060466576001675
history,primary,all,mixed,cruise,cruise,0.20799296362184,173378,2301,0.013271580015918974
history,primary,all,mixed,cruise,descent,0.20799296362184,145027,13227,0.0912037068959573
history,primary,11,3,descent,climb,0.8242883951396902,53678,6,0.00011177763702075338
history,primary,11,3,descent,cruise,0.8242883951396902,86535,208,0.0024036517016236205
history,primary,11,3,descent,descent,0.8242883951396902,73093,818,0.011191222141655152
history,primary,14,1,descent,climb,0.8242883951396902,12241,17,0.0013887754268442122
history,primary,14,1,descent,cruise,0.8242883951396902,33377,61,0.0018276058363543757
history,primary,14,1,descent,descent,0.8242883951396902,26650,249,0.009343339587242027
history,primary,15,2,descent,climb,0.8242883951396902,48789,24,0.0004919141609789092
history,primary,15,2,descent,cruise,0.8242883951396902,53466,144,0.002693300415217147
history,primary,15,2,descent,descent,0.8242883951396902,45284,501,0.01106351029061037
history,primary,all,mixed,descent,climb,0.8242883951396902,114708,47,0.000409736025386198
history,primary,all,mixed,descent,cruise,0.8242883951396902,173378,413,0.0023820784643957134
history,primary,all,mixed,descent,descent,0.8242883951396902,145027,1568,0.010811779875471463
history,alt_rate,11,3,climb,climb,0.12037882165085663,58507,362,0.006187293828088946
history,alt_rate,11,3,climb,cruise,0.12037882165085663,83871,1398,0.01666845512751726
history,alt_rate,11,3,climb,descent,0.12037882165085663,70928,10932,0.15412812993458155
history,alt_rate,14,1,climb,climb,0.12037882165085663,13993,851,0.06081612234688773
history,alt_rate,14,1,climb,cruise,0.12037882165085663,30506,1913,0.06270897528355078
history,alt_rate,14,1,climb,descent,0.12037882165085663,27769,4613,0.16612049407612806
history,alt_rate,15,2,climb,climb,0.12037882165085663,53843,651,0.01209070817004996
history,alt_rate,15,2,climb,cruise,0.12037882165085663,43303,299,0.006904833383368358
history,alt_rate,15,2,climb,descent,0.12037882165085663,50393,8914,0.17688964737165877
history,alt_rate,all,mixed,climb,climb,0.12037882165085663,126343,1864,0.014753488519348124
history,alt_rate,all,mixed,climb,cruise,0.12037882165085663,157680,3610,0.02289446981227803
history,alt_rate,all,mixed,climb,descent,0.12037882165085663,149090,24459,0.16405526862968678
history,alt_rate,11,3,cruise,climb,0.18319038304151694,58507,170,0.0029056352231356932
history,alt_rate,11,3,cruise,cruise,0.18319038304151694,83871,754,0.008989996542309022
history,alt_rate,11,3,cruise,descent,0.18319038304151694,70928,6775,0.09551939995488383
history,alt_rate,14,1,cruise,climb,0.18319038304151694,13993,548,0.039162438362038164
history,alt_rate,14,1,cruise,cruise,0.18319038304151694,30506,868,0.028453418999541073
history,alt_rate,14,1,cruise,descent,0.18319038304151694,27769,3461,0.12463538478159099
history,alt_rate,15,2,cruise,climb,0.18319038304151694,53843,212,0.003937373474732091
history,alt_rate,15,2,cruise,cruise,0.18319038304151694,43303,204,0.004710990000692793
history,alt_rate,15,2,cruise,descent,0.18319038304151694,50393,5716,0.11342845236441569
history,alt_rate,all,mixed,cruise,climb,0.18319038304151694,126343,930,0.00736091433637004
history,alt_rate,all,mixed,cruise,cruise,0.18319038304151694,157680,1826,0.011580416032470828
history,alt_rate,all,mixed,cruise,descent,0.18319038304151694,149090,15952,0.10699577436447784
history,alt_rate,11,3,descent,climb,1.015523805945736,58507,12,0.00020510366280957835
history,alt_rate,11,3,descent,cruise,1.015523805945736,83871,108,0.001287691812426226
history,alt_rate,11,3,descent,descent,1.015523805945736,70928,667,0.00940390254906384
history,alt_rate,14,1,descent,climb,1.015523805945736,13993,8,0.0005717144286428928
history,alt_rate,14,1,descent,cruise,1.015523805945736,30506,27,0.0008850717891562315
history,alt_rate,14,1,descent,descent,1.015523805945736,27769,183,0.006590082466059275
history,alt_rate,15,2,descent,climb,1.015523805945736,53843,19,0.00035287781141466856
history,alt_rate,15,2,descent,cruise,1.015523805945736,43303,22,0.0005080479412511835
history,alt_rate,15,2,descent,descent,1.015523805945736,50393,440,0.008731371420633818
history,alt_rate,all,mixed,descent,climb,1.015523805945736,126343,39,0.00030868350442842104
history,alt_rate,all,mixed,descent,cruise,1.015523805945736,157680,157,0.000995687468290208
history,alt_rate,all,mixed,descent,descent,1.015523805945736,149090,1290,0.008652491783486484
