detector,phase_definition,subset,unit,flight_class,phase,n,false_alarms,false_alarm_rate,threshold
raw_pca,primary,train,2,3,overall,188863,3095,0.016387540174623932,0.0007468840663910171
raw_pca,primary,train,2,3,climb,57051,1,1.752817654379415e-05,0.0007468840663910171
raw_pca,primary,train,2,3,cruise,77394,1496,0.019329663798227252,0.0007468840663910171
raw_pca,primary,train,2,3,descent,54418,1598,0.02936528354588555,0.0007468840663910171
raw_pca,primary,train,5,3,overall,188550,862,0.004571731636170777,0.0007468840663910171
raw_pca,primary,train,5,3,climb,49075,0,0.0,0.0007468840663910171
raw_pca,primary,train,5,3,cruise,86669,27,0.0003115300741903103,0.0007468840663910171
raw_pca,primary,train,5,3,descent,52806,835,0.015812597053365147,0.0007468840663910171
raw_pca,primary,train,10,3,overall,188050,1186,0.006306833289018878,0.0007468840663910171
raw_pca,primary,train,10,3,climb,50427,0,0.0,0.0007468840663910171
raw_pca,primary,train,10,3,cruise,83833,64,0.0007634225185786027,0.0007468840663910171
raw_pca,primary,train,10,3,descent,53790,1122,0.020858895705521473,0.0007468840663910171
raw_pca,primary,train,16,3,overall,194619,4118,0.02115929071673372,0.0007468840663910171
raw_pca,primary,train,16,3,climb,52689,0,0.0,0.0007468840663910171
raw_pca,primary,train,16,3,cruise,84042,2166,0.025772827871778398,0.0007468840663910171
raw_pca,primary,train,16,3,descent,57888,1952,0.033720287451630734,0.0007468840663910171
raw_pca,primary,train,all,mixed,overall,760082,9261,0.012184211703474099,0.0007468840663910171
raw_pca,primary,train,all,mixed,climb,209242,1,4.779155236520393e-06,0.0007468840663910171
raw_pca,primary,train,all,mixed,cruise,331938,3753,0.011306328290222873,0.0007468840663910171
raw_pca,primary,train,all,mixed,descent,218902,5507,0.025157376360197714,0.0007468840663910171
raw_pca,primary,calibration,18,3,overall,193289,1163,0.00601689697810015,0.0007468840663910171
raw_pca,primary,calibration,18,3,climb,56332,0,0.0,0.0007468840663910171
raw_pca,primary,calibration,18,3,cruise,78219,67,0.0008565693757271251,0.0007468840663910171
raw_pca,primary,calibration,18,3,descent,58738,1096,0.018659130375566074,0.0007468840663910171
raw_pca,primary,calibration,20,3,overall,193354,2703,0.013979540118125303,0.0007468840663910171
raw_pca,primary,calibration,20,3,climb,53830,0,0.0,0.0007468840663910171
raw_pca,primary,calibration,20,3,cruise,68886,1589,0.023067096362105508,0.0007468840663910171
raw_pca,primary,calibration,20,3,descent,70638,1114,0.015770548430023502,0.0007468840663910171
raw_pca,primary,calibration,all,mixed,overall,386643,3866,0.009998887862964026,0.0007468840663910171
raw_pca,primary,calibration,all,mixed,climb,110162,0,0.0,0.0007468840663910171
raw_pca,primary,calibration,all,mixed,cruise,147105,1656,0.011257265218721321,0.0007468840663910171
raw_pca,primary,calibration,all,mixed,descent,129376,2210,0.017081993569131832,0.0007468840663910171
raw_pca,primary,official_test,11,3,overall,213306,2891,0.01355329901643648,0.0007468840663910171
raw_pca,primary,official_test,11,3,climb,53678,2,3.7259212340251126e-05,0.0007468840663910171
raw_pca,primary,official_test,11,3,cruise,86535,147,0.0016987346160513086,0.0007468840663910171
raw_pca,primary,official_test,11,3,descent,73093,2742,0.03751385221567045,0.0007468840663910171
raw_pca,primary,official_test,14,1,overall,72268,1444,0.019981181159019205,0.0007468840663910171
raw_pca,primary,official_test,14,1,climb,12241,1,8.169267216730659e-05,0.0007468840663910171
raw_pca,primary,official_test,14,1,cruise,33377,822,0.024627737663660606,0.0007468840663910171
raw_pca,primary,official_test,14,1,descent,26650,621,0.02330206378986867,0.0007468840663910171
raw_pca,primary,official_test,15,2,overall,147539,452,0.0030635967439117794,0.0007468840663910171
raw_pca,primary,official_test,15,2,climb,48789,1,2.0496423374121217e-05,0.0007468840663910171
raw_pca,primary,official_test,15,2,cruise,53466,72,0.0013466502076085736,0.0007468840663910171
raw_pca,primary,official_test,15,2,descent,45284,379,0.00836940199629008,0.0007468840663910171
raw_pca,primary,official_test,all,mixed,overall,433113,4787,0.011052542869874605,0.0007468840663910171
raw_pca,primary,official_test,all,mixed,climb,114708,4,3.48711510966977e-05,0.0007468840663910171
raw_pca,primary,official_test,all,mixed,cruise,173378,1041,0.006004221988949001,0.0007468840663910171
raw_pca,primary,official_test,all,mixed,descent,145027,3742,0.025802092024243762,0.0007468840663910171
raw_pca,alt_rate,train,2,3,overall,188863,3095,0.016387540174623932,0.0007468840663910171
raw_pca,alt_rate,train,2,3,climb,62603,7,0.00011181572768078207,0.0007468840663910171
raw_pca,alt_rate,train,2,3,cruise,68374,1443,0.0211045134115307,0.0007468840663910171
raw_pca,alt_rate,train,2,3,descent,57886,1645,0.028417924886846562,0.0007468840663910171
raw_pca,alt_rate,train,5,3,overall,188550,862,0.004571731636170777,0.0007468840663910171
raw_pca,alt_rate,train,5,3,climb,53461,0,0.0,0.0007468840663910171
raw_pca,alt_rate,train,5,3,cruise,77061,8,0.00010381386174588962,0.0007468840663910171
raw_pca,alt_rate,train,5,3,descent,58028,854,0.014717033156407251,0.0007468840663910171
raw_pca,alt_rate,train,10,3,overall,188050,1186,0.006306833289018878,0.0007468840663910171
raw_pca,alt_rate,train,10,3,climb,53315,0,0.0,0.0007468840663910171
raw_pca,alt_rate,train,10,3,cruise,76877,48,0.0006243740000260156,0.0007468840663910171
raw_pca,alt_rate,train,10,3,descent,57858,1138,0.019668844412181547,0.0007468840663910171
raw_pca,alt_rate,train,16,3,overall,194619,4118,0.02115929071673372,0.0007468840663910171
raw_pca,alt_rate,train,16,3,climb,53813,20,0.0003716574062029621,0.0007468840663910171
raw_pca,alt_rate,train,16,3,cruise,79402,2129,0.026812926626533336,0.0007468840663910171
raw_pca,alt_rate,train,16,3,descent,61404,1969,0.03206631489805224,0.0007468840663910171
raw_pca,alt_rate,train,all,mixed,overall,760082,9261,0.012184211703474099,0.0007468840663910171
raw_pca,alt_rate,train,all,mixed,climb,223192,27,0.00012097207785225277,0.0007468840663910171
raw_pca,alt_rate,train,all,mixed,cruise,301714,3628,0.012024632599083901,0.0007468840663910171
raw_pca,alt_rate,train,all,mixed,descent,235176,5606,0.023837466408136884,0.0007468840663910171
raw_pca,alt_rate,calibration,18,3,overall,193289,1163,0.00601689697810015,0.0007468840663910171
raw_pca,alt_rate,calibration,18,3,climb,59158,0,0.0,0.0007468840663910171
raw_pca,alt_rate,calibration,18,3,cruise,71383,40,0.0005603575080901616,0.0007468840663910171
raw_pca,alt_rate,calibration,18,3,descent,62748,1123,0.017896984764454643,0.0007468840663910171
raw_pca,alt_rate,calibration,20,3,overall,193354,2703,0.013979540118125303,0.0007468840663910171
raw_pca,alt_rate,calibration,20,3,climb,52201,8,0.00015325376908488343,0.0007468840663910171
raw_pca,alt_rate,calibration,20,3,cruise,79401,1536,0.019344844523368723,0.0007468840663910171
raw_pca,alt_rate,calibration,20,3,descent,61752,1159,0.01876862287861122,0.0007468840663910171
raw_pca,alt_rate,calibration,all,mixed,overall,386643,3866,0.009998887862964026,0.0007468840663910171
raw_pca,alt_rate,calibration,all,mixed,climb,111359,8,7.183972557224831e-05,0.0007468840663910171
raw_pca,alt_rate,calibration,all,mixed,cruise,150784,1576,0.010452037351443124,0.0007468840663910171
raw_pca,alt_rate,calibration,all,mixed,descent,124500,2282,0.018329317269076304,0.0007468840663910171
raw_pca,alt_rate,official_test,11,3,overall,213306,2891,0.01355329901643648,0.0007468840663910171
raw_pca,alt_rate,official_test,11,3,climb,58507,11,0.00018801169090878014,0.0007468840663910171
raw_pca,alt_rate,official_test,11,3,cruise,83871,100,0.001192307233727987,0.0007468840663910171
raw_pca,alt_rate,official_test,11,3,descent,70928,2780,0.039194676291450486,0.0007468840663910171
raw_pca,alt_rate,official_test,14,1,overall,72268,1444,0.019981181159019205,0.0007468840663910171
raw_pca,alt_rate,official_test,14,1,climb,13993,1,7.14643035803616e-05,0.0007468840663910171
raw_pca,alt_rate,official_test,14,1,cruise,30506,693,0.022716842588343278,0.0007468840663910171
raw_pca,alt_rate,official_test,14,1,descent,27769,750,0.02700853469696424,0.0007468840663910171
raw_pca,alt_rate,official_test,15,2,overall,147539,452,0.0030635967439117794,0.0007468840663910171
raw_pca,alt_rate,official_test,15,2,climb,53843,1,1.8572516390245713e-05,0.0007468840663910171
raw_pca,alt_rate,official_test,15,2,cruise,43303,56,0.0012932129413666489,0.0007468840663910171
raw_pca,alt_rate,official_test,15,2,descent,50393,395,0.00783839025261445,0.0007468840663910171
raw_pca,alt_rate,official_test,all,mixed,overall,433113,4787,0.011052542869874605,0.0007468840663910171
raw_pca,alt_rate,official_test,all,mixed,climb,126343,13,0.00010289450147614035,0.0007468840663910171
raw_pca,alt_rate,official_test,all,mixed,cruise,157680,849,0.005384322678843227,0.0007468840663910171
raw_pca,alt_rate,official_test,all,mixed,descent,149090,3925,0.026326380038902676,0.0007468840663910171
condition_corrected_pca,primary,train,2,3,overall,188863,1578,0.00835526280954978,0.3863406602366498
condition_corrected_pca,primary,train,2,3,climb,57051,3,5.258452963138245e-05,0.3863406602366498
condition_corrected_pca,primary,train,2,3,cruise,77394,385,0.004974545830426131,0.3863406602366498
condition_corrected_pca,primary,train,2,3,descent,54418,1190,0.021867764342680732,0.3863406602366498
condition_corrected_pca,primary,train,5,3,overall,188550,1556,0.008252452930257226,0.3863406602366498
condition_corrected_pca,primary,train,5,3,climb,49075,28,0.0005705552725420275,0.3863406602366498
condition_corrected_pca,primary,train,5,3,cruise,86669,97,0.0011192006369059294,0.3863406602366498
condition_corrected_pca,primary,train,5,3,descent,52806,1431,0.02709919327349165,0.3863406602366498
condition_corrected_pca,primary,train,10,3,overall,188050,1162,0.006179207657537889,0.3863406602366498
condition_corrected_pca,primary,train,10,3,climb,50427,5,9.915323140381145e-05,0.3863406602366498
condition_corrected_pca,primary,train,10,3,cruise,83833,183,0.002182911264060692,0.3863406602366498
condition_corrected_pca,primary,train,10,3,descent,53790,974,0.01810745491727087,0.3863406602366498
condition_corrected_pca,primary,train,16,3,overall,194619,1769,0.009089554462822232,0.3863406602366498
condition_corrected_pca,primary,train,16,3,climb,52689,8,0.00015183434872554044,0.3863406602366498
condition_corrected_pca,primary,train,16,3,cruise,84042,359,0.004271673686966041,0.3863406602366498
condition_corrected_pca,primary,train,16,3,descent,57888,1402,0.0242191818684356,0.3863406602366498
condition_corrected_pca,primary,train,all,mixed,overall,760082,6065,0.007979402222391794,0.3863406602366498
condition_corrected_pca,primary,train,all,mixed,climb,209242,44,0.00021028283040689727,0.3863406602366498
condition_corrected_pca,primary,train,all,mixed,cruise,331938,1024,0.0030849134476920387,0.3863406602366498
condition_corrected_pca,primary,train,all,mixed,descent,218902,4997,0.022827566673671324,0.3863406602366498
condition_corrected_pca,primary,calibration,18,3,overall,193289,2063,0.01067313711592486,0.3863406602366498
condition_corrected_pca,primary,calibration,18,3,climb,56332,20,0.0003550379890648299,0.3863406602366498
condition_corrected_pca,primary,calibration,18,3,cruise,78219,269,0.0034390621204566665,0.3863406602366498
condition_corrected_pca,primary,calibration,18,3,descent,58738,1774,0.030201913582348736,0.3863406602366498
condition_corrected_pca,primary,calibration,20,3,overall,193354,1803,0.009324865273022538,0.3863406602366498
condition_corrected_pca,primary,calibration,20,3,climb,53830,49,0.0009102730819245773,0.3863406602366498
condition_corrected_pca,primary,calibration,20,3,cruise,68886,367,0.00532764277211625,0.3863406602366498
condition_corrected_pca,primary,calibration,20,3,descent,70638,1387,0.01963532376341346,0.3863406602366498
condition_corrected_pca,primary,calibration,all,mixed,overall,386643,3866,0.009998887862964026,0.3863406602366498
condition_corrected_pca,primary,calibration,all,mixed,climb,110162,69,0.000626350284127013,0.3863406602366498
condition_corrected_pca,primary,calibration,all,mixed,cruise,147105,636,0.004323442439074131,0.3863406602366498
condition_corrected_pca,primary,calibration,all,mixed,descent,129376,3161,0.024432661390056887,0.3863406602366498
condition_corrected_pca,primary,official_test,11,3,overall,213306,2323,0.01089045783991074,0.3863406602366498
condition_corrected_pca,primary,official_test,11,3,climb,53678,47,0.0008755914899959015,0.3863406602366498
condition_corrected_pca,primary,official_test,11,3,cruise,86535,406,0.004691743225284567,0.3863406602366498
condition_corrected_pca,primary,official_test,11,3,descent,73093,1870,0.02558384523825811,0.3863406602366498
condition_corrected_pca,primary,official_test,14,1,overall,72268,1442,0.01995350639287098,0.3863406602366498
condition_corrected_pca,primary,official_test,14,1,climb,12241,71,0.0058001797238787685,0.3863406602366498
condition_corrected_pca,primary,official_test,14,1,cruise,33377,368,0.011025556520957545,0.3863406602366498
condition_corrected_pca,primary,official_test,14,1,descent,26650,1003,0.0376360225140713,0.3863406602366498
condition_corrected_pca,primary,official_test,15,2,overall,147539,1766,0.01196971648174381,0.3863406602366498
condition_corrected_pca,primary,official_test,15,2,climb,48789,50,0.0010248211687060608,0.3863406602366498
condition_corrected_pca,primary,official_test,15,2,cruise,53466,237,0.004432723600044888,0.3863406602366498
condition_corrected_pca,primary,official_test,15,2,descent,45284,1479,0.032660542354915646,0.3863406602366498
condition_corrected_pca,primary,official_test,all,mixed,overall,433113,5531,0.012770339380254113,0.3863406602366498
condition_corrected_pca,primary,official_test,all,mixed,climb,114708,168,0.0014645883460613035,0.3863406602366498
condition_corrected_pca,primary,official_test,all,mixed,cruise,173378,1011,0.0058311896549735264,0.3863406602366498
condition_corrected_pca,primary,official_test,all,mixed,descent,145027,4352,0.03000820536865549,0.3863406602366498
condition_corrected_pca,alt_rate,train,2,3,overall,188863,1578,0.00835526280954978,0.3863406602366498
condition_corrected_pca,alt_rate,train,2,3,climb,62603,3,4.7921026148906605e-05,0.3863406602366498
condition_corrected_pca,alt_rate,train,2,3,cruise,68374,179,0.002617954193114342,0.3863406602366498
condition_corrected_pca,alt_rate,train,2,3,descent,57886,1396,0.02411636665169471,0.3863406602366498
condition_corrected_pca,alt_rate,train,5,3,overall,188550,1556,0.008252452930257226,0.3863406602366498
condition_corrected_pca,alt_rate,train,5,3,climb,53461,28,0.0005237462823366566,0.3863406602366498
condition_corrected_pca,alt_rate,train,5,3,cruise,77061,40,0.0005190693087294481,0.3863406602366498
condition_corrected_pca,alt_rate,train,5,3,descent,58028,1488,0.025642793134348935,0.3863406602366498
condition_corrected_pca,alt_rate,train,10,3,overall,188050,1162,0.006179207657537889,0.3863406602366498
condition_corrected_pca,alt_rate,train,10,3,climb,53315,5,9.378223764419019e-05,0.3863406602366498
condition_corrected_pca,alt_rate,train,10,3,cruise,76877,110,0.0014308570833929523,0.3863406602366498
condition_corrected_pca,alt_rate,train,10,3,descent,57858,1047,0.018096028206989526,0.3863406602366498
condition_corrected_pca,alt_rate,train,16,3,overall,194619,1769,0.009089554462822232,0.3863406602366498
condition_corrected_pca,alt_rate,train,16,3,climb,53813,8,0.00014866296248118485,0.3863406602366498
condition_corrected_pca,alt_rate,train,16,3,cruise,79402,201,0.0025314223823077503,0.3863406602366498
condition_corrected_pca,alt_rate,train,16,3,descent,61404,1560,0.02540551104162595,0.3863406602366498
condition_corrected_pca,alt_rate,train,all,mixed,overall,760082,6065,0.007979402222391794,0.3863406602366498
condition_corrected_pca,alt_rate,train,all,mixed,climb,223192,44,0.0001971396824258934,0.3863406602366498
condition_corrected_pca,alt_rate,train,all,mixed,cruise,301714,530,0.001756630451354594,0.3863406602366498
condition_corrected_pca,alt_rate,train,all,mixed,descent,235176,5491,0.02334847093240807,0.3863406602366498
condition_corrected_pca,alt_rate,calibration,18,3,overall,193289,2063,0.01067313711592486,0.3863406602366498
condition_corrected_pca,alt_rate,calibration,18,3,climb,59158,20,0.0003380776902532202,0.3863406602366498
condition_corrected_pca,alt_rate,calibration,18,3,cruise,71383,95,0.0013308490817141336,0.3863406602366498
condition_corrected_pca,alt_rate,calibration,18,3,descent,62748,1948,0.0310448141773443,0.3863406602366498
condition_corrected_pca,alt_rate,calibration,20,3,overall,193354,1803,0.009324865273022538,0.3863406602366498
condition_corrected_pca,alt_rate,calibration,20,3,climb,52201,49,0.000938679335644911,0.3863406602366498
condition_corrected_pca,alt_rate,calibration,20,3,cruise,79401,131,0.0016498532764070981,0.3863406602366498
condition_corrected_pca,alt_rate,calibration,20,3,descent,61752,1623,0.026282549553050913,0.3863406602366498
condition_corrected_pca,alt_rate,calibration,all,mixed,overall,386643,3866,0.009998887862964026,0.3863406602366498
condition_corrected_pca,alt_rate,calibration,all,mixed,climb,111359,69,0.0006196176330606417,0.3863406602366498
condition_corrected_pca,alt_rate,calibration,all,mixed,cruise,150784,226,0.001498832767402377,0.3863406602366498
condition_corrected_pca,alt_rate,calibration,all,mixed,descent,124500,3571,0.02868273092369478,0.3863406602366498
condition_corrected_pca,alt_rate,official_test,11,3,overall,213306,2323,0.01089045783991074,0.3863406602366498
condition_corrected_pca,alt_rate,official_test,11,3,climb,58507,70,0.0011964380330558735,0.3863406602366498
condition_corrected_pca,alt_rate,official_test,11,3,cruise,83871,203,0.0024203836844678135,0.3863406602366498
condition_corrected_pca,alt_rate,official_test,11,3,descent,70928,2050,0.028902549063839385,0.3863406602366498
condition_corrected_pca,alt_rate,official_test,14,1,overall,72268,1442,0.01995350639287098,0.3863406602366498
condition_corrected_pca,alt_rate,official_test,14,1,climb,13993,87,0.00621739441149146,0.3863406602366498
condition_corrected_pca,alt_rate,official_test,14,1,cruise,30506,317,0.010391398413426867,0.3863406602366498
condition_corrected_pca,alt_rate,official_test,14,1,descent,27769,1038,0.03737981202059851,0.3863406602366498
condition_corrected_pca,alt_rate,official_test,15,2,overall,147539,1766,0.01196971648174381,0.3863406602366498
condition_corrected_pca,alt_rate,official_test,15,2,climb,53843,50,0.0009286258195122857,0.3863406602366498
condition_corrected_pca,alt_rate,official_test,15,2,cruise,43303,129,0.0029790083827910306,0.3863406602366498
condition_corrected_pca,alt_rate,official_test,15,2,descent,50393,1587,0.0314924691921497,0.3863406602366498
condition_corrected_pca,alt_rate,official_test,all,mixed,overall,433113,5531,0.012770339380254113,0.3863406602366498
condition_corrected_pca,alt_rate,official_test,all,mixed,climb,126343,207,0.0016383970619662349,0.3863406602366498
condition_corrected_pca,alt_rate,official_test,all,mixed,cruise,157680,649,0.0041159309994926434,0.3863406602366498
condition_corrected_pca,alt_rate,official_test,all,mixed,descent,149090,4675,0.03135689851767389,0.3863406602366498
