detector,phase_definition,subset,unit,flight_class,phase,n,mean,median,p90,p95,p99
raw_pca,primary,train,2,3,climb,57051,3.7815324484018454e-05,1.3982358151165078e-05,0.00010060552824165154,0.00015076083346616176,0.000242807911526732
raw_pca,primary,train,2,3,cruise,77394,8.383464411521357e-05,2.9386853888008925e-05,0.00014883721306308272,0.0004048972597827782,0.000913197484371313
raw_pca,primary,train,2,3,descent,54418,0.00016382045176290423,6.551312068910913e-05,0.0003690234714478829,0.0006057015365048531,0.0011879525446289244
raw_pca,primary,train,5,3,climb,49075,3.0476439891056592e-05,1.367950806016603e-05,8.383173177066285e-05,0.0001406197821422971,0.00020469767961787578
raw_pca,primary,train,5,3,cruise,86669,4.982803611122814e-05,4.327156272931898e-05,8.93272696019792e-05,0.00010897210081914288,0.00014792313991534784
raw_pca,primary,train,5,3,descent,52806,0.0001346722614995394,6.262014233771049e-05,0.00029428411117948263,0.0004373298245267612,0.0010023061402968435
raw_pca,primary,train,10,3,climb,50427,3.362538905528216e-05,1.562330236959031e-05,8.987798809652777e-05,0.0001344680667669773,0.00019634857156080324
raw_pca,primary,train,10,3,cruise,83833,4.461843693539257e-05,3.1559651281508576e-05,7.285737254153527e-05,9.604322969861353e-05,0.00036593131307729093
raw_pca,primary,train,10,3,descent,53790,0.00014452477933576225,6.699947363751637e-05,0.0003012332001140775,0.0004855054565684608,0.0010725741537372534
raw_pca,primary,train,16,3,climb,52689,4.1518208908059666e-05,2.3325759925858657e-05,0.00010744612484773632,0.00015873478641712885,0.00025075381898252485
raw_pca,primary,train,16,3,cruise,84042,8.707957243898132e-05,2.6664262266110177e-05,0.0002301853350090852,0.00041413600026570386,0.0010797390801611316
raw_pca,primary,train,16,3,descent,57888,0.00018696104610620945,6.894534284446244e-05,0.000493002530762681,0.0006561232928109658,0.001030328571896767
raw_pca,primary,train,all,mixed,climb,209242,3.601673549210392e-05,1.665928824967493e-05,9.69121321919752e-05,0.00014718889995006136,0.00022234824865568372
raw_pca,primary,train,all,mixed,cruise,331938,6.587279359066604e-05,3.172297293478686e-05,9.804540994849301e-05,0.0002064568275218283,0.0007962073916750346
raw_pca,primary,train,all,mixed,descent,218902,0.0001581670048800162,6.596983577446979e-05,0.00035536665551047465,0.0005664220003631419,0.0010423688350579764
raw_pca,primary,calibration,18,3,climb,56332,3.409397864316757e-05,1.8589937356402402e-05,8.566456170699214e-05,0.00012150376435992538,0.00020835454763529568
raw_pca,primary,calibration,18,3,cruise,78219,5.148052623058184e-05,2.6969842740244433e-05,7.034709140111023e-05,0.00013257793415336297,0.00036449798042464607
raw_pca,primary,calibration,18,3,descent,58738,0.000139758443511839,5.672679897161286e-05,0.00029193276087820355,0.0004890376766964991,0.0009668770175911072
raw_pca,primary,calibration,20,3,climb,53830,3.6991973408433765e-05,1.5892779656041763e-05,0.00010527283113087023,0.00014565113573610888,0.00022479813661690983
raw_pca,primary,calibration,20,3,cruise,68886,9.87496566794214e-05,4.778407082977373e-05,0.00016606216054604667,0.00039034871671087934,0.0009533617165462812
raw_pca,primary,calibration,20,3,descent,70638,0.0001367818851027188,6.262580247812713e-05,0.0002615985033057262,0.00044281671757752573,0.0009335780994975125
raw_pca,primary,calibration,all,mixed,climb,110162,3.551006638861772e-05,1.75074775752078e-05,9.461544710413634e-05,0.00013656045392083707,0.0002207541950592835
raw_pca,primary,calibration,all,mixed,cruise,147105,7.361560879132935e-05,3.196440069217112e-05,0.00010527047225611949,0.00021489615659379678,0.000775124281688458
raw_pca,primary,calibration,all,mixed,descent,129376,0.00013813327243757922,6.068136035854969e-05,0.00027563302492534294,0.00046973834026912547,0.0009505485944841405
raw_pca,primary,official_test,11,3,climb,53678,3.593410281567788e-05,2.0941445894063895e-05,8.21332782676998e-05,0.0001178929362041032,0.00019238022976937765
raw_pca,primary,official_test,11,3,cruise,86535,6.075586854183944e-05,2.12775650016813e-05,9.628382613852833e-05,0.00022378656603068734,0.0004883295369994808
raw_pca,primary,official_test,11,3,descent,73093,0.0001664159244533779,5.516683467853327e-05,0.00042841574510121404,0.0006593224894792294,0.0012394531748007801
raw_pca,primary,official_test,14,1,climb,12241,0.00011878436852581519,0.00011262345896641812,0.00021884411125859565,0.00025690967820447353,0.00035822751645259783
raw_pca,primary,official_test,14,1,cruise,33377,0.00011494960909710041,5.470325896815356e-05,0.00021896557393679718,0.000356462245863349,0.0012151455813595286
raw_pca,primary,official_test,14,1,descent,26650,0.00023598401492281308,0.00016939717776714736,0.0005411737629264226,0.000640576765595735,0.0008443570884063772
raw_pca,primary,official_test,15,2,climb,48789,5.950396726767503e-05,4.003850444347311e-05,0.00012738588134428983,0.00016806046337816932,0.0002652666815960542
raw_pca,primary,official_test,15,2,cruise,53466,3.992991738682251e-05,2.6431545554357154e-05,6.80179874518298e-05,8.4648977058916e-05,0.00018559701804216956
raw_pca,primary,official_test,15,2,descent,45284,0.0001533311699709999,9.513926356718533e-05,0.0003265929931212186,0.00042487807725865787,0.0007257041407463872
raw_pca,primary,official_test,all,mixed,climb,114708,5.4800443605389845e-05,3.443905820976886e-05,0.00013153762794227116,0.0001696908405677359,0.00027076314203744104
raw_pca,primary,official_test,all,mixed,cruise,173378,6.47664360536276e-05,2.8620760464215515e-05,0.00011006027736728567,0.00020623555068741421,0.0005092451240066218
raw_pca,primary,official_test,all,mixed,descent,145027,0.00017511402611052065,9.151719541213806e-05,0.0004163185707360217,0.0006066519740729085,0.0009882451126080342
raw_pca,alt_rate,train,2,3,climb,62603,3.831169988230992e-05,1.3681018704013576e-05,0.00010138387329433388,0.000151842844526962,0.00026779247960406424
raw_pca,alt_rate,train,2,3,cruise,68374,8.021162493006555e-05,2.868506488659212e-05,0.0001250609005021548,0.0003951555617257449,0.000927783070763464
raw_pca,alt_rate,train,2,3,descent,57886,0.00016718489578004608,6.824741287743467e-05,0.00037721193643055605,0.000597075714574217,0.001145503680696488
raw_pca,alt_rate,train,5,3,climb,53461,3.058849720268659e-05,1.3390505815293386e-05,8.604645594727833e-05,0.0001368646612739445,0.0001999537963548544
raw_pca,alt_rate,train,5,3,cruise,77061,4.721394031615874e-05,4.265004935704047e-05,7.996301683412132e-05,0.00010466486376267083,0.000127999136457433
raw_pca,alt_rate,train,5,3,descent,58028,0.00013186798935799917,6.52226373935351e-05,0.00027938566957885546,0.00041631789076934753,0.0009633804125701454
raw_pca,alt_rate,train,10,3,climb,53315,3.330060303152626e-05,1.5784620404218857e-05,8.903618050553995e-05,0.00013146833113319544,0.00019498680324505453
raw_pca,alt_rate,train,10,3,cruise,76877,4.187165750522431e-05,3.1325986353958094e-05,6.998572284383045e-05,8.455237354092413e-05,0.00036623978574925215
raw_pca,alt_rate,train,10,3,descent,57858,0.00014199805961684085,6.676734127308944e-05,0.00028854814169488447,0.0004731595248091343,0.0010472871792133146
raw_pca,alt_rate,train,16,3,climb,53813,4.414869122386189e-05,2.370418977229363e-05,0.00011104430843201363,0.00016312707800433482,0.00031146535290408353
raw_pca,alt_rate,train,16,3,cruise,79402,8.278572173657029e-05,2.5966277889165192e-05,0.0001531188958296552,0.00037299286703865045,0.001087610999067606
raw_pca,alt_rate,train,16,3,descent,61404,0.00018532294272218493,6.876719505280953e-05,0.000473031558622574,0.000645314131789334,0.0010163548200271353
raw_pca,alt_rate,train,all,mixed,climb,223192,3.667207681341885e-05,1.663866908090168e-05,9.756789930978221e-05,0.00014762784766521772,0.0002358889171202868
raw_pca,alt_rate,train,all,mixed,cruise,301714,6.269202751290325e-05,3.105453604938602e-05,8.55470612278621e-05,0.000161177574185733,0.000823666015466109
raw_pca,alt_rate,train,all,mixed,descent,235176,0.00015701004469764748,6.713666169654259e-05,0.00034857004492861815,0.0005526247930290163,0.0010309542723477639
raw_pca,alt_rate,calibration,18,3,climb,59158,3.379949259943742e-05,1.858232278326307e-05,8.507043820313057e-05,0.00011893014067312959,0.00020260628619447684
raw_pca,alt_rate,calibration,18,3,cruise,71383,3.897831669303373e-05,2.629767653628288e-05,5.3394466304529316e-05,9.788542512864462e-05,0.0003441203053625098
raw_pca,alt_rate,calibration,18,3,descent,62748,0.00014940028650249965,6.0276258717614434e-05,0.0002929091185949123,0.00047955944401886004,0.0009595998457064951
raw_pca,alt_rate,calibration,20,3,climb,52201,3.965198256017347e-05,1.607605553113685e-05,0.00011023936606318828,0.0001541710541044714,0.00025499795356170613
raw_pca,alt_rate,calibration,20,3,cruise,79401,8.278193332779468e-05,5.004032951566225e-05,0.00011168836965916327,0.0002362168631371248,0.0009132909201989948
raw_pca,alt_rate,calibration,20,3,descent,61752,0.00015890828068235234,6.189898482358872e-05,0.00029170129933893694,0.0004892705351179922,0.0009928775563975071
raw_pca,alt_rate,calibration,all,mixed,climb,111359,3.6542924458922354e-05,1.7631901674305286e-05,9.56406462181956e-05,0.00013866134343705697,0.0002384433195206213
raw_pca,alt_rate,calibration,all,mixed,cruise,150784,6.204476249906523e-05,3.219329455482054e-05,8.682136793211459e-05,0.00017758660384182976,0.0007592222513180484
raw_pca,alt_rate,calibration,all,mixed,descent,124500,0.0001541162516157066,6.116576590712498e-05,0.00029246428823396207,0.00048606168940615335,0.0009749207516938609
raw_pca,alt_rate,official_test,11,3,climb,58507,3.552633496243019e-05,2.0675399096493247e-05,8.045906311591108e-05,0.00011550233354424639,0.00018958877174975235
raw_pca,alt_rate,official_test,11,3,cruise,83871,4.915306476076007e-05,1.927085857683683e-05,7.981359738397264e-05,0.0001953636109286042,0.00048258300091678707
raw_pca,alt_rate,official_test,11,3,descent,70928,0.00018538747810571527,6.31247380518699e-05,0.00045810172505004966,0.0006695807775444426,0.0012519059816366973
raw_pca,alt_rate,official_test,14,1,climb,13993,0.00011354777230614365,0.00010548852531717715,0.00021152704558727022,0.00025131850375439556,0.00035260539736953634
raw_pca,alt_rate,official_test,14,1,cruise,30506,0.00011725068640147352,5.5111474195788235e-05,0.00022605567810713974,0.000357238587542518,0.0012103275166096901
raw_pca,alt_rate,official_test,14,1,descent,27769,0.0002309756612916624,0.00015545994926392378,0.000541959318674914,0.0006488381870041069,0.0008632789283837634
raw_pca,alt_rate,official_test,15,2,climb,53843,5.6890844393977475e-05,3.806428913435923e-05,0.00012158498806641897,0.0001605331060541274,0.0002631806673791572
raw_pca,alt_rate,official_test,15,2,cruise,43303,3.280290847875456e-05,2.528493614374926e-05,5.6905350463694135e-05,7.55438357411364e-05,0.0001065563974010755
raw_pca,alt_rate,official_test,15,2,descent,50393,0.0001487873840103342,8.734735129986577e-05,0.00031011018861298693,0.0004100118228490337,0.0007174477856503637
raw_pca,alt_rate,official_test,all,mixed,climb,126343,5.327233793903659e-05,3.306532858035005e-05,0.00012790354528154148,0.00016498863332244258,0.00026811339170197977
raw_pca,alt_rate,official_test,all,mixed,cruise,157680,5.783758548813145e-05,2.618430373113303e-05,0.00010666310473533044,0.00019915787043666455,0.000499210461834634
raw_pca,alt_rate,official_test,all,mixed,descent,149090,0.00018150760498975862,9.236079417876669e-05,0.0004174413186584941,0.0006075507513352574,0.0010078914869396608
condition_corrected_pca,primary,train,2,3,climb,57051,0.010347455421808819,0.00653562597627468,0.021374551362653208,0.031815729937443415,0.052459489534207704
condition_corrected_pca,primary,train,2,3,cruise,77394,0.03410516011820024,0.008458402700114992,0.04173894174300239,0.08009271625204824,0.24413818227901918
condition_corrected_pca,primary,train,2,3,descent,54418,0.11133411114470544,0.03877804598588924,0.12943216339667768,0.23726825616965114,0.517522426208194
condition_corrected_pca,primary,train,5,3,climb,49075,0.010228402291543131,0.00559319367702973,0.01905648278995233,0.0335816013809086,0.07692500081392811
condition_corrected_pca,primary,train,5,3,cruise,86669,0.023186543990396515,0.007665773527671061,0.06077338525717239,0.07724727945702692,0.11425833811765218
condition_corrected_pca,primary,train,5,3,descent,52806,0.09204485562267678,0.040847739403782904,0.12065914307986453,0.25799145939702095,0.5260400214930957
condition_corrected_pca,primary,train,10,3,climb,50427,0.011597282670594709,0.0059615408738519894,0.023392334573913296,0.036719165656170026,0.11447440483947345
condition_corrected_pca,primary,train,10,3,cruise,83833,0.01833877348026273,0.005787566300624942,0.02997678770210234,0.05781419923472387,0.11862557495547187
condition_corrected_pca,primary,train,10,3,descent,53790,0.09456543914538533,0.04131067248671087,0.11606323364519203,0.1917462115659421,0.4747051684749347
condition_corrected_pca,primary,train,16,3,climb,52689,0.009894138961025626,0.005712400804124762,0.021020497465594232,0.030751934979414634,0.07362468543075221
condition_corrected_pca,primary,train,16,3,cruise,84042,0.0298758776121751,0.008251820355271054,0.058051804638520096,0.07622777883848451,0.21212217548919413
condition_corrected_pca,primary,train,16,3,descent,57888,0.21470162650801755,0.04304071091768126,0.13852610041060603,0.24580645922636513,0.5547502256880598
condition_corrected_pca,primary,train,all,mixed,climb,209242,0.010506590372270638,0.005967153415359585,0.021348358965936853,0.03315643043153789,0.0855717617617251
condition_corrected_pca,primary,train,all,mixed,cruise,331938,0.02620161670777359,0.007397915131398366,0.051070831708079814,0.07376230994776521,0.16768929417581224
condition_corrected_pca,primary,train,all,mixed,descent,218902,0.12989567492855272,0.04100125890382433,0.12639550274668068,0.23172622404467916,0.518263744118697
condition_corrected_pca,primary,calibration,18,3,climb,56332,0.01188877108427139,0.006208342713585772,0.02007319903349769,0.03240945309137363,0.13115901297025517
condition_corrected_pca,primary,calibration,18,3,cruise,78219,0.032729855689144674,0.00891836121797889,0.029727491819245083,0.06260855951638696,0.14541729471468237
condition_corrected_pca,primary,calibration,18,3,descent,58738,0.1133730479587595,0.04249439511095654,0.10651523994567587,0.21970324018126536,0.5229188176966879
condition_corrected_pca,primary,calibration,20,3,climb,53830,0.014194630794460386,0.008616787772586235,0.02779298078710801,0.040377205539423484,0.08644290094070722
condition_corrected_pca,primary,calibration,20,3,cruise,68886,0.0667956046922082,0.009852533817509525,0.05301292611198341,0.08504308448009937,0.23151544847508918
condition_corrected_pca,primary,calibration,20,3,descent,70638,0.20469186208512136,0.04755523098012217,0.13697068989466857,0.2033055297389618,0.5051342916342448
condition_corrected_pca,primary,calibration,all,mixed,climb,110162,0.01301551558963144,0.007548213553141716,0.024214513246160946,0.037298543205427075,0.10614709961266063
condition_corrected_pca,primary,calibration,all,mixed,cruise,147105,0.04868208835169886,0.00918056869244997,0.03975173849431713,0.07486291133814206,0.17601461251401415
condition_corrected_pca,primary,calibration,all,mixed,descent,129376,0.1632322057025292,0.04471482858415973,0.12778050361797716,0.20870795325388797,0.5117991441192321
condition_corrected_pca,primary,official_test,11,3,climb,53678,0.01227637025456198,0.00789832184852217,0.020585111896031627,0.030153749032207532,0.08428876162586654
condition_corrected_pca,primary,official_test,11,3,cruise,86535,0.03636030497504317,0.008451439595008109,0.043952550808398834,0.07587039470669364,0.1917852224677325
condition_corrected_pca,primary,official_test,11,3,descent,73093,0.10411428185020825,0.041661685353155675,0.12405779792230401,0.2423932263871298,0.5318654493946307
condition_corrected_pca,primary,official_test,14,1,climb,12241,0.02956118510932225,0.016310871184061177,0.04820107428091117,0.0769174196541387,0.29079943615385107
condition_corrected_pca,primary,official_test,14,1,cruise,33377,0.04882626680471797,0.029925215453769964,0.07109251417471912,0.11156818670879273,0.41549108318125755
condition_corrected_pca,primary,official_test,14,1,descent,26650,0.09078872318887073,0.05153849027007823,0.20044740566847385,0.3420502844480787,0.5942051712381095
condition_corrected_pca,primary,official_test,15,2,climb,48789,0.016941025611755447,0.009521557840538911,0.03394460059620266,0.0439432794759318,0.1270376299151311
condition_corrected_pca,primary,official_test,15,2,cruise,53466,0.03714708998739493,0.017908217748323567,0.04888407027323244,0.06882716656809115,0.19358211370848544
condition_corrected_pca,primary,official_test,15,2,descent,45284,0.11295243132681433,0.047938029753053696,0.17893655221921073,0.30064289955540263,0.5405910740664772
condition_corrected_pca,primary,official_test,all,mixed,climb,114708,0.016104937476196325,0.009043339198336987,0.030424983172112563,0.04315295846429171,0.1248369822183676
condition_corrected_pca,primary,official_test,all,mixed,cruise,173378,0.03900275474063889,0.014716113311962934,0.05569332345083005,0.07972947798674837,0.2475190387079997
condition_corrected_pca,primary,official_test,all,mixed,descent,145027,0.10442526271979796,0.04609066386504552,0.15308411932482732,0.2833952787417956,0.5435201338186632
condition_corrected_pca,alt_rate,train,2,3,climb,62603,0.009876759373815179,0.006199780306943428,0.020527993432985732,0.030435726854852397,0.05159079392764572
condition_corrected_pca,alt_rate,train,2,3,cruise,68374,0.026527419031266177,0.008550362118221473,0.03318171273464295,0.06084291914882365,0.16765130851179247
condition_corrected_pca,alt_rate,train,2,3,descent,57886,0.11844567919371593,0.03988838274675638,0.13843823343552636,0.25849595894091526,0.5624972107446542
condition_corrected_pca,alt_rate,train,5,3,climb,53461,0.009905425756412478,0.0055338415209664924,0.01816938924030769,0.03164948988351338,0.07423368118394125
condition_corrected_pca,alt_rate,train,5,3,cruise,77061,0.018708324273684542,0.007261334634117428,0.053926093156379015,0.07353297387323943,0.109579408016654
condition_corrected_pca,alt_rate,train,5,3,descent,58028,0.09307227418408791,0.04157995074453027,0.11719218252549693,0.24425971068307417,0.5219806109682245
condition_corrected_pca,alt_rate,train,10,3,climb,53315,0.01138548441490847,0.005862753447209921,0.023150456797009257,0.0360761643391828,0.11163085864054331
condition_corrected_pca,alt_rate,train,10,3,cruise,76877,0.011789108066047941,0.005533198705147342,0.023152767563292494,0.03698864660651603,0.08714695333402915
condition_corrected_pca,alt_rate,train,10,3,descent,57858,0.09844027065672524,0.04223987850011401,0.11690151272600054,0.19143509295931213,0.4774209064592772
condition_corrected_pca,alt_rate,train,16,3,climb,53813,0.009579037344749622,0.005683269515589757,0.019057519359701777,0.028155114709094563,0.07145675287737442
condition_corrected_pca,alt_rate,train,16,3,cruise,79402,0.022424506872209822,0.007894949998277015,0.0547547819888464,0.06994657243122064,0.1267064748086713
condition_corrected_pca,alt_rate,train,16,3,descent,61404,0.2143958230407759,0.04415541710742435,0.14675014111582044,0.26065183533593905,0.5715541138553013
condition_corrected_pca,alt_rate,train,all,mixed,climb,223192,0.010172239917453921,0.005819764400889577,0.020383163194051437,0.031823417466249365,0.08239618934453938
condition_corrected_pca,alt_rate,train,all,mixed,cruise,301714,0.019695240794789005,0.00717247219424556,0.044268581098811044,0.06461107682642399,0.11692703416675465
condition_corrected_pca,alt_rate,train,all,mixed,descent,235176,0.13231563939268592,0.0419627833031104,0.12923388041803385,0.23885452833600787,0.5302252496931525
condition_corrected_pca,alt_rate,calibration,18,3,climb,59158,0.011611536115149663,0.006062028522680937,0.019464069604475113,0.03143195539371449,0.12911722708536563
condition_corrected_pca,alt_rate,calibration,18,3,cruise,71383,0.01971289043650602,0.008751922255230448,0.02442195198571102,0.034313141757243044,0.12017069628975097
condition_corrected_pca,alt_rate,calibration,18,3,descent,62748,0.12422771107192047,0.04329730916134026,0.10854350727530233,0.2290991249100613,0.5553835265366633
condition_corrected_pca,alt_rate,calibration,20,3,climb,52201,0.014427417482138173,0.00872671538518771,0.028602910176006226,0.04088729264100225,0.08765287188342415
condition_corrected_pca,alt_rate,calibration,20,3,cruise,79401,0.028753140808462467,0.010733218745829791,0.06675859795001578,0.10034983004125668,0.17589601702613203
condition_corrected_pca,alt_rate,calibration,20,3,descent,61752,0.2718656723854165,0.04890625402994167,0.14430568937368177,0.24680573252583446,0.6238815883487377
condition_corrected_pca,alt_rate,calibration,all,mixed,climb,111359,0.012931517645498958,0.007498256073640406,0.02410416303915614,0.03724221817240441,0.10503669507083771
condition_corrected_pca,alt_rate,calibration,all,mixed,cruise,150784,0.024473375101879757,0.00931203645383849,0.043296373488243584,0.07968162569156366,0.1569305171600774
condition_corrected_pca,alt_rate,calibration,all,mixed,descent,124500,0.19745613988341448,0.04554872749155965,0.12974422370814395,0.23939273341104542,0.5794906984030183
condition_corrected_pca,alt_rate,official_test,11,3,climb,58507,0.01200276196338354,0.007679810603694512,0.019779647053429904,0.027680373487449367,0.0818999962494493
condition_corrected_pca,alt_rate,official_test,11,3,cruise,83871,0.027084133739022943,0.008735989874067786,0.036652393323725725,0.06266418241794228,0.1510683781877673
condition_corrected_pca,alt_rate,official_test,11,3,descent,70928,0.11901669611154603,0.04556942634625624,0.132613473550303,0.26341289868896955,0.5873113331586274
condition_corrected_pca,alt_rate,official_test,14,1,climb,13993,0.03183237005123995,0.01581419848641954,0.053795832340161,0.09845940948447479,0.31296514647894835
condition_corrected_pca,alt_rate,official_test,14,1,cruise,30506,0.04720588905185948,0.0298192386143257,0.06719025488791068,0.09988930889558979,0.39876839944452874
condition_corrected_pca,alt_rate,official_test,14,1,descent,27769,0.09094886533561397,0.052800067417620125,0.19769917257446815,0.3416520028751584,0.598470288014825
condition_corrected_pca,alt_rate,official_test,15,2,climb,53843,0.016548044873278833,0.009423230035033947,0.03302713521048968,0.04345189847122815,0.1212296304805787
condition_corrected_pca,alt_rate,official_test,15,2,cruise,43303,0.02521211025760072,0.017789720647113177,0.04043580587266569,0.05475369423929827,0.10297685326165155
condition_corrected_pca,alt_rate,official_test,15,2,descent,50393,0.11796923226330282,0.047750108176833436,0.1728774319460121,0.2923039079847748,0.5434046571051233
condition_corrected_pca,alt_rate,official_test,all,mixed,climb,126343,0.01613601330054402,0.00885182210776582,0.029642412539869722,0.04295175152080192,0.13893045286428232
condition_corrected_pca,alt_rate,official_test,all,mixed,cruise,157680,0.030462939134490757,0.014135738053377634,0.048036626781296145,0.06865964582023494,0.18343994619719695
condition_corrected_pca,alt_rate,official_test,all,mixed,descent,149090,0.11343482986618163,0.047925392723974405,0.15861246946608887,0.29210064626016696,0.5672591795808918
