detector,seed,phase_definition,nominal_fpr,unit,flight_class,phase,healthy_flights,fraction_flights_with_false_alarm,events_per_healthy_flight
pca,-1,primary,0.005,10,3,climb,17,0.5882352941176471,6.411764705882353
pca,-1,primary,0.005,10,3,cruise,17,0.8823529411764706,11.235294117647058
pca,-1,primary,0.005,10,3,descent,17,1.0,29.941176470588236
pca,-1,primary,0.005,10,3,overall,17,1.0,47.529411764705884
pca,-1,primary,0.005,11,3,climb,18,0.3333333333333333,2.6666666666666665
pca,-1,primary,0.005,11,3,cruise,18,0.9444444444444444,14.833333333333334
pca,-1,primary,0.005,11,3,descent,18,1.0,33.611111111111114
pca,-1,primary,0.005,11,3,overall,18,1.0,51.111111111111114
pca,-1,primary,0.005,12,1,climb,36,0.6388888888888888,0.9722222222222222
pca,-1,primary,0.005,12,1,cruise,36,0.6388888888888888,3.2777777777777777
pca,-1,primary,0.005,12,1,descent,36,0.9722222222222222,8.86111111111111
pca,-1,primary,0.005,12,1,overall,36,1.0,13.11111111111111
pca,-1,primary,0.005,13,3,climb,18,0.5,8.444444444444445
pca,-1,primary,0.005,13,3,cruise,18,0.7777777777777778,5.055555555555555
pca,-1,primary,0.005,13,3,descent,18,1.0,28.77777777777778
pca,-1,primary,0.005,13,3,overall,18,1.0,42.27777777777778
pca,-1,primary,0.005,14,1,climb,35,0.5714285714285714,1.1142857142857143
pca,-1,primary,0.005,14,1,cruise,35,0.4857142857142857,4.4
pca,-1,primary,0.005,14,1,descent,35,1.0,10.314285714285715
pca,-1,primary,0.005,14,1,overall,35,1.0,15.82857142857143
pca,-1,primary,0.005,15,2,climb,24,0.4166666666666667,4.666666666666667
pca,-1,primary,0.005,15,2,cruise,24,0.5416666666666666,5.958333333333333
pca,-1,primary,0.005,15,2,descent,24,1.0,15.708333333333334
pca,-1,primary,0.005,15,2,overall,24,1.0,26.333333333333332
pca,-1,primary,0.005,all,mixed,climb,148,0.527027027027027,3.3445945945945947
pca,-1,primary,0.005,all,mixed,cruise,148,0.668918918918919,6.513513513513513
pca,-1,primary,0.005,all,mixed,descent,148,0.9932432432432432,18.16891891891892
pca,-1,primary,0.005,all,mixed,overall,148,1.0,28.02027027027027
pca,-1,primary,0.01,10,3,climb,17,0.7647058823529411,7.764705882352941
pca,-1,primary,0.01,10,3,cruise,17,0.8823529411764706,17.823529411764707
pca,-1,primary,0.01,10,3,descent,17,1.0,49.0
pca,-1,primary,0.01,10,3,overall,17,1.0,74.47058823529412
pca,-1,primary,0.01,11,3,climb,18,0.5555555555555556,2.7222222222222223
pca,-1,primary,0.01,11,3,cruise,18,1.0,23.72222222222222
pca,-1,primary,0.01,11,3,descent,18,1.0,51.333333333333336
pca,-1,primary,0.01,11,3,overall,18,1.0,77.77777777777777
pca,-1,primary,0.01,12,1,climb,36,0.7777777777777778,1.9444444444444444
pca,-1,primary,0.01,12,1,cruise,36,0.7222222222222222,5.361111111111111
pca,-1,primary,0.01,12,1,descent,36,0.9722222222222222,15.944444444444445
pca,-1,primary,0.01,12,1,overall,36,1.0,23.11111111111111
pca,-1,primary,0.01,13,3,climb,18,0.5555555555555556,12.944444444444445
pca,-1,primary,0.01,13,3,cruise,18,0.8333333333333334,11.555555555555555
pca,-1,primary,0.01,13,3,descent,18,1.0,44.388888888888886
pca,-1,primary,0.01,13,3,overall,18,1.0,68.88888888888889
pca,-1,primary,0.01,14,1,climb,35,0.7142857142857143,1.542857142857143
pca,-1,primary,0.01,14,1,cruise,35,0.5714285714285714,6.285714285714286
pca,-1,primary,0.01,14,1,descent,35,1.0,20.02857142857143
pca,-1,primary,0.01,14,1,overall,35,1.0,27.857142857142858
pca,-1,primary,0.01,15,2,climb,24,0.5833333333333334,5.75
pca,-1,primary,0.01,15,2,cruise,24,0.625,7.833333333333333
pca,-1,primary,0.01,15,2,descent,24,1.0,29.458333333333332
pca,-1,primary,0.01,15,2,overall,24,1.0,43.041666666666664
pca,-1,primary,0.01,all,mixed,climb,148,0.6756756756756757,4.5675675675675675
pca,-1,primary,0.01,all,mixed,cruise,148,0.7364864864864865,10.39864864864865
pca,-1,primary,0.01,all,mixed,descent,148,0.9932432432432432,30.66216216216216
pca,-1,primary,0.01,all,mixed,overall,148,1.0,45.58108108108108
pca,-1,primary,0.02,10,3,climb,17,0.7647058823529411,12.588235294117647
pca,-1,primary,0.02,10,3,cruise,17,1.0,35.76470588235294
pca,-1,primary,0.02,10,3,descent,17,1.0,73.23529411764706
pca,-1,primary,0.02,10,3,overall,17,1.0,121.41176470588235
pca,-1,primary,0.02,11,3,climb,18,0.8888888888888888,4.944444444444445
pca,-1,primary,0.02,11,3,cruise,18,1.0,32.111111111111114
pca,-1,primary,0.02,11,3,descent,18,1.0,76.61111111111111
pca,-1,primary,0.02,11,3,overall,18,1.0,113.66666666666667
pca,-1,primary,0.02,12,1,climb,36,0.8055555555555556,2.9722222222222223
pca,-1,primary,0.02,12,1,cruise,36,0.9444444444444444,6.666666666666667
pca,-1,primary,0.02,12,1,descent,36,1.0,28.666666666666668
pca,-1,primary,0.02,12,1,overall,36,1.0,38.166666666666664
pca,-1,primary,0.02,13,3,climb,18,0.6666666666666666,13.444444444444445
pca,-1,primary,0.02,13,3,cruise,18,0.9444444444444444,14.666666666666666
pca,-1,primary,0.02,13,3,descent,18,1.0,72.33333333333333
pca,-1,primary,0.02,13,3,overall,18,1.0,100.33333333333333
pca,-1,primary,0.02,14,1,climb,35,0.7428571428571429,2.0
pca,-1,primary,0.02,14,1,cruise,35,0.7142857142857143,9.914285714285715
pca,-1,primary,0.02,14,1,descent,35,1.0,32.885714285714286
pca,-1,primary,0.02,14,1,overall,35,1.0,44.8
pca,-1,primary,0.02,15,2,climb,24,0.6666666666666666,8.166666666666666
pca,-1,primary,0.02,15,2,cruise,24,0.6666666666666666,10.5
pca,-1,primary,0.02,15,2,descent,24,1.0,48.625
pca,-1,primary,0.02,15,2,overall,24,1.0,67.29166666666667
pca,-1,primary,0.02,all,mixed,climb,148,0.7567567567567568,6.202702702702703
pca,-1,primary,0.02,all,mixed,cruise,148,0.8581081081081081,15.466216216216216
pca,-1,primary,0.02,all,mixed,descent,148,1.0,49.16216216216216
pca,-1,primary,0.02,all,mixed,overall,148,1.0,70.76351351351352
isolation_forest,0,primary,0.005,10,3,climb,17,0.5294117647058824,2.9411764705882355
isolation_forest,0,primary,0.005,10,3,cruise,17,0.8823529411764706,9.705882352941176
isolation_forest,0,primary,0.005,10,3,descent,17,1.0,24.235294117647058
isolation_forest,0,primary,0.005,10,3,overall,17,1.0,36.88235294117647
isolation_forest,0,primary,0.005,11,3,climb,18,0.5555555555555556,1.1666666666666667
isolation_forest,0,primary,0.005,11,3,cruise,18,0.8888888888888888,10.666666666666666
isolation_forest,0,primary,0.005,11,3,descent,18,1.0,23.444444444444443
isolation_forest,0,primary,0.005,11,3,overall,18,1.0,35.27777777777778
isolation_forest,0,primary,0.005,12,1,climb,36,0.7222222222222222,0.9444444444444444
isolation_forest,0,primary,0.005,12,1,cruise,36,0.3611111111111111,1.5277777777777777
isolation_forest,0,primary,0.005,12,1,descent,36,0.9722222222222222,5.444444444444445
isolation_forest,0,primary,0.005,12,1,overall,36,1.0,7.916666666666667
isolation_forest,0,primary,0.005,13,3,climb,18,0.5555555555555556,5.111111111111111
isolation_forest,0,primary,0.005,13,3,cruise,18,0.7777777777777778,5.444444444444445
isolation_forest,0,primary,0.005,13,3,descent,18,1.0,21.555555555555557
isolation_forest,0,primary,0.005,13,3,overall,18,1.0,32.05555555555556
isolation_forest,0,primary,0.005,14,1,climb,35,0.6571428571428571,0.8857142857142857
isolation_forest,0,primary,0.005,14,1,cruise,35,0.5142857142857142,2.8285714285714287
isolation_forest,0,primary,0.005,14,1,descent,35,1.0,5.228571428571429
isolation_forest,0,primary,0.005,14,1,overall,35,1.0,8.942857142857143
isolation_forest,0,primary,0.005,15,2,climb,24,0.5,1.5416666666666667
isolation_forest,0,primary,0.005,15,2,cruise,24,0.5,4.958333333333333
isolation_forest,0,primary,0.005,15,2,descent,24,0.9583333333333334,11.416666666666666
isolation_forest,0,primary,0.005,15,2,overall,24,1.0,17.916666666666668
isolation_forest,0,primary,0.005,all,mixed,climb,148,0.6081081081081081,1.7905405405405406
isolation_forest,0,primary,0.005,all,mixed,cruise,148,0.5945945945945946,4.918918918918919
isolation_forest,0,primary,0.005,all,mixed,descent,148,0.9864864864864865,12.66891891891892
isolation_forest,0,primary,0.005,all,mixed,overall,148,1.0,19.37162162162162
isolation_forest,0,primary,0.01,10,3,climb,17,0.5882352941176471,5.117647058823529
isolation_forest,0,primary,0.01,10,3,cruise,17,0.9411764705882353,12.470588235294118
isolation_forest,0,primary,0.01,10,3,descent,17,1.0,40.411764705882355
isolation_forest,0,primary,0.01,10,3,overall,17,1.0,57.88235294117647
isolation_forest,0,primary,0.01,11,3,climb,18,0.7222222222222222,1.7777777777777777
isolation_forest,0,primary,0.01,11,3,cruise,18,0.9444444444444444,12.5
isolation_forest,0,primary,0.01,11,3,descent,18,1.0,35.55555555555556
isolation_forest,0,primary,0.01,11,3,overall,18,1.0,49.77777777777778
isolation_forest,0,primary,0.01,12,1,climb,36,0.8888888888888888,1.5277777777777777
isolation_forest,0,primary,0.01,12,1,cruise,36,0.5277777777777778,2.388888888888889
isolation_forest,0,primary,0.01,12,1,descent,36,0.9722222222222222,14.86111111111111
isolation_forest,0,primary,0.01,12,1,overall,36,1.0,18.77777777777778
isolation_forest,0,primary,0.01,13,3,climb,18,0.8333333333333334,7.722222222222222
isolation_forest,0,primary,0.01,13,3,cruise,18,0.7777777777777778,8.722222222222221
isolation_forest,0,primary,0.01,13,3,descent,18,1.0,34.22222222222222
isolation_forest,0,primary,0.01,13,3,overall,18,1.0,50.55555555555556
isolation_forest,0,primary,0.01,14,1,climb,35,0.8571428571428571,1.2285714285714286
isolation_forest,0,primary,0.01,14,1,cruise,35,0.6,4.685714285714286
isolation_forest,0,primary,0.01,14,1,descent,35,1.0,14.314285714285715
isolation_forest,0,primary,0.01,14,1,overall,35,1.0,20.228571428571428
isolation_forest,0,primary,0.01,15,2,climb,24,0.8333333333333334,3.25
isolation_forest,0,primary,0.01,15,2,cruise,24,0.5416666666666666,6.5
isolation_forest,0,primary,0.01,15,2,descent,24,1.0,17.416666666666668
isolation_forest,0,primary,0.01,15,2,overall,24,1.0,27.166666666666668
isolation_forest,0,primary,0.01,all,mixed,climb,148,0.8108108108108109,2.9324324324324325
isolation_forest,0,primary,0.01,all,mixed,cruise,148,0.6756756756756757,6.756756756756757
isolation_forest,0,primary,0.01,all,mixed,descent,148,0.9932432432432432,22.9527027027027
isolation_forest,0,primary,0.01,all,mixed,overall,148,1.0,32.608108108108105
isolation_forest,0,primary,0.02,10,3,climb,17,0.9411764705882353,11.588235294117647
isolation_forest,0,primary,0.02,10,3,cruise,17,0.9411764705882353,20.823529411764707
isolation_forest,0,primary,0.02,10,3,descent,17,1.0,68.05882352941177
isolation_forest,0,primary,0.02,10,3,overall,17,1.0,100.3529411764706
isolation_forest,0,primary,0.02,11,3,climb,18,0.8333333333333334,2.5
isolation_forest,0,primary,0.02,11,3,cruise,18,0.9444444444444444,21.166666666666668
isolation_forest,0,primary,0.02,11,3,descent,18,1.0,56.888888888888886
isolation_forest,0,primary,0.02,11,3,overall,18,1.0,80.5
isolation_forest,0,primary,0.02,12,1,climb,36,0.9722222222222222,2.3333333333333335
isolation_forest,0,primary,0.02,12,1,cruise,36,0.75,4.861111111111111
isolation_forest,0,primary,0.02,12,1,descent,36,0.9722222222222222,25.805555555555557
isolation_forest,0,primary,0.02,12,1,overall,36,1.0,33.0
isolation_forest,0,primary,0.02,13,3,climb,18,0.8888888888888888,11.222222222222221
isolation_forest,0,primary,0.02,13,3,cruise,18,0.8333333333333334,10.833333333333334
isolation_forest,0,primary,0.02,13,3,descent,18,1.0,54.5
isolation_forest,0,primary,0.02,13,3,overall,18,1.0,76.44444444444444
isolation_forest,0,primary,0.02,14,1,climb,35,0.9714285714285714,1.542857142857143
isolation_forest,0,primary,0.02,14,1,cruise,35,0.6571428571428571,5.0285714285714285
isolation_forest,0,primary,0.02,14,1,descent,35,1.0,27.857142857142858
isolation_forest,0,primary,0.02,14,1,overall,35,1.0,34.42857142857143
isolation_forest,0,primary,0.02,15,2,climb,24,0.9166666666666666,4.916666666666667
isolation_forest,0,primary,0.02,15,2,cruise,24,0.5833333333333334,8.791666666666666
isolation_forest,0,primary,0.02,15,2,descent,24,1.0,28.583333333333332
isolation_forest,0,primary,0.02,15,2,overall,24,1.0,42.291666666666664
isolation_forest,0,primary,0.02,all,mixed,climb,148,0.9324324324324325,4.72972972972973
isolation_forest,0,primary,0.02,all,mixed,cruise,148,0.7567567567567568,10.08108108108108
isolation_forest,0,primary,0.02,all,mixed,descent,148,0.9932432432432432,38.86486486486486
isolation_forest,0,primary,0.02,all,mixed,overall,148,1.0,53.641891891891895
isolation_forest,1,primary,0.005,10,3,climb,17,0.47058823529411764,2.176470588235294
isolation_forest,1,primary,0.005,10,3,cruise,17,0.8823529411764706,9.235294117647058
isolation_forest,1,primary,0.005,10,3,descent,17,1.0,23.529411764705884
isolation_forest,1,primary,0.005,10,3,overall,17,1.0,34.94117647058823
isolation_forest,1,primary,0.005,11,3,climb,18,0.5555555555555556,1.2777777777777777
isolation_forest,1,primary,0.005,11,3,cruise,18,0.8333333333333334,9.88888888888889
isolation_forest,1,primary,0.005,11,3,descent,18,1.0,21.77777777777778
isolation_forest,1,primary,0.005,11,3,overall,18,1.0,32.94444444444444
isolation_forest,1,primary,0.005,12,1,climb,36,0.6944444444444444,0.9166666666666666
isolation_forest,1,primary,0.005,12,1,cruise,36,0.3333333333333333,1.1666666666666667
isolation_forest,1,primary,0.005,12,1,descent,36,0.9722222222222222,5.083333333333333
isolation_forest,1,primary,0.005,12,1,overall,36,1.0,7.166666666666667
isolation_forest,1,primary,0.005,13,3,climb,18,0.5,4.777777777777778
isolation_forest,1,primary,0.005,13,3,cruise,18,0.6666666666666666,5.277777777777778
isolation_forest,1,primary,0.005,13,3,descent,18,1.0,21.38888888888889
isolation_forest,1,primary,0.005,13,3,overall,18,1.0,31.38888888888889
isolation_forest,1,primary,0.005,14,1,climb,35,0.5428571428571428,0.7428571428571429
isolation_forest,1,primary,0.005,14,1,cruise,35,0.5142857142857142,2.5142857142857142
isolation_forest,1,primary,0.005,14,1,descent,35,0.9714285714285714,4.885714285714286
isolation_forest,1,primary,0.005,14,1,overall,35,1.0,8.142857142857142
isolation_forest,1,primary,0.005,15,2,climb,24,0.5,1.5
isolation_forest,1,primary,0.005,15,2,cruise,24,0.5,4.625
isolation_forest,1,primary,0.005,15,2,descent,24,0.9583333333333334,10.5
isolation_forest,1,primary,0.005,15,2,overall,24,1.0,16.625
isolation_forest,1,primary,0.005,all,mixed,climb,148,0.5608108108108109,1.6283783783783783
isolation_forest,1,primary,0.005,all,mixed,cruise,148,0.5675675675675675,4.533783783783784
isolation_forest,1,primary,0.005,all,mixed,descent,148,0.9797297297297297,12.047297297297296
isolation_forest,1,primary,0.005,all,mixed,overall,148,1.0,18.2027027027027
isolation_forest,1,primary,0.01,10,3,climb,17,0.6470588235294118,4.0
isolation_forest,1,primary,0.01,10,3,cruise,17,0.9411764705882353,11.470588235294118
isolation_forest,1,primary,0.01,10,3,descent,17,1.0,36.35294117647059
isolation_forest,1,primary,0.01,10,3,overall,17,1.0,51.705882352941174
isolation_forest,1,primary,0.01,11,3,climb,18,0.7222222222222222,1.7777777777777777
isolation_forest,1,primary,0.01,11,3,cruise,18,0.9444444444444444,12.5
isolation_forest,1,primary,0.01,11,3,descent,18,1.0,34.77777777777778
isolation_forest,1,primary,0.01,11,3,overall,18,1.0,49.0
isolation_forest,1,primary,0.01,12,1,climb,36,0.8888888888888888,1.4166666666666667
isolation_forest,1,primary,0.01,12,1,cruise,36,0.4722222222222222,2.361111111111111
isolation_forest,1,primary,0.01,12,1,descent,36,0.9722222222222222,12.916666666666666
isolation_forest,1,primary,0.01,12,1,overall,36,1.0,16.694444444444443
isolation_forest,1,primary,0.01,13,3,climb,18,0.8333333333333334,6.722222222222222
isolation_forest,1,primary,0.01,13,3,cruise,18,0.7777777777777778,9.055555555555555
isolation_forest,1,primary,0.01,13,3,descent,18,1.0,33.05555555555556
isolation_forest,1,primary,0.01,13,3,overall,18,1.0,48.72222222222222
isolation_forest,1,primary,0.01,14,1,climb,35,0.8285714285714286,1.1714285714285715
isolation_forest,1,primary,0.01,14,1,cruise,35,0.6,4.2
isolation_forest,1,primary,0.01,14,1,descent,35,1.0,11.4
isolation_forest,1,primary,0.01,14,1,overall,35,1.0,16.771428571428572
isolation_forest,1,primary,0.01,15,2,climb,24,0.8333333333333334,2.9583333333333335
isolation_forest,1,primary,0.01,15,2,cruise,24,0.5,5.75
isolation_forest,1,primary,0.01,15,2,descent,24,1.0,16.791666666666668
isolation_forest,1,primary,0.01,15,2,overall,24,1.0,25.5
isolation_forest,1,primary,0.01,all,mixed,climb,148,0.8108108108108109,2.5945945945945947
isolation_forest,1,primary,0.01,all,mixed,cruise,148,0.6554054054054054,6.4391891891891895
isolation_forest,1,primary,0.01,all,mixed,descent,148,0.9932432432432432,20.986486486486488
isolation_forest,1,primary,0.01,all,mixed,overall,148,1.0,29.986486486486488
isolation_forest,1,primary,0.02,10,3,climb,17,0.8235294117647058,8.470588235294118
isolation_forest,1,primary,0.02,10,3,cruise,17,0.9411764705882353,18.058823529411764
isolation_forest,1,primary,0.02,10,3,descent,17,1.0,63.76470588235294
isolation_forest,1,primary,0.02,10,3,overall,17,1.0,90.11764705882354
isolation_forest,1,primary,0.02,11,3,climb,18,0.8333333333333334,2.3333333333333335
isolation_forest,1,primary,0.02,11,3,cruise,18,0.9444444444444444,21.0
isolation_forest,1,primary,0.02,11,3,descent,18,1.0,52.888888888888886
isolation_forest,1,primary,0.02,11,3,overall,18,1.0,76.16666666666667
isolation_forest,1,primary,0.02,12,1,climb,36,0.9722222222222222,2.3055555555555554
isolation_forest,1,primary,0.02,12,1,cruise,36,0.6944444444444444,4.416666666666667
isolation_forest,1,primary,0.02,12,1,descent,36,0.9722222222222222,22.75
isolation_forest,1,primary,0.02,12,1,overall,36,1.0,29.47222222222222
isolation_forest,1,primary,0.02,13,3,climb,18,0.8888888888888888,10.055555555555555
isolation_forest,1,primary,0.02,13,3,cruise,18,0.8333333333333334,11.444444444444445
isolation_forest,1,primary,0.02,13,3,descent,18,1.0,52.44444444444444
isolation_forest,1,primary,0.02,13,3,overall,18,1.0,73.77777777777777
isolation_forest,1,primary,0.02,14,1,climb,35,0.9714285714285714,1.6
isolation_forest,1,primary,0.02,14,1,cruise,35,0.6571428571428571,4.6
isolation_forest,1,primary,0.02,14,1,descent,35,1.0,24.285714285714285
isolation_forest,1,primary,0.02,14,1,overall,35,1.0,30.485714285714284
isolation_forest,1,primary,0.02,15,2,climb,24,0.9166666666666666,5.125
isolation_forest,1,primary,0.02,15,2,cruise,24,0.5833333333333334,8.375
isolation_forest,1,primary,0.02,15,2,descent,24,1.0,25.375
isolation_forest,1,primary,0.02,15,2,overall,24,1.0,38.875
isolation_forest,1,primary,0.02,all,mixed,climb,148,0.918918918918919,4.25
isolation_forest,1,primary,0.02,all,mixed,cruise,148,0.7432432432432432,9.54054054054054
isolation_forest,1,primary,0.02,all,mixed,descent,148,0.9932432432432432,35.527027027027025
isolation_forest,1,primary,0.02,all,mixed,overall,148,1.0,49.270270270270274
isolation_forest,2,primary,0.005,10,3,climb,17,0.5294117647058824,2.8823529411764706
isolation_forest,2,primary,0.005,10,3,cruise,17,0.8823529411764706,10.235294117647058
isolation_forest,2,primary,0.005,10,3,descent,17,1.0,23.823529411764707
isolation_forest,2,primary,0.005,10,3,overall,17,1.0,36.94117647058823
isolation_forest,2,primary,0.005,11,3,climb,18,0.5555555555555556,1.0
isolation_forest,2,primary,0.005,11,3,cruise,18,0.8888888888888888,11.277777777777779
isolation_forest,2,primary,0.005,11,3,descent,18,1.0,21.5
isolation_forest,2,primary,0.005,11,3,overall,18,1.0,33.72222222222222
isolation_forest,2,primary,0.005,12,1,climb,36,0.6944444444444444,1.0277777777777777
isolation_forest,2,primary,0.005,12,1,cruise,36,0.3333333333333333,1.3888888888888888
isolation_forest,2,primary,0.005,12,1,descent,36,0.9444444444444444,5.25
isolation_forest,2,primary,0.005,12,1,overall,36,1.0,7.666666666666667
isolation_forest,2,primary,0.005,13,3,climb,18,0.5,5.166666666666667
isolation_forest,2,primary,0.005,13,3,cruise,18,0.7777777777777778,5.833333333333333
isolation_forest,2,primary,0.005,13,3,descent,18,1.0,20.833333333333332
isolation_forest,2,primary,0.005,13,3,overall,18,1.0,31.77777777777778
isolation_forest,2,primary,0.005,14,1,climb,35,0.5714285714285714,0.7714285714285715
isolation_forest,2,primary,0.005,14,1,cruise,35,0.5142857142857142,2.7142857142857144
isolation_forest,2,primary,0.005,14,1,descent,35,0.9714285714285714,4.914285714285715
isolation_forest,2,primary,0.005,14,1,overall,35,1.0,8.4
isolation_forest,2,primary,0.005,15,2,climb,24,0.5416666666666666,1.625
isolation_forest,2,primary,0.005,15,2,cruise,24,0.5,4.916666666666667
isolation_forest,2,primary,0.005,15,2,descent,24,1.0,10.833333333333334
isolation_forest,2,primary,0.005,15,2,overall,24,1.0,17.375
isolation_forest,2,primary,0.005,all,mixed,climb,148,0.581081081081081,1.777027027027027
isolation_forest,2,primary,0.005,all,mixed,cruise,148,0.5878378378378378,5.033783783783784
isolation_forest,2,primary,0.005,all,mixed,descent,148,0.9797297297297297,12.08108108108108
isolation_forest,2,primary,0.005,all,mixed,overall,148,1.0,18.87837837837838
isolation_forest,2,primary,0.01,10,3,climb,17,0.6470588235294118,4.764705882352941
isolation_forest,2,primary,0.01,10,3,cruise,17,0.9411764705882353,12.294117647058824
isolation_forest,2,primary,0.01,10,3,descent,17,1.0,39.1764705882353
isolation_forest,2,primary,0.01,10,3,overall,17,1.0,56.11764705882353
isolation_forest,2,primary,0.01,11,3,climb,18,0.6666666666666666,1.7222222222222223
isolation_forest,2,primary,0.01,11,3,cruise,18,0.9444444444444444,13.88888888888889
isolation_forest,2,primary,0.01,11,3,descent,18,1.0,34.77777777777778
isolation_forest,2,primary,0.01,11,3,overall,18,1.0,50.333333333333336
isolation_forest,2,primary,0.01,12,1,climb,36,0.8611111111111112,1.4444444444444444
isolation_forest,2,primary,0.01,12,1,cruise,36,0.5,2.4444444444444446
isolation_forest,2,primary,0.01,12,1,descent,36,0.9722222222222222,12.972222222222221
isolation_forest,2,primary,0.01,12,1,overall,36,1.0,16.86111111111111
isolation_forest,2,primary,0.01,13,3,climb,18,0.7777777777777778,7.611111111111111
isolation_forest,2,primary,0.01,13,3,cruise,18,0.7777777777777778,10.5
isolation_forest,2,primary,0.01,13,3,descent,18,1.0,31.61111111111111
isolation_forest,2,primary,0.01,13,3,overall,18,1.0,49.611111111111114
isolation_forest,2,primary,0.01,14,1,climb,35,0.8,1.2
isolation_forest,2,primary,0.01,14,1,cruise,35,0.6,4.3428571428571425
isolation_forest,2,primary,0.01,14,1,descent,35,1.0,12.657142857142857
isolation_forest,2,primary,0.01,14,1,overall,35,1.0,18.2
isolation_forest,2,primary,0.01,15,2,climb,24,0.7916666666666666,3.0416666666666665
isolation_forest,2,primary,0.01,15,2,cruise,24,0.5,6.625
isolation_forest,2,primary,0.01,15,2,descent,24,1.0,16.416666666666668
isolation_forest,2,primary,0.01,15,2,overall,24,1.0,26.083333333333332
isolation_forest,2,primary,0.01,all,mixed,climb,148,0.777027027027027,2.810810810810811
isolation_forest,2,primary,0.01,all,mixed,cruise,148,0.6621621621621622,7.074324324324325
isolation_forest,2,primary,0.01,all,mixed,descent,148,0.9932432432432432,21.385135135135137
isolation_forest,2,primary,0.01,all,mixed,overall,148,1.0,31.236486486486488
isolation_forest,2,primary,0.02,10,3,climb,17,0.8823529411764706,10.764705882352942
isolation_forest,2,primary,0.02,10,3,cruise,17,0.9411764705882353,25.470588235294116
isolation_forest,2,primary,0.02,10,3,descent,17,1.0,71.17647058823529
isolation_forest,2,primary,0.02,10,3,overall,17,1.0,107.23529411764706
isolation_forest,2,primary,0.02,11,3,climb,18,0.8333333333333334,2.6666666666666665
isolation_forest,2,primary,0.02,11,3,cruise,18,1.0,24.61111111111111
isolation_forest,2,primary,0.02,11,3,descent,18,1.0,56.77777777777778
isolation_forest,2,primary,0.02,11,3,overall,18,1.0,84.0
isolation_forest,2,primary,0.02,12,1,climb,36,0.9444444444444444,2.5277777777777777
isolation_forest,2,primary,0.02,12,1,cruise,36,0.8055555555555556,4.416666666666667
isolation_forest,2,primary,0.02,12,1,descent,36,0.9722222222222222,25.63888888888889
isolation_forest,2,primary,0.02,12,1,overall,36,1.0,32.583333333333336
isolation_forest,2,primary,0.02,13,3,climb,18,0.8888888888888888,10.333333333333334
isolation_forest,2,primary,0.02,13,3,cruise,18,0.8888888888888888,13.0
isolation_forest,2,primary,0.02,13,3,descent,18,1.0,49.5
isolation_forest,2,primary,0.02,13,3,overall,18,1.0,72.66666666666667
isolation_forest,2,primary,0.02,14,1,climb,35,0.9428571428571428,1.6
isolation_forest,2,primary,0.02,14,1,cruise,35,0.6571428571428571,5.114285714285714
isolation_forest,2,primary,0.02,14,1,descent,35,1.0,26.97142857142857
isolation_forest,2,primary,0.02,14,1,overall,35,1.0,33.68571428571428
isolation_forest,2,primary,0.02,15,2,climb,24,0.9166666666666666,5.333333333333333
isolation_forest,2,primary,0.02,15,2,cruise,24,0.5416666666666666,9.666666666666666
isolation_forest,2,primary,0.02,15,2,descent,24,1.0,27.208333333333332
isolation_forest,2,primary,0.02,15,2,overall,24,1.0,42.208333333333336
isolation_forest,2,primary,0.02,all,mixed,climb,148,0.9121621621621622,4.675675675675675
isolation_forest,2,primary,0.02,all,mixed,cruise,148,0.777027027027027,11.35135135135135
isolation_forest,2,primary,0.02,all,mixed,descent,148,0.9932432432432432,38.12837837837838
isolation_forest,2,primary,0.02,all,mixed,overall,148,1.0,54.108108108108105
lstm_autoencoder,0,primary,0.005,10,3,climb,17,1.0,3.8823529411764706
lstm_autoencoder,0,primary,0.005,10,3,cruise,17,0.9411764705882353,9.588235294117647
lstm_autoencoder,0,primary,0.005,10,3,descent,17,1.0,19.176470588235293
lstm_autoencoder,0,primary,0.005,10,3,overall,17,1.0,32.588235294117645
lstm_autoencoder,0,primary,0.005,11,3,climb,18,1.0,2.2222222222222223
lstm_autoencoder,0,primary,0.005,11,3,cruise,18,0.9444444444444444,11.833333333333334
lstm_autoencoder,0,primary,0.005,11,3,descent,18,1.0,20.833333333333332
lstm_autoencoder,0,primary,0.005,11,3,overall,18,1.0,34.888888888888886
lstm_autoencoder,0,primary,0.005,12,1,climb,36,1.0,2.0
lstm_autoencoder,0,primary,0.005,12,1,cruise,36,0.6388888888888888,2.0555555555555554
lstm_autoencoder,0,primary,0.005,12,1,descent,36,0.9722222222222222,4.638888888888889
lstm_autoencoder,0,primary,0.005,12,1,overall,36,1.0,8.694444444444445
lstm_autoencoder,0,primary,0.005,13,3,climb,18,1.0,7.611111111111111
lstm_autoencoder,0,primary,0.005,13,3,cruise,18,0.8888888888888888,7.722222222222222
lstm_autoencoder,0,primary,0.005,13,3,descent,18,1.0,16.38888888888889
lstm_autoencoder,0,primary,0.005,13,3,overall,18,1.0,31.72222222222222
lstm_autoencoder,0,primary,0.005,14,1,climb,35,1.0,1.5714285714285714
lstm_autoencoder,0,primary,0.005,14,1,cruise,35,0.7142857142857143,3.342857142857143
lstm_autoencoder,0,primary,0.005,14,1,descent,35,0.9428571428571428,4.685714285714286
lstm_autoencoder,0,primary,0.005,14,1,overall,35,1.0,9.6
lstm_autoencoder,0,primary,0.005,15,2,climb,24,1.0,3.1666666666666665
lstm_autoencoder,0,primary,0.005,15,2,cruise,24,0.5,4.625
lstm_autoencoder,0,primary,0.005,15,2,descent,24,1.0,8.25
lstm_autoencoder,0,primary,0.005,15,2,overall,24,1.0,16.0
lstm_autoencoder,0,primary,0.005,all,mixed,climb,148,1.0,3.0135135135135136
lstm_autoencoder,0,primary,0.005,all,mixed,cruise,148,0.7364864864864865,5.52027027027027
lstm_autoencoder,0,primary,0.005,all,mixed,descent,148,0.9797297297297297,10.304054054054054
lstm_autoencoder,0,primary,0.005,all,mixed,overall,148,1.0,18.824324324324323
lstm_autoencoder,0,primary,0.01,10,3,climb,17,1.0,13.058823529411764
lstm_autoencoder,0,primary,0.01,10,3,cruise,17,1.0,31.58823529411765
lstm_autoencoder,0,primary,0.01,10,3,descent,17,1.0,52.23529411764706
lstm_autoencoder,0,primary,0.01,10,3,overall,17,1.0,96.70588235294117
lstm_autoencoder,0,primary,0.01,11,3,climb,18,1.0,4.833333333333333
lstm_autoencoder,0,primary,0.01,11,3,cruise,18,1.0,28.11111111111111
lstm_autoencoder,0,primary,0.01,11,3,descent,18,1.0,47.111111111111114
lstm_autoencoder,0,primary,0.01,11,3,overall,18,1.0,80.05555555555556
lstm_autoencoder,0,primary,0.01,12,1,climb,36,1.0,3.6666666666666665
lstm_autoencoder,0,primary,0.01,12,1,cruise,36,0.9444444444444444,3.5833333333333335
lstm_autoencoder,0,primary,0.01,12,1,descent,36,1.0,13.833333333333334
lstm_autoencoder,0,primary,0.01,12,1,overall,36,1.0,21.083333333333332
lstm_autoencoder,0,primary,0.01,13,3,climb,18,1.0,12.0
lstm_autoencoder,0,primary,0.01,13,3,cruise,18,1.0,21.833333333333332
lstm_autoencoder,0,primary,0.01,13,3,descent,18,1.0,39.166666666666664
lstm_autoencoder,0,primary,0.01,13,3,overall,18,1.0,72.94444444444444
lstm_autoencoder,0,primary,0.01,14,1,climb,35,1.0,2.657142857142857
lstm_autoencoder,0,primary,0.01,14,1,cruise,35,0.8571428571428571,6.057142857142857
lstm_autoencoder,0,primary,0.01,14,1,descent,35,1.0,13.142857142857142
lstm_autoencoder,0,primary,0.01,14,1,overall,35,1.0,21.857142857142858
lstm_autoencoder,0,primary,0.01,15,2,climb,24,1.0,5.5
lstm_autoencoder,0,primary,0.01,15,2,cruise,24,1.0,9.041666666666666
lstm_autoencoder,0,primary,0.01,15,2,descent,24,1.0,21.916666666666668
lstm_autoencoder,0,primary,0.01,15,2,overall,24,1.0,36.416666666666664
lstm_autoencoder,0,primary,0.01,all,mixed,climb,148,1.0,5.95945945945946
lstm_autoencoder,0,primary,0.01,all,mixed,cruise,148,0.9527027027027027,13.472972972972974
lstm_autoencoder,0,primary,0.01,all,mixed,descent,148,1.0,26.52027027027027
lstm_autoencoder,0,primary,0.01,all,mixed,overall,148,1.0,45.91891891891892
lstm_autoencoder,0,primary,0.02,10,3,climb,17,1.0,27.058823529411764
lstm_autoencoder,0,primary,0.02,10,3,cruise,17,1.0,66.6470588235294
lstm_autoencoder,0,primary,0.02,10,3,descent,17,1.0,86.3529411764706
lstm_autoencoder,0,primary,0.02,10,3,overall,17,1.0,179.7058823529412
lstm_autoencoder,0,primary,0.02,11,3,climb,18,1.0,10.444444444444445
lstm_autoencoder,0,primary,0.02,11,3,cruise,18,1.0,53.611111111111114
lstm_autoencoder,0,primary,0.02,11,3,descent,18,1.0,76.66666666666667
lstm_autoencoder,0,primary,0.02,11,3,overall,18,1.0,140.66666666666666
lstm_autoencoder,0,primary,0.02,12,1,climb,36,1.0,7.416666666666667
lstm_autoencoder,0,primary,0.02,12,1,cruise,36,1.0,5.75
lstm_autoencoder,0,primary,0.02,12,1,descent,36,1.0,27.38888888888889
lstm_autoencoder,0,primary,0.02,12,1,overall,36,1.0,40.55555555555556
lstm_autoencoder,0,primary,0.02,13,3,climb,18,1.0,16.444444444444443
lstm_autoencoder,0,primary,0.02,13,3,cruise,18,1.0,34.611111111111114
lstm_autoencoder,0,primary,0.02,13,3,descent,18,1.0,69.88888888888889
lstm_autoencoder,0,primary,0.02,13,3,overall,18,1.0,120.77777777777777
lstm_autoencoder,0,primary,0.02,14,1,climb,35,1.0,5.0
lstm_autoencoder,0,primary,0.02,14,1,cruise,35,1.0,8.885714285714286
lstm_autoencoder,0,primary,0.02,14,1,descent,35,1.0,26.02857142857143
lstm_autoencoder,0,primary,0.02,14,1,overall,35,1.0,39.91428571428571
lstm_autoencoder,0,primary,0.02,15,2,climb,24,1.0,10.0
lstm_autoencoder,0,primary,0.02,15,2,cruise,24,1.0,16.416666666666668
lstm_autoencoder,0,primary,0.02,15,2,descent,24,1.0,35.125
lstm_autoencoder,0,primary,0.02,15,2,overall,24,1.0,61.458333333333336
lstm_autoencoder,0,primary,0.02,all,mixed,climb,148,1.0,10.986486486486486
lstm_autoencoder,0,primary,0.02,all,mixed,cruise,148,1.0,24.5472972972973
lstm_autoencoder,0,primary,0.02,all,mixed,descent,148,1.0,46.25675675675676
lstm_autoencoder,0,primary,0.02,all,mixed,overall,148,1.0,81.70945945945945
lstm_autoencoder,1,primary,0.005,10,3,climb,17,1.0,3.9411764705882355
lstm_autoencoder,1,primary,0.005,10,3,cruise,17,0.9411764705882353,9.764705882352942
lstm_autoencoder,1,primary,0.005,10,3,descent,17,1.0,17.529411764705884
lstm_autoencoder,1,primary,0.005,10,3,overall,17,1.0,31.176470588235293
lstm_autoencoder,1,primary,0.005,11,3,climb,18,1.0,2.8333333333333335
lstm_autoencoder,1,primary,0.005,11,3,cruise,18,0.9444444444444444,12.61111111111111
lstm_autoencoder,1,primary,0.005,11,3,descent,18,1.0,17.72222222222222
lstm_autoencoder,1,primary,0.005,11,3,overall,18,1.0,33.166666666666664
lstm_autoencoder,1,primary,0.005,12,1,climb,36,1.0,1.8611111111111112
lstm_autoencoder,1,primary,0.005,12,1,cruise,36,0.5277777777777778,1.7777777777777777
lstm_autoencoder,1,primary,0.005,12,1,descent,36,0.8055555555555556,3.5833333333333335
lstm_autoencoder,1,primary,0.005,12,1,overall,36,1.0,7.222222222222222
lstm_autoencoder,1,primary,0.005,13,3,climb,18,1.0,7.0
lstm_autoencoder,1,primary,0.005,13,3,cruise,18,0.8333333333333334,8.555555555555555
lstm_autoencoder,1,primary,0.005,13,3,descent,18,1.0,14.777777777777779
lstm_autoencoder,1,primary,0.005,13,3,overall,18,1.0,30.333333333333332
lstm_autoencoder,1,primary,0.005,14,1,climb,35,1.0,1.2857142857142858
lstm_autoencoder,1,primary,0.005,14,1,cruise,35,0.6285714285714286,2.7714285714285714
lstm_autoencoder,1,primary,0.005,14,1,descent,35,0.8,3.4
lstm_autoencoder,1,primary,0.005,14,1,overall,35,1.0,7.457142857142857
lstm_autoencoder,1,primary,0.005,15,2,climb,24,1.0,2.875
lstm_autoencoder,1,primary,0.005,15,2,cruise,24,0.5833333333333334,4.666666666666667
lstm_autoencoder,1,primary,0.005,15,2,descent,24,1.0,7.916666666666667
lstm_autoencoder,1,primary,0.005,15,2,overall,24,1.0,15.416666666666666
lstm_autoencoder,1,primary,0.005,all,mixed,climb,148,1.0,2.8716216216216215
lstm_autoencoder,1,primary,0.005,all,mixed,cruise,148,0.6959459459459459,5.54054054054054
lstm_autoencoder,1,primary,0.005,all,mixed,descent,148,0.9054054054054054,8.925675675675675
lstm_autoencoder,1,primary,0.005,all,mixed,overall,148,1.0,17.324324324324323
lstm_autoencoder,1,primary,0.01,10,3,climb,17,1.0,10.470588235294118
lstm_autoencoder,1,primary,0.01,10,3,cruise,17,0.9411764705882353,34.88235294117647
lstm_autoencoder,1,primary,0.01,10,3,descent,17,1.0,46.11764705882353
lstm_autoencoder,1,primary,0.01,10,3,overall,17,1.0,91.29411764705883
lstm_autoencoder,1,primary,0.01,11,3,climb,18,1.0,5.055555555555555
lstm_autoencoder,1,primary,0.01,11,3,cruise,18,1.0,26.22222222222222
lstm_autoencoder,1,primary,0.01,11,3,descent,18,1.0,43.05555555555556
lstm_autoencoder,1,primary,0.01,11,3,overall,18,1.0,74.33333333333333
lstm_autoencoder,1,primary,0.01,12,1,climb,36,1.0,3.861111111111111
lstm_autoencoder,1,primary,0.01,12,1,cruise,36,0.9444444444444444,3.611111111111111
lstm_autoencoder,1,primary,0.01,12,1,descent,36,1.0,13.11111111111111
lstm_autoencoder,1,primary,0.01,12,1,overall,36,1.0,20.583333333333332
lstm_autoencoder,1,primary,0.01,13,3,climb,18,1.0,11.444444444444445
lstm_autoencoder,1,primary,0.01,13,3,cruise,18,1.0,19.833333333333332
lstm_autoencoder,1,primary,0.01,13,3,descent,18,1.0,35.05555555555556
lstm_autoencoder,1,primary,0.01,13,3,overall,18,1.0,66.27777777777777
lstm_autoencoder,1,primary,0.01,14,1,climb,35,1.0,2.7714285714285714
lstm_autoencoder,1,primary,0.01,14,1,cruise,35,0.8571428571428571,5.228571428571429
lstm_autoencoder,1,primary,0.01,14,1,descent,35,1.0,11.285714285714286
lstm_autoencoder,1,primary,0.01,14,1,overall,35,1.0,19.285714285714285
lstm_autoencoder,1,primary,0.01,15,2,climb,24,1.0,5.416666666666667
lstm_autoencoder,1,primary,0.01,15,2,cruise,24,0.875,9.625
lstm_autoencoder,1,primary,0.01,15,2,descent,24,1.0,20.458333333333332
lstm_autoencoder,1,primary,0.01,15,2,overall,24,1.0,35.416666666666664
lstm_autoencoder,1,primary,0.01,all,mixed,climb,148,1.0,5.6824324324324325
lstm_autoencoder,1,primary,0.01,all,mixed,cruise,148,0.9256756756756757,13.283783783783784
lstm_autoencoder,1,primary,0.01,all,mixed,descent,148,1.0,23.972972972972972
lstm_autoencoder,1,primary,0.01,all,mixed,overall,148,1.0,42.898648648648646
lstm_autoencoder,1,primary,0.02,10,3,climb,17,1.0,23.823529411764707
lstm_autoencoder,1,primary,0.02,10,3,cruise,17,1.0,68.58823529411765
lstm_autoencoder,1,primary,0.02,10,3,descent,17,1.0,90.82352941176471
lstm_autoencoder,1,primary,0.02,10,3,overall,17,1.0,182.88235294117646
lstm_autoencoder,1,primary,0.02,11,3,climb,18,1.0,8.722222222222221
lstm_autoencoder,1,primary,0.02,11,3,cruise,18,1.0,54.0
lstm_autoencoder,1,primary,0.02,11,3,descent,18,1.0,72.16666666666667
lstm_autoencoder,1,primary,0.02,11,3,overall,18,1.0,134.83333333333334
lstm_autoencoder,1,primary,0.02,12,1,climb,36,1.0,7.944444444444445
lstm_autoencoder,1,primary,0.02,12,1,cruise,36,0.9722222222222222,6.888888888888889
lstm_autoencoder,1,primary,0.02,12,1,descent,36,1.0,27.36111111111111
lstm_autoencoder,1,primary,0.02,12,1,overall,36,1.0,42.19444444444444
lstm_autoencoder,1,primary,0.02,13,3,climb,18,1.0,16.944444444444443
lstm_autoencoder,1,primary,0.02,13,3,cruise,18,1.0,37.44444444444444
lstm_autoencoder,1,primary,0.02,13,3,descent,18,1.0,70.88888888888889
lstm_autoencoder,1,primary,0.02,13,3,overall,18,1.0,125.16666666666667
lstm_autoencoder,1,primary,0.02,14,1,climb,35,1.0,5.0285714285714285
lstm_autoencoder,1,primary,0.02,14,1,cruise,35,0.9714285714285714,9.82857142857143
lstm_autoencoder,1,primary,0.02,14,1,descent,35,1.0,22.571428571428573
lstm_autoencoder,1,primary,0.02,14,1,overall,35,1.0,37.42857142857143
lstm_autoencoder,1,primary,0.02,15,2,climb,24,1.0,9.958333333333334
lstm_autoencoder,1,primary,0.02,15,2,cruise,24,1.0,18.375
lstm_autoencoder,1,primary,0.02,15,2,descent,24,1.0,33.458333333333336
lstm_autoencoder,1,primary,0.02,15,2,overall,24,1.0,61.708333333333336
lstm_autoencoder,1,primary,0.02,all,mixed,climb,148,1.0,10.594594594594595
lstm_autoencoder,1,primary,0.02,all,mixed,cruise,148,0.9864864864864865,25.97972972972973
lstm_autoencoder,1,primary,0.02,all,mixed,descent,148,1.0,45.25
lstm_autoencoder,1,primary,0.02,all,mixed,overall,148,1.0,81.75
lstm_autoencoder,2,primary,0.005,10,3,climb,17,1.0,3.823529411764706
lstm_autoencoder,2,primary,0.005,10,3,cruise,17,0.8823529411764706,10.235294117647058
lstm_autoencoder,2,primary,0.005,10,3,descent,17,1.0,18.41176470588235
lstm_autoencoder,2,primary,0.005,10,3,overall,17,1.0,32.411764705882355
lstm_autoencoder,2,primary,0.005,11,3,climb,18,1.0,2.4444444444444446
lstm_autoencoder,2,primary,0.005,11,3,cruise,18,0.9444444444444444,11.555555555555555
lstm_autoencoder,2,primary,0.005,11,3,descent,18,1.0,17.666666666666668
lstm_autoencoder,2,primary,0.005,11,3,overall,18,1.0,31.666666666666668
lstm_autoencoder,2,primary,0.005,12,1,climb,36,1.0,1.5
lstm_autoencoder,2,primary,0.005,12,1,cruise,36,0.3888888888888889,1.2777777777777777
lstm_autoencoder,2,primary,0.005,12,1,descent,36,0.7222222222222222,3.2777777777777777
lstm_autoencoder,2,primary,0.005,12,1,overall,36,1.0,6.055555555555555
lstm_autoencoder,2,primary,0.005,13,3,climb,18,1.0,7.555555555555555
lstm_autoencoder,2,primary,0.005,13,3,cruise,18,0.8888888888888888,7.555555555555555
lstm_autoencoder,2,primary,0.005,13,3,descent,18,1.0,14.277777777777779
lstm_autoencoder,2,primary,0.005,13,3,overall,18,1.0,29.38888888888889
lstm_autoencoder,2,primary,0.005,14,1,climb,35,1.0,1.3714285714285714
lstm_autoencoder,2,primary,0.005,14,1,cruise,35,0.4857142857142857,2.8857142857142857
lstm_autoencoder,2,primary,0.005,14,1,descent,35,0.6571428571428571,2.742857142857143
lstm_autoencoder,2,primary,0.005,14,1,overall,35,1.0,7.0
lstm_autoencoder,2,primary,0.005,15,2,climb,24,1.0,3.4583333333333335
lstm_autoencoder,2,primary,0.005,15,2,cruise,24,0.5,4.541666666666667
lstm_autoencoder,2,primary,0.005,15,2,descent,24,0.9166666666666666,6.0
lstm_autoencoder,2,primary,0.005,15,2,overall,24,1.0,13.958333333333334
lstm_autoencoder,2,primary,0.005,all,mixed,climb,148,1.0,2.9054054054054053
lstm_autoencoder,2,primary,0.005,all,mixed,cruise,148,0.6148648648648649,5.22972972972973
lstm_autoencoder,2,primary,0.005,all,mixed,descent,148,0.8378378378378378,8.41891891891892
lstm_autoencoder,2,primary,0.005,all,mixed,overall,148,1.0,16.54054054054054
lstm_autoencoder,2,primary,0.01,10,3,climb,17,1.0,10.117647058823529
lstm_autoencoder,2,primary,0.01,10,3,cruise,17,1.0,35.705882352941174
lstm_autoencoder,2,primary,0.01,10,3,descent,17,1.0,46.23529411764706
lstm_autoencoder,2,primary,0.01,10,3,overall,17,1.0,91.82352941176471
lstm_autoencoder,2,primary,0.01,11,3,climb,18,1.0,4.555555555555555
lstm_autoencoder,2,primary,0.01,11,3,cruise,18,1.0,25.333333333333332
lstm_autoencoder,2,primary,0.01,11,3,descent,18,1.0,42.94444444444444
lstm_autoencoder,2,primary,0.01,11,3,overall,18,1.0,72.83333333333333
lstm_autoencoder,2,primary,0.01,12,1,climb,36,1.0,3.4722222222222223
lstm_autoencoder,2,primary,0.01,12,1,cruise,36,0.8333333333333334,3.111111111111111
lstm_autoencoder,2,primary,0.01,12,1,descent,36,0.9722222222222222,11.722222222222221
lstm_autoencoder,2,primary,0.01,12,1,overall,36,1.0,18.305555555555557
lstm_autoencoder,2,primary,0.01,13,3,climb,18,1.0,11.277777777777779
lstm_autoencoder,2,primary,0.01,13,3,cruise,18,1.0,20.61111111111111
lstm_autoencoder,2,primary,0.01,13,3,descent,18,1.0,34.888888888888886
lstm_autoencoder,2,primary,0.01,13,3,overall,18,1.0,66.72222222222223
lstm_autoencoder,2,primary,0.01,14,1,climb,35,1.0,2.5428571428571427
lstm_autoencoder,2,primary,0.01,14,1,cruise,35,0.9714285714285714,5.171428571428572
lstm_autoencoder,2,primary,0.01,14,1,descent,35,1.0,11.2
lstm_autoencoder,2,primary,0.01,14,1,overall,35,1.0,18.914285714285715
lstm_autoencoder,2,primary,0.01,15,2,climb,24,1.0,5.291666666666667
lstm_autoencoder,2,primary,0.01,15,2,cruise,24,0.9583333333333334,8.958333333333334
lstm_autoencoder,2,primary,0.01,15,2,descent,24,1.0,19.166666666666668
lstm_autoencoder,2,primary,0.01,15,2,overall,24,1.0,33.375
lstm_autoencoder,2,primary,0.01,all,mixed,climb,148,1.0,5.391891891891892
lstm_autoencoder,2,primary,0.01,all,mixed,cruise,148,0.9459459459459459,13.121621621621621
lstm_autoencoder,2,primary,0.01,all,mixed,descent,148,0.9932432432432432,23.385135135135137
lstm_autoencoder,2,primary,0.01,all,mixed,overall,148,1.0,41.858108108108105
lstm_autoencoder,2,primary,0.02,10,3,climb,17,1.0,20.0
lstm_autoencoder,2,primary,0.02,10,3,cruise,17,1.0,57.05882352941177
lstm_autoencoder,2,primary,0.02,10,3,descent,17,1.0,79.6470588235294
lstm_autoencoder,2,primary,0.02,10,3,overall,17,1.0,156.35294117647058
lstm_autoencoder,2,primary,0.02,11,3,climb,18,1.0,7.055555555555555
lstm_autoencoder,2,primary,0.02,11,3,cruise,18,1.0,52.611111111111114
lstm_autoencoder,2,primary,0.02,11,3,descent,18,1.0,66.88888888888889
lstm_autoencoder,2,primary,0.02,11,3,overall,18,1.0,126.44444444444444
lstm_autoencoder,2,primary,0.02,12,1,climb,36,1.0,7.083333333333333
lstm_autoencoder,2,primary,0.02,12,1,cruise,36,0.9722222222222222,4.805555555555555
lstm_autoencoder,2,primary,0.02,12,1,descent,36,0.9722222222222222,26.333333333333332
lstm_autoencoder,2,primary,0.02,12,1,overall,36,1.0,38.22222222222222
lstm_autoencoder,2,primary,0.02,13,3,climb,18,1.0,14.5
lstm_autoencoder,2,primary,0.02,13,3,cruise,18,1.0,29.11111111111111
lstm_autoencoder,2,primary,0.02,13,3,descent,18,1.0,66.88888888888889
lstm_autoencoder,2,primary,0.02,13,3,overall,18,1.0,110.33333333333333
lstm_autoencoder,2,primary,0.02,14,1,climb,35,1.0,4.571428571428571
lstm_autoencoder,2,primary,0.02,14,1,cruise,35,1.0,8.571428571428571
lstm_autoencoder,2,primary,0.02,14,1,descent,35,1.0,23.17142857142857
lstm_autoencoder,2,primary,0.02,14,1,overall,35,1.0,36.31428571428572
lstm_autoencoder,2,primary,0.02,15,2,climb,24,1.0,9.041666666666666
lstm_autoencoder,2,primary,0.02,15,2,cruise,24,1.0,14.041666666666666
lstm_autoencoder,2,primary,0.02,15,2,descent,24,1.0,33.25
lstm_autoencoder,2,primary,0.02,15,2,overall,24,1.0,56.291666666666664
lstm_autoencoder,2,primary,0.02,all,mixed,climb,148,1.0,9.18918918918919
lstm_autoencoder,2,primary,0.02,all,mixed,cruise,148,0.9932432432432432,21.966216216216218
lstm_autoencoder,2,primary,0.02,all,mixed,descent,148,0.9932432432432432,42.695945945945944
lstm_autoencoder,2,primary,0.02,all,mixed,overall,148,1.0,73.77027027027027
