detector,seed,phase_definition,nominal_fpr,unit,flight_class,phase,n,false_alarms,false_alarm_rate,threshold
pca,-1,primary,0.005,10,3,overall,249848,2810,0.011246838077551152,0.3961209091260308
pca,-1,primary,0.005,10,3,climb,63828,618,0.0096822711035909,0.3961209091260308
pca,-1,primary,0.005,10,3,cruise,95181,900,0.009455668673369685,0.3961209091260308
pca,-1,primary,0.005,10,3,descent,90839,1292,0.014222965906714076,0.3961209091260308
pca,-1,primary,0.005,11,3,overall,261207,1999,0.007652934262864318,0.3961209091260308
pca,-1,primary,0.005,11,3,climb,63479,130,0.0020479213598197828,0.3961209091260308
pca,-1,primary,0.005,11,3,cruise,98352,487,0.004951602407678542,0.3961209091260308
pca,-1,primary,0.005,11,3,descent,99376,1382,0.013906778296570601,0.3961209091260308
pca,-1,primary,0.005,12,1,overall,155440,583,0.0037506433350488933,0.3961209091260308
pca,-1,primary,0.005,12,1,climb,35417,37,0.0010446960499195302,0.3961209091260308
pca,-1,primary,0.005,12,1,cruise,47845,153,0.0031978263141394085,0.3961209091260308
pca,-1,primary,0.005,12,1,descent,72178,393,0.005444872398791875,0.3961209091260308
pca,-1,primary,0.005,13,3,overall,251673,2290,0.009099108764150305,0.3961209091260308
pca,-1,primary,0.005,13,3,climb,66056,396,0.005994913406806346,0.3961209091260308
pca,-1,primary,0.005,13,3,cruise,81213,279,0.003435410586974992,0.3961209091260308
pca,-1,primary,0.005,13,3,descent,104404,1615,0.015468755986360676,0.3961209091260308
pca,-1,primary,0.005,14,1,overall,159581,707,0.004430351984258778,0.3961209091260308
pca,-1,primary,0.005,14,1,climb,33331,83,0.002490174312201854,0.3961209091260308
pca,-1,primary,0.005,14,1,cruise,52432,192,0.00366188587122368,0.3961209091260308
pca,-1,primary,0.005,14,1,descent,73818,432,0.005852231163130944,0.3961209091260308
pca,-1,primary,0.005,15,2,overall,216930,1844,0.008500437929285945,0.3961209091260308
pca,-1,primary,0.005,15,2,climb,64502,458,0.007100555021549719,0.3961209091260308
pca,-1,primary,0.005,15,2,cruise,61379,399,0.006500594665928086,0.3961209091260308
pca,-1,primary,0.005,15,2,descent,91049,987,0.010840316752517875,0.3961209091260308
pca,-1,primary,0.005,all,mixed,overall,1294679,10233,0.007903889690031274,0.3961209091260308
pca,-1,primary,0.005,all,mixed,climb,326613,1722,0.005272294734134894,0.3961209091260308
pca,-1,primary,0.005,all,mixed,cruise,436402,2410,0.005522431152927805,0.3961209091260308
pca,-1,primary,0.005,all,mixed,descent,531664,6101,0.01147529266604472,0.3961209091260308
pca,-1,primary,0.01,10,3,overall,249848,4214,0.016866254682847172,0.29109216283369227
pca,-1,primary,0.01,10,3,climb,63828,803,0.012580685592529924,0.29109216283369227
pca,-1,primary,0.01,10,3,cruise,95181,1187,0.012470976350322018,0.29109216283369227
pca,-1,primary,0.01,10,3,descent,90839,2224,0.02448287629762547,0.29109216283369227
pca,-1,primary,0.01,11,3,overall,261207,3266,0.01250349339795641,0.29109216283369227
pca,-1,primary,0.01,11,3,climb,63479,243,0.0038280376187400556,0.29109216283369227
pca,-1,primary,0.01,11,3,cruise,98352,864,0.008784773060029283,0.29109216283369227
pca,-1,primary,0.01,11,3,descent,99376,2159,0.021725567541458702,0.29109216283369227
pca,-1,primary,0.01,12,1,overall,155440,1377,0.008858723623262996,0.29109216283369227
pca,-1,primary,0.01,12,1,climb,35417,114,0.003218793234887201,0.29109216283369227
pca,-1,primary,0.01,12,1,cruise,47845,497,0.010387710314557425,0.29109216283369227
pca,-1,primary,0.01,12,1,descent,72178,766,0.010612652054642688,0.29109216283369227
pca,-1,primary,0.01,13,3,overall,251673,3692,0.014669829500979446,0.29109216283369227
pca,-1,primary,0.01,13,3,climb,66056,740,0.011202615962213879,0.29109216283369227
pca,-1,primary,0.01,13,3,cruise,81213,604,0.007437232955315036,0.29109216283369227
pca,-1,primary,0.01,13,3,descent,104404,2348,0.02248955978698134,0.29109216283369227
pca,-1,primary,0.01,14,1,overall,159581,1612,0.010101453180516478,0.29109216283369227
pca,-1,primary,0.01,14,1,climb,33331,248,0.007440520836458552,0.29109216283369227
pca,-1,primary,0.01,14,1,cruise,52432,308,0.0058742752517546536,0.29109216283369227
pca,-1,primary,0.01,14,1,descent,73818,1056,0.014305453954320084,0.29109216283369227
pca,-1,primary,0.01,15,2,overall,216930,3196,0.014732863135573687,0.29109216283369227
pca,-1,primary,0.01,15,2,climb,64502,717,0.01111593438963133,0.29109216283369227
pca,-1,primary,0.01,15,2,cruise,61379,519,0.008455660730868864,0.29109216283369227
pca,-1,primary,0.01,15,2,descent,91049,1960,0.021526870146844006,0.29109216283369227
pca,-1,primary,0.01,all,mixed,overall,1294679,17357,0.01340641193685848,0.29109216283369227
pca,-1,primary,0.01,all,mixed,climb,326613,2865,0.008771849252785407,0.29109216283369227
pca,-1,primary,0.01,all,mixed,cruise,436402,3979,0.009117740065352587,0.29109216283369227
pca,-1,primary,0.01,all,mixed,descent,531664,10513,0.019773766890366848,0.29109216283369227
pca,-1,primary,0.02,10,3,overall,249848,7664,0.030674650187313888,0.21338558577575714
pca,-1,primary,0.02,10,3,climb,63828,1051,0.01646612771824278,0.21338558577575714
pca,-1,primary,0.02,10,3,cruise,95181,2636,0.02769460291444721,0.21338558577575714
pca,-1,primary,0.02,10,3,descent,90839,3977,0.04378075496207576,0.21338558577575714
pca,-1,primary,0.02,11,3,overall,261207,6377,0.024413587690988375,0.21338558577575714
pca,-1,primary,0.02,11,3,climb,63479,332,0.005230076088155138,0.21338558577575714
pca,-1,primary,0.02,11,3,cruise,98352,2040,0.020741825280624696,0.21338558577575714
pca,-1,primary,0.02,11,3,descent,99376,4005,0.040301481242956044,0.21338558577575714
pca,-1,primary,0.02,12,1,overall,155440,3457,0.022240092640247042,0.21338558577575714
pca,-1,primary,0.02,12,1,climb,35417,318,0.008978739023632719,0.21338558577575714
pca,-1,primary,0.02,12,1,cruise,47845,885,0.018497230640610304,0.21338558577575714
pca,-1,primary,0.02,12,1,descent,72178,2254,0.03122835212945773,0.21338558577575714
pca,-1,primary,0.02,13,3,overall,251673,6548,0.026017888291552927,0.21338558577575714
pca,-1,primary,0.02,13,3,climb,66056,1137,0.01721266803923943,0.21338558577575714
pca,-1,primary,0.02,13,3,cruise,81213,1524,0.018765468582616084,0.21338558577575714
pca,-1,primary,0.02,13,3,descent,104404,3887,0.03723037431516034,0.21338558577575714
pca,-1,primary,0.02,14,1,overall,159581,3691,0.02312931990650516,0.21338558577575714
pca,-1,primary,0.02,14,1,climb,33331,355,0.010650745552188654,0.21338558577575714
pca,-1,primary,0.02,14,1,cruise,52432,557,0.010623283490997865,0.21338558577575714
pca,-1,primary,0.02,14,1,descent,73818,2779,0.037646644449863174,0.21338558577575714
pca,-1,primary,0.02,15,2,overall,216930,5759,0.02654773429216798,0.21338558577575714
pca,-1,primary,0.02,15,2,climb,64502,1104,0.017115748348888408,0.21338558577575714
pca,-1,primary,0.02,15,2,cruise,61379,686,0.011176461004578113,0.21338558577575714
pca,-1,primary,0.02,15,2,descent,91049,3969,0.04359191204735911,0.21338558577575714
pca,-1,primary,0.02,all,mixed,overall,1294679,33496,0.025872050137524437,0.21338558577575714
pca,-1,primary,0.02,all,mixed,climb,326613,4297,0.013156243015434168,0.21338558577575714
pca,-1,primary,0.02,all,mixed,cruise,436402,8328,0.01908332225791816,0.21338558577575714
pca,-1,primary,0.02,all,mixed,descent,531664,20871,0.03925599626831984,0.21338558577575714
isolation_forest,0,primary,0.005,10,3,overall,249848,2200,0.008805353655022254,0.5631009089505477
isolation_forest,0,primary,0.005,10,3,climb,63828,141,0.0022090618537319046,0.5631009089505477
isolation_forest,0,primary,0.005,10,3,cruise,95181,650,0.006829094041878106,0.5631009089505477
isolation_forest,0,primary,0.005,10,3,descent,90839,1409,0.01551095894934995,0.5631009089505477
isolation_forest,0,primary,0.005,11,3,overall,261207,1951,0.007469171959403845,0.5631009089505477
isolation_forest,0,primary,0.005,11,3,climb,63479,135,0.0021266875659666975,0.5631009089505477
isolation_forest,0,primary,0.005,11,3,cruise,98352,509,0.005175288758744103,0.5631009089505477
isolation_forest,0,primary,0.005,11,3,descent,99376,1307,0.01315206890999839,0.5631009089505477
isolation_forest,0,primary,0.005,12,1,overall,155440,655,0.004213844570252187,0.5631009089505477
isolation_forest,0,primary,0.005,12,1,climb,35417,225,0.006352881384645791,0.5631009089505477
isolation_forest,0,primary,0.005,12,1,cruise,47845,120,0.0025080990699132616,0.5631009089505477
isolation_forest,0,primary,0.005,12,1,descent,72178,310,0.004294937515586467,0.5631009089505477
isolation_forest,0,primary,0.005,13,3,overall,251673,2127,0.008451442943819956,0.5631009089505477
isolation_forest,0,primary,0.005,13,3,climb,66056,218,0.003300230107787332,0.5631009089505477
isolation_forest,0,primary,0.005,13,3,cruise,81213,376,0.004629800647679558,0.5631009089505477
isolation_forest,0,primary,0.005,13,3,descent,104404,1533,0.014683345465690969,0.5631009089505477
isolation_forest,0,primary,0.005,14,1,overall,159581,668,0.004185961987955959,0.5631009089505477
isolation_forest,0,primary,0.005,14,1,climb,33331,61,0.0018301281089676278,0.5631009089505477
isolation_forest,0,primary,0.005,14,1,cruise,52432,304,0.005797985962770827,0.5631009089505477
isolation_forest,0,primary,0.005,14,1,descent,73818,303,0.004104689913029342,0.5631009089505477
isolation_forest,0,primary,0.005,15,2,overall,216930,1158,0.005338127506568939,0.5631009089505477
isolation_forest,0,primary,0.005,15,2,climb,64502,149,0.0023100058912901926,0.5631009089505477
isolation_forest,0,primary,0.005,15,2,cruise,61379,346,0.005637107153912576,0.5631009089505477
isolation_forest,0,primary,0.005,15,2,descent,91049,663,0.007281793320080396,0.5631009089505477
isolation_forest,0,primary,0.005,all,mixed,overall,1294679,8759,0.006765383542947712,0.5631009089505477
isolation_forest,0,primary,0.005,all,mixed,climb,326613,929,0.0028443448362435054,0.5631009089505477
isolation_forest,0,primary,0.005,all,mixed,cruise,436402,2305,0.005281827306016013,0.5631009089505477
isolation_forest,0,primary,0.005,all,mixed,descent,531664,5525,0.010391901652171296,0.5631009089505477
isolation_forest,0,primary,0.01,10,3,overall,249848,4206,0.016834235215010727,0.5192891002309581
isolation_forest,0,primary,0.01,10,3,climb,63828,239,0.0037444381776023062,0.5192891002309581
isolation_forest,0,primary,0.01,10,3,cruise,95181,1139,0.011966674021075634,0.5192891002309581
isolation_forest,0,primary,0.01,10,3,descent,90839,2828,0.03113200277413886,0.5192891002309581
isolation_forest,0,primary,0.01,11,3,overall,261207,3589,0.013740060564992515,0.5192891002309581
isolation_forest,0,primary,0.01,11,3,climb,63479,183,0.002882843144977079,0.5192891002309581
isolation_forest,0,primary,0.01,11,3,cruise,98352,1139,0.011580852448348788,0.5192891002309581
isolation_forest,0,primary,0.01,11,3,descent,99376,2267,0.022812349058122686,0.5192891002309581
isolation_forest,0,primary,0.01,12,1,overall,155440,1927,0.012397066392177046,0.5192891002309581
isolation_forest,0,primary,0.01,12,1,climb,35417,300,0.008470508512861056,0.5192891002309581
isolation_forest,0,primary,0.01,12,1,cruise,47845,295,0.006165743546870102,0.5192891002309581
isolation_forest,0,primary,0.01,12,1,descent,72178,1332,0.018454376679874755,0.5192891002309581
isolation_forest,0,primary,0.01,13,3,overall,251673,4116,0.01635455531582649,0.5192891002309581
isolation_forest,0,primary,0.01,13,3,climb,66056,299,0.004526462395543176,0.5192891002309581
isolation_forest,0,primary,0.01,13,3,cruise,81213,1035,0.012744265080713678,0.5192891002309581
isolation_forest,0,primary,0.01,13,3,descent,104404,2782,0.026646488640281983,0.5192891002309581
isolation_forest,0,primary,0.01,14,1,overall,159581,1616,0.01012651882116292,0.5192891002309581
isolation_forest,0,primary,0.01,14,1,climb,33331,96,0.002880201614112988,0.5192891002309581
isolation_forest,0,primary,0.01,14,1,cruise,52432,574,0.010947512969179127,0.5192891002309581
isolation_forest,0,primary,0.01,14,1,descent,73818,946,0.012815302500745076,0.5192891002309581
isolation_forest,0,primary,0.01,15,2,overall,216930,2201,0.010146130088046835,0.5192891002309581
isolation_forest,0,primary,0.01,15,2,climb,64502,244,0.003782828439428235,0.5192891002309581
isolation_forest,0,primary,0.01,15,2,cruise,61379,596,0.009710161455872529,0.5192891002309581
isolation_forest,0,primary,0.01,15,2,descent,91049,1361,0.01494799503564015,0.5192891002309581
isolation_forest,0,primary,0.01,all,mixed,overall,1294679,17655,0.01363658482141133,0.5192891002309581
isolation_forest,0,primary,0.01,all,mixed,climb,326613,1361,0.0041670111110090535,0.5192891002309581
isolation_forest,0,primary,0.01,all,mixed,cruise,436402,4778,0.010948620767090893,0.5192891002309581
isolation_forest,0,primary,0.01,all,mixed,descent,531664,11516,0.021660296728761023,0.5192891002309581
isolation_forest,0,primary,0.02,10,3,overall,249848,8238,0.032972047004578786,0.4879599265088624
isolation_forest,0,primary,0.02,10,3,climb,63828,789,0.012361346117691295,0.4879599265088624
isolation_forest,0,primary,0.02,10,3,cruise,95181,1919,0.02016158687132936,0.4879599265088624
isolation_forest,0,primary,0.02,10,3,descent,90839,5530,0.060876936117746784,0.4879599265088624
isolation_forest,0,primary,0.02,11,3,overall,261207,6452,0.024700716290145364,0.4879599265088624
isolation_forest,0,primary,0.02,11,3,climb,63479,241,0.0037965311362812898,0.4879599265088624
isolation_forest,0,primary,0.02,11,3,cruise,98352,1791,0.018210102489019032,0.4879599265088624
isolation_forest,0,primary,0.02,11,3,descent,99376,4420,0.04447753984865561,0.4879599265088624
isolation_forest,0,primary,0.02,12,1,overall,155440,4471,0.028763510036026764,0.4879599265088624
isolation_forest,0,primary,0.02,12,1,climb,35417,417,0.011774006832876866,0.4879599265088624
isolation_forest,0,primary,0.02,12,1,cruise,47845,692,0.014463371303166475,0.4879599265088624
isolation_forest,0,primary,0.02,12,1,descent,72178,3362,0.04657929008839259,0.4879599265088624
isolation_forest,0,primary,0.02,13,3,overall,251673,6669,0.026498670894374843,0.4879599265088624
isolation_forest,0,primary,0.02,13,3,climb,66056,486,0.0073573937265350615,0.4879599265088624
isolation_forest,0,primary,0.02,13,3,cruise,81213,1811,0.022299385566350215,0.4879599265088624
isolation_forest,0,primary,0.02,13,3,descent,104404,4372,0.04187579019960921,0.4879599265088624
isolation_forest,0,primary,0.02,14,1,overall,159581,3977,0.024921513212725826,0.4879599265088624
isolation_forest,0,primary,0.02,14,1,climb,33331,135,0.004050283519846389,0.4879599265088624
isolation_forest,0,primary,0.02,14,1,cruise,52432,912,0.01739395788831248,0.4879599265088624
isolation_forest,0,primary,0.02,14,1,descent,73818,2930,0.03969221599067978,0.4879599265088624
isolation_forest,0,primary,0.02,15,2,overall,216930,4186,0.019296547273313973,0.4879599265088624
isolation_forest,0,primary,0.02,15,2,climb,64502,400,0.006201358097423336,0.4879599265088624
isolation_forest,0,primary,0.02,15,2,cruise,61379,1101,0.017937731145831637,0.4879599265088624
isolation_forest,0,primary,0.02,15,2,descent,91049,2685,0.029489615481773552,0.4879599265088624
isolation_forest,0,primary,0.02,all,mixed,overall,1294679,33993,0.026255929075855867,0.4879599265088624
isolation_forest,0,primary,0.02,all,mixed,climb,326613,2468,0.007556343440095771,0.4879599265088624
isolation_forest,0,primary,0.02,all,mixed,cruise,436402,8226,0.018849592806632415,0.4879599265088624
isolation_forest,0,primary,0.02,all,mixed,descent,531664,23299,0.04382279033374462,0.4879599265088624
isolation_forest,1,primary,0.005,10,3,overall,249848,2170,0.008685280650635587,0.5682296223434734
isolation_forest,1,primary,0.005,10,3,climb,63828,119,0.001864385536128345,0.5682296223434734
isolation_forest,1,primary,0.005,10,3,cruise,95181,623,0.006545423981677016,0.5682296223434734
isolation_forest,1,primary,0.005,10,3,descent,90839,1428,0.01572012021268398,0.5682296223434734
isolation_forest,1,primary,0.005,11,3,overall,261207,1888,0.007227983936111972,0.5682296223434734
isolation_forest,1,primary,0.005,11,3,climb,63479,140,0.002205453772113612,0.5682296223434734
isolation_forest,1,primary,0.005,11,3,cruise,98352,499,0.005073613144623393,0.5682296223434734
isolation_forest,1,primary,0.005,11,3,descent,99376,1249,0.012568426984382547,0.5682296223434734
isolation_forest,1,primary,0.005,12,1,overall,155440,646,0.004155944415851776,0.5682296223434734
isolation_forest,1,primary,0.005,12,1,climb,35417,220,0.0062117062427647736,0.5682296223434734
isolation_forest,1,primary,0.005,12,1,cruise,47845,106,0.002215487511756714,0.5682296223434734
isolation_forest,1,primary,0.005,12,1,descent,72178,320,0.004433483887056998,0.5682296223434734
isolation_forest,1,primary,0.005,13,3,overall,251673,2034,0.008081915819336996,0.5682296223434734
isolation_forest,1,primary,0.005,13,3,climb,66056,201,0.003042872714060797,0.5682296223434734
isolation_forest,1,primary,0.005,13,3,cruise,81213,377,0.004642113947274451,0.5682296223434734
isolation_forest,1,primary,0.005,13,3,descent,104404,1456,0.013945825830427952,0.5682296223434734
isolation_forest,1,primary,0.005,14,1,overall,159581,648,0.004060633784723745,0.5682296223434734
isolation_forest,1,primary,0.005,14,1,climb,33331,54,0.0016201134079385556,0.5682296223434734
isolation_forest,1,primary,0.005,14,1,cruise,52432,295,0.005626335062557217,0.5682296223434734
isolation_forest,1,primary,0.005,14,1,descent,73818,299,0.004050502587444797,0.5682296223434734
isolation_forest,1,primary,0.005,15,2,overall,216930,1090,0.005024662333471627,0.5682296223434734
isolation_forest,1,primary,0.005,15,2,climb,64502,146,0.0022634957055595174,0.5682296223434734
isolation_forest,1,primary,0.005,15,2,cruise,61379,321,0.005229801723716581,0.5682296223434734
isolation_forest,1,primary,0.005,15,2,descent,91049,623,0.006842469439532559,0.5682296223434734
isolation_forest,1,primary,0.005,all,mixed,overall,1294679,8476,0.006546796541845507,0.5682296223434734
isolation_forest,1,primary,0.005,all,mixed,climb,326613,880,0.002694320189337228,0.5682296223434734
isolation_forest,1,primary,0.005,all,mixed,cruise,436402,2221,0.005089344228486579,0.5682296223434734
isolation_forest,1,primary,0.005,all,mixed,descent,531664,5375,0.010109768575641758,0.5682296223434734
isolation_forest,1,primary,0.01,10,3,overall,249848,4195,0.016790208446735615,0.5204284571884323
isolation_forest,1,primary,0.01,10,3,climb,63828,214,0.0033527605439618974,0.5204284571884323
isolation_forest,1,primary,0.01,10,3,cruise,95181,1115,0.011714522856452443,0.5204284571884323
isolation_forest,1,primary,0.01,10,3,descent,90839,2866,0.031550325300806925,0.5204284571884323
isolation_forest,1,primary,0.01,11,3,overall,261207,3598,0.013774515996891354,0.5204284571884323
isolation_forest,1,primary,0.01,11,3,climb,63479,195,0.0030718820397296746,0.5204284571884323
isolation_forest,1,primary,0.01,11,3,cruise,98352,1099,0.01117414999186595,0.5204284571884323
isolation_forest,1,primary,0.01,11,3,descent,99376,2304,0.023184672355498308,0.5204284571884323
isolation_forest,1,primary,0.01,12,1,overall,155440,1784,0.011477097272259392,0.5204284571884323
isolation_forest,1,primary,0.01,12,1,climb,35417,297,0.008385803427732446,0.5204284571884323
isolation_forest,1,primary,0.01,12,1,cruise,47845,263,0.005496917128226565,0.5204284571884323
isolation_forest,1,primary,0.01,12,1,descent,72178,1224,0.016958075867993017,0.5204284571884323
isolation_forest,1,primary,0.01,13,3,overall,251673,4115,0.016350581905885814,0.5204284571884323
isolation_forest,1,primary,0.01,13,3,climb,66056,277,0.004193411650720601,0.5204284571884323
isolation_forest,1,primary,0.01,13,3,cruise,81213,1119,0.013778582246684644,0.5204284571884323
isolation_forest,1,primary,0.01,13,3,descent,104404,2719,0.026043063484157695,0.5204284571884323
isolation_forest,1,primary,0.01,14,1,overall,159581,1385,0.008678978073830845,0.5204284571884323
isolation_forest,1,primary,0.01,14,1,climb,33331,92,0.0027601932135249466,0.5204284571884323
isolation_forest,1,primary,0.01,14,1,cruise,52432,477,0.009097497711321331,0.5204284571884323
isolation_forest,1,primary,0.01,14,1,descent,73818,816,0.011054214419247338,0.5204284571884323
isolation_forest,1,primary,0.01,15,2,overall,216930,2162,0.009966348591711612,0.5204284571884323
isolation_forest,1,primary,0.01,15,2,climb,64502,229,0.0035502775107748596,0.5204284571884323
isolation_forest,1,primary,0.01,15,2,cruise,61379,553,0.009009596115935417,0.5204284571884323
isolation_forest,1,primary,0.01,15,2,descent,91049,1380,0.015156673878900372,0.5204284571884323
isolation_forest,1,primary,0.01,all,mixed,overall,1294679,17239,0.013315269653713392,0.5204284571884323
isolation_forest,1,primary,0.01,all,mixed,climb,326613,1304,0.00399249264419971,0.5204284571884323
isolation_forest,1,primary,0.01,all,mixed,cruise,436402,4626,0.010600318055370966,0.5204284571884323
isolation_forest,1,primary,0.01,all,mixed,descent,531664,11309,0.02127095308315026,0.5204284571884323
isolation_forest,1,primary,0.02,10,3,overall,249848,7981,0.031943421600333005,0.4879323015508624
isolation_forest,1,primary,0.02,10,3,climb,63828,643,0.01007394873723131,0.4879323015508624
isolation_forest,1,primary,0.02,10,3,cruise,95181,1829,0.019216020003992394,0.4879323015508624
isolation_forest,1,primary,0.02,10,3,descent,90839,5509,0.06064575787932496,0.4879323015508624
isolation_forest,1,primary,0.02,11,3,overall,261207,6475,0.02478876906055351,0.4879323015508624
isolation_forest,1,primary,0.02,11,3,climb,63479,248,0.003906803824886971,0.4879323015508624
isolation_forest,1,primary,0.02,11,3,cruise,98352,1977,0.020101268911664225,0.4879323015508624
isolation_forest,1,primary,0.02,11,3,descent,99376,4250,0.042766865239091935,0.4879323015508624
isolation_forest,1,primary,0.02,12,1,overall,155440,3818,0.024562532166752443,0.4879323015508624
isolation_forest,1,primary,0.02,12,1,climb,35417,406,0.011463421520738629,0.4879323015508624
isolation_forest,1,primary,0.02,12,1,cruise,47845,580,0.012122478837914098,0.4879323015508624
isolation_forest,1,primary,0.02,12,1,descent,72178,2832,0.03923633240045443,0.4879323015508624
isolation_forest,1,primary,0.02,13,3,overall,251673,6492,0.025795377334875018,0.4879323015508624
isolation_forest,1,primary,0.02,13,3,climb,66056,493,0.007463364418069517,0.4879323015508624
isolation_forest,1,primary,0.02,13,3,cruise,81213,1776,0.02186842008052898,0.4879323015508624
isolation_forest,1,primary,0.02,13,3,descent,104404,4223,0.040448641814489865,0.4879323015508624
isolation_forest,1,primary,0.02,14,1,overall,159581,3331,0.020873412248325302,0.4879323015508624
isolation_forest,1,primary,0.02,14,1,climb,33331,132,0.003960277219405358,0.4879323015508624
isolation_forest,1,primary,0.02,14,1,cruise,52432,822,0.015677448886176382,0.4879323015508624
isolation_forest,1,primary,0.02,14,1,descent,73818,2377,0.032200818228616326,0.4879323015508624
isolation_forest,1,primary,0.02,15,2,overall,216930,3878,0.01787673443046144,0.4879323015508624
isolation_forest,1,primary,0.02,15,2,climb,64502,407,0.0063098818641282445,0.4879323015508624
isolation_forest,1,primary,0.02,15,2,cruise,61379,1021,0.01663435376920445,0.4879323015508624
isolation_forest,1,primary,0.02,15,2,descent,91049,2450,0.02690858768355501,0.4879323015508624
isolation_forest,1,primary,0.02,all,mixed,overall,1294679,31975,0.024697241555628847,0.4879323015508624
isolation_forest,1,primary,0.02,all,mixed,climb,326613,2329,0.007130763319280004,0.4879323015508624
isolation_forest,1,primary,0.02,all,mixed,cruise,436402,8005,0.018343178995513312,0.4879323015508624
isolation_forest,1,primary,0.02,all,mixed,descent,531664,21641,0.0407042793945048,0.4879323015508624
isolation_forest,2,primary,0.005,10,3,overall,249848,2139,0.008561205212769363,0.5649299824858709
isolation_forest,2,primary,0.005,10,3,climb,63828,143,0.0022403960644231374,0.5649299824858709
isolation_forest,2,primary,0.005,10,3,cruise,95181,618,0.006492892489047184,0.5649299824858709
isolation_forest,2,primary,0.005,10,3,descent,90839,1378,0.015169695835489163,0.5649299824858709
isolation_forest,2,primary,0.005,11,3,overall,261207,2004,0.007672076169474785,0.5649299824858709
isolation_forest,2,primary,0.005,11,3,climb,63479,133,0.0020951810835079317,0.5649299824858709
isolation_forest,2,primary,0.005,11,3,cruise,98352,588,0.005978526110297706,0.5649299824858709
isolation_forest,2,primary,0.005,11,3,descent,99376,1283,0.012910561906295283,0.5649299824858709
isolation_forest,2,primary,0.005,12,1,overall,155440,663,0.004265311374163664,0.5649299824858709
isolation_forest,2,primary,0.005,12,1,climb,35417,214,0.006042296072507553,0.5649299824858709
isolation_forest,2,primary,0.005,12,1,cruise,47845,113,0.002361793290834988,0.5649299824858709
isolation_forest,2,primary,0.005,12,1,descent,72178,336,0.004655158081409848,0.5649299824858709
isolation_forest,2,primary,0.005,13,3,overall,251673,2143,0.008515017502870788,0.5649299824858709
isolation_forest,2,primary,0.005,13,3,climb,66056,210,0.0031791207460336686,0.5649299824858709
isolation_forest,2,primary,0.005,13,3,cruise,81213,380,0.004679053846059129,0.5649299824858709
isolation_forest,2,primary,0.005,13,3,descent,104404,1553,0.014874909007317727,0.5649299824858709
isolation_forest,2,primary,0.005,14,1,overall,159581,640,0.0040105025034308595,0.5649299824858709
isolation_forest,2,primary,0.005,14,1,climb,33331,54,0.0016201134079385556,0.5649299824858709
isolation_forest,2,primary,0.005,14,1,cruise,52432,300,0.005721696673787,0.5649299824858709
isolation_forest,2,primary,0.005,14,1,descent,73818,286,0.003874393779295023,0.5649299824858709
isolation_forest,2,primary,0.005,15,2,overall,216930,1143,0.005268980777209238,0.5649299824858709
isolation_forest,2,primary,0.005,15,2,climb,64502,147,0.002278999100803076,0.5649299824858709
isolation_forest,2,primary,0.005,15,2,cruise,61379,350,0.005702276022743935,0.5649299824858709
isolation_forest,2,primary,0.005,15,2,descent,91049,646,0.007095080670847566,0.5649299824858709
isolation_forest,2,primary,0.005,all,mixed,overall,1294679,8732,0.006744528952736547,0.5649299824858709
isolation_forest,2,primary,0.005,all,mixed,climb,326613,901,0.002758616466582775,0.5649299824858709
isolation_forest,2,primary,0.005,all,mixed,cruise,436402,2349,0.005382651775198097,0.5649299824858709
isolation_forest,2,primary,0.005,all,mixed,descent,531664,5482,0.010311023503566162,0.5649299824858709
isolation_forest,2,primary,0.01,10,3,overall,249848,4435,0.017750792481828953,0.5197519841919032
isolation_forest,2,primary,0.01,10,3,climb,63828,248,0.003885442125712853,0.5197519841919032
isolation_forest,2,primary,0.01,10,3,cruise,95181,1251,0.013143379455983862,0.5197519841919032
isolation_forest,2,primary,0.01,10,3,descent,90839,2936,0.032320919428879664,0.5197519841919032
isolation_forest,2,primary,0.01,11,3,overall,261207,3657,0.014000390494894854,0.5197519841919032
isolation_forest,2,primary,0.01,11,3,climb,63479,188,0.0029616093511239936,0.5197519841919032
isolation_forest,2,primary,0.01,11,3,cruise,98352,1193,0.012129900764600618,0.5197519841919032
isolation_forest,2,primary,0.01,11,3,descent,99376,2276,0.02290291418451135,0.5197519841919032
isolation_forest,2,primary,0.01,12,1,overall,155440,1779,0.01144493051981472,0.5197519841919032
isolation_forest,2,primary,0.01,12,1,climb,35417,286,0.008075218115594206,0.5197519841919032
isolation_forest,2,primary,0.01,12,1,cruise,47845,274,0.0057268262096352805,0.5197519841919032
isolation_forest,2,primary,0.01,12,1,descent,72178,1219,0.01688880268225775,0.5197519841919032
isolation_forest,2,primary,0.01,13,3,overall,251673,4191,0.016652561061377264,0.5197519841919032
isolation_forest,2,primary,0.01,13,3,climb,66056,297,0.00449618505510476,0.5197519841919032
isolation_forest,2,primary,0.01,13,3,cruise,81213,1160,0.014283427530075235,0.5197519841919032
isolation_forest,2,primary,0.01,13,3,descent,104404,2734,0.026186736140377764,0.5197519841919032
isolation_forest,2,primary,0.01,14,1,overall,159581,1520,0.009524943445648292,0.5197519841919032
isolation_forest,2,primary,0.01,14,1,climb,33331,86,0.002580180612642885,0.5197519841919032
isolation_forest,2,primary,0.01,14,1,cruise,52432,571,0.010890296002441258,0.5197519841919032
isolation_forest,2,primary,0.01,14,1,descent,73818,863,0.01169091549486575,0.5197519841919032
isolation_forest,2,primary,0.01,15,2,overall,216930,2159,0.009952519245839671,0.5197519841919032
isolation_forest,2,primary,0.01,15,2,climb,64502,240,0.0037208148584540013,0.5197519841919032
isolation_forest,2,primary,0.01,15,2,cruise,61379,602,0.009807914759119568,0.5197519841919032
isolation_forest,2,primary,0.01,15,2,descent,91049,1317,0.014464738767037529,0.5197519841919032
isolation_forest,2,primary,0.01,all,mixed,overall,1294679,17741,0.013703010553195038,0.5197519841919032
isolation_forest,2,primary,0.01,all,mixed,climb,326613,1345,0.004118023471202922,0.5197519841919032
isolation_forest,2,primary,0.01,all,mixed,cruise,436402,5051,0.011574190769061554,0.5197519841919032
isolation_forest,2,primary,0.01,all,mixed,descent,531664,11345,0.02133866502151735,0.5197519841919032
isolation_forest,2,primary,0.02,10,3,overall,249848,8740,0.03498126861131568,0.4861425384260117
isolation_forest,2,primary,0.02,10,3,climb,63828,770,0.012063671116124585,0.4861425384260117
isolation_forest,2,primary,0.02,10,3,cruise,95181,2280,0.0239543606392032,0.4861425384260117
isolation_forest,2,primary,0.02,10,3,descent,90839,5690,0.06263829412477019,0.4861425384260117
isolation_forest,2,primary,0.02,11,3,overall,261207,6621,0.025347712733579116,0.4861425384260117
isolation_forest,2,primary,0.02,11,3,climb,63479,252,0.003969816789804502,0.4861425384260117
isolation_forest,2,primary,0.02,11,3,cruise,98352,2090,0.02125020335122824,0.4861425384260117
isolation_forest,2,primary,0.02,11,3,descent,99376,4279,0.04305868620189986,0.4861425384260117
isolation_forest,2,primary,0.02,12,1,overall,155440,4136,0.02660833762223366,0.4861425384260117
isolation_forest,2,primary,0.02,12,1,climb,35417,415,0.01171753677612446,0.4861425384260117
isolation_forest,2,primary,0.02,12,1,cruise,47845,670,0.014003553140349043,0.4861425384260117
isolation_forest,2,primary,0.02,12,1,descent,72178,3051,0.04227049793565907,0.4861425384260117
isolation_forest,2,primary,0.02,13,3,overall,251673,6672,0.026510591124196875,0.4861425384260117
isolation_forest,2,primary,0.02,13,3,climb,66056,464,0.007024342981712487,0.4861425384260117
isolation_forest,2,primary,0.02,13,3,cruise,81213,2019,0.024860551882087842,0.4861425384260117
isolation_forest,2,primary,0.02,13,3,descent,104404,4189,0.04012298379372438,0.4861425384260117
isolation_forest,2,primary,0.02,14,1,overall,159581,3542,0.022195624792425164,0.4861425384260117
isolation_forest,2,primary,0.02,14,1,climb,33331,136,0.0040802856199934,0.4861425384260117
isolation_forest,2,primary,0.02,14,1,cruise,52432,869,0.016573848031736345,0.4861425384260117
isolation_forest,2,primary,0.02,14,1,descent,73818,2537,0.03436831125199816,0.4861425384260117
isolation_forest,2,primary,0.02,15,2,overall,216930,4055,0.018692665836905913,0.4861425384260117
isolation_forest,2,primary,0.02,15,2,climb,64502,407,0.0063098818641282445,0.4861425384260117
isolation_forest,2,primary,0.02,15,2,cruise,61379,1110,0.018084361100702193,0.4861425384260117
isolation_forest,2,primary,0.02,15,2,descent,91049,2538,0.02787510022076025,0.4861425384260117
isolation_forest,2,primary,0.02,all,mixed,overall,1294679,33766,0.02608059603963608,0.4861425384260117
isolation_forest,2,primary,0.02,all,mixed,climb,326613,2444,0.0074828619803865735,0.4861425384260117
isolation_forest,2,primary,0.02,all,mixed,cruise,436402,9038,0.02071026255608361,0.4861425384260117
isolation_forest,2,primary,0.02,all,mixed,descent,531664,22284,0.04191368984922808,0.4861425384260117
lstm_autoencoder,0,primary,0.005,10,3,overall,249848,2554,0.010222215106784924,0.14594091475009918
lstm_autoencoder,0,primary,0.005,10,3,climb,63828,145,0.0022717302751143697,0.14594091475009918
lstm_autoencoder,0,primary,0.005,10,3,cruise,95181,1044,0.010968575661108836,0.14594091475009918
lstm_autoencoder,0,primary,0.005,10,3,descent,90839,1365,0.01502658549741851,0.14594091475009918
lstm_autoencoder,0,primary,0.005,11,3,overall,261207,2344,0.008973725818986474,0.14594091475009918
lstm_autoencoder,0,primary,0.005,11,3,climb,63479,199,0.003134895004647206,0.14594091475009918
lstm_autoencoder,0,primary,0.005,11,3,cruise,98352,699,0.0071071254270375795,0.14594091475009918
lstm_autoencoder,0,primary,0.005,11,3,descent,99376,1446,0.01455079697311222,0.14594091475009918
lstm_autoencoder,0,primary,0.005,12,1,overall,155440,552,0.0035512094698919197,0.14594091475009918
lstm_autoencoder,0,primary,0.005,12,1,climb,35417,194,0.005477595504983482,0.14594091475009918
lstm_autoencoder,0,primary,0.005,12,1,cruise,47845,115,0.002403594942000209,0.14594091475009918
lstm_autoencoder,0,primary,0.005,12,1,descent,72178,243,0.0033666768267339078,0.14594091475009918
lstm_autoencoder,0,primary,0.005,13,3,overall,251673,2437,0.009683200025429824,0.14594091475009918
lstm_autoencoder,0,primary,0.005,13,3,climb,66056,288,0.004359937023131888,0.14594091475009918
lstm_autoencoder,0,primary,0.005,13,3,cruise,81213,544,0.0066984349796214895,0.14594091475009918
lstm_autoencoder,0,primary,0.005,13,3,descent,104404,1605,0.015372974215547296,0.14594091475009918
lstm_autoencoder,0,primary,0.005,14,1,overall,159581,556,0.0034841240498555593,0.14594091475009918
lstm_autoencoder,0,primary,0.005,14,1,climb,33331,129,0.0038702709189643277,0.14594091475009918
lstm_autoencoder,0,primary,0.005,14,1,cruise,52432,190,0.003623741226731767,0.14594091475009918
lstm_autoencoder,0,primary,0.005,14,1,descent,73818,237,0.0032105990408843373,0.14594091475009918
lstm_autoencoder,0,primary,0.005,15,2,overall,216930,1317,0.006071082837781773,0.14594091475009918
lstm_autoencoder,0,primary,0.005,15,2,climb,64502,238,0.003689808067966885,0.14594091475009918
lstm_autoencoder,0,primary,0.005,15,2,cruise,61379,466,0.007592173218853354,0.14594091475009918
lstm_autoencoder,0,primary,0.005,15,2,descent,91049,613,0.0067326384693956005,0.14594091475009918
lstm_autoencoder,0,primary,0.005,all,mixed,overall,1294679,9760,0.007538548165220877,0.14594091475009918
lstm_autoencoder,0,primary,0.005,all,mixed,climb,326613,1193,0.0036526408930446738,0.14594091475009918
lstm_autoencoder,0,primary,0.005,all,mixed,cruise,436402,3058,0.007007300608154866,0.14594091475009918
lstm_autoencoder,0,primary,0.005,all,mixed,descent,531664,5509,0.01036180745734148,0.14594091475009918
lstm_autoencoder,0,primary,0.01,10,3,overall,249848,6204,0.024831097307162753,0.06456150114536285
lstm_autoencoder,0,primary,0.01,10,3,climb,63828,449,0.007034530300181739,0.06456150114536285
lstm_autoencoder,0,primary,0.01,10,3,cruise,95181,2398,0.02519410386526723,0.06456150114536285
lstm_autoencoder,0,primary,0.01,10,3,descent,90839,3357,0.03695549268486003,0.06456150114536285
lstm_autoencoder,0,primary,0.01,11,3,overall,261207,4924,0.018850949629986947,0.06456150114536285
lstm_autoencoder,0,primary,0.01,11,3,climb,63479,346,0.005450621465366499,0.06456150114536285
lstm_autoencoder,0,primary,0.01,11,3,cruise,98352,1924,0.019562388156824467,0.06456150114536285
lstm_autoencoder,0,primary,0.01,11,3,descent,99376,2654,0.026706649492835292,0.06456150114536285
lstm_autoencoder,0,primary,0.01,12,1,overall,155440,1577,0.010145393721049922,0.06456150114536285
lstm_autoencoder,0,primary,0.01,12,1,climb,35417,404,0.011406951463986221,0.06456150114536285
lstm_autoencoder,0,primary,0.01,12,1,cruise,47845,280,0.005852231163130944,0.06456150114536285
lstm_autoencoder,0,primary,0.01,12,1,descent,72178,893,0.012372190972318436,0.06456150114536285
lstm_autoencoder,0,primary,0.01,13,3,overall,251673,5358,0.02128953046214731,0.06456150114536285
lstm_autoencoder,0,primary,0.01,13,3,climb,66056,603,0.00912861814218239,0.06456150114536285
lstm_autoencoder,0,primary,0.01,13,3,cruise,81213,1947,0.023973994311255586,0.06456150114536285
lstm_autoencoder,0,primary,0.01,13,3,descent,104404,2808,0.026895521244396765,0.06456150114536285
lstm_autoencoder,0,primary,0.01,14,1,overall,159581,1437,0.009004831402234601,0.06456150114536285
lstm_autoencoder,0,primary,0.01,14,1,climb,33331,231,0.0069304851339593776,0.06456150114536285
lstm_autoencoder,0,primary,0.01,14,1,cruise,52432,474,0.00904028074458346,0.06456150114536285
lstm_autoencoder,0,primary,0.01,14,1,descent,73818,732,0.009916280581971876,0.06456150114536285
lstm_autoencoder,0,primary,0.01,15,2,overall,216930,2676,0.01233577651777071,0.06456150114536285
lstm_autoencoder,0,primary,0.01,15,2,climb,64502,447,0.0069300176738705775,0.06456150114536285
lstm_autoencoder,0,primary,0.01,15,2,cruise,61379,812,0.01322928037276593,0.06456150114536285
lstm_autoencoder,0,primary,0.01,15,2,descent,91049,1417,0.015563048468407122,0.06456150114536285
lstm_autoencoder,0,primary,0.01,all,mixed,overall,1294679,22176,0.01712857009343629,0.06456150114536285
lstm_autoencoder,0,primary,0.01,all,mixed,climb,326613,2480,0.00759308416995037,0.06456150114536285
lstm_autoencoder,0,primary,0.01,all,mixed,cruise,436402,7835,0.017953629910037076,0.06456150114536285
lstm_autoencoder,0,primary,0.01,all,mixed,descent,531664,11861,0.02230920280477896,0.06456150114536285
lstm_autoencoder,0,primary,0.02,10,3,overall,249848,13279,0.05314831417501841,0.038238562643527985
lstm_autoencoder,0,primary,0.02,10,3,climb,63828,1227,0.019223538259071252,0.038238562643527985
lstm_autoencoder,0,primary,0.02,10,3,cruise,95181,4932,0.05181706433006587,0.038238562643527985
lstm_autoencoder,0,primary,0.02,10,3,descent,90839,7120,0.07838043131254196,0.038238562643527985
lstm_autoencoder,0,primary,0.02,11,3,overall,261207,9827,0.037621503252209934,0.038238562643527985
lstm_autoencoder,0,primary,0.02,11,3,climb,63479,625,0.00984577576836434,0.038238562643527985
lstm_autoencoder,0,primary,0.02,11,3,cruise,98352,4042,0.041097283227590695,0.038238562643527985
lstm_autoencoder,0,primary,0.02,11,3,descent,99376,5160,0.05192400579616809,0.038238562643527985
lstm_autoencoder,0,primary,0.02,12,1,overall,155440,3982,0.025617601646937726,0.038238562643527985
lstm_autoencoder,0,primary,0.02,12,1,climb,35417,989,0.02792444306406528,0.038238562643527985
lstm_autoencoder,0,primary,0.02,12,1,cruise,47845,546,0.011411850768105341,0.038238562643527985
lstm_autoencoder,0,primary,0.02,12,1,descent,72178,2447,0.033902297098838984,0.038238562643527985
lstm_autoencoder,0,primary,0.02,13,3,overall,251673,10343,0.041096979016422105,0.038238562643527985
lstm_autoencoder,0,primary,0.02,13,3,climb,66056,981,0.014851035485042994,0.038238562643527985
lstm_autoencoder,0,primary,0.02,13,3,cruise,81213,3997,0.0492162584807851,0.038238562643527985
lstm_autoencoder,0,primary,0.02,13,3,descent,104404,5365,0.05138692004137772,0.038238562643527985
lstm_autoencoder,0,primary,0.02,14,1,overall,159581,3067,0.019219079965660073,0.038238562643527985
lstm_autoencoder,0,primary,0.02,14,1,climb,33331,459,0.013770963967477724,0.038238562643527985
lstm_autoencoder,0,primary,0.02,14,1,cruise,52432,851,0.016230546231309123,0.038238562643527985
lstm_autoencoder,0,primary,0.02,14,1,descent,73818,1757,0.02380178276301173,0.038238562643527985
lstm_autoencoder,0,primary,0.02,15,2,overall,216930,5177,0.02386484119301157,0.038238562643527985
lstm_autoencoder,0,primary,0.02,15,2,climb,64502,969,0.01502278999100803,0.038238562643527985
lstm_autoencoder,0,primary,0.02,15,2,cruise,61379,1553,0.02530181332377523,0.038238562643527985
lstm_autoencoder,0,primary,0.02,15,2,descent,91049,2655,0.029160122571362673,0.038238562643527985
lstm_autoencoder,0,primary,0.02,all,mixed,overall,1294679,45675,0.035279015107219626,0.038238562643527985
lstm_autoencoder,0,primary,0.02,all,mixed,climb,326613,5250,0.01607406931138687,0.038238562643527985
lstm_autoencoder,0,primary,0.02,all,mixed,cruise,436402,15921,0.03648241758745377,0.038238562643527985
lstm_autoencoder,0,primary,0.02,all,mixed,descent,531664,24504,0.04608925938186524,0.038238562643527985
lstm_autoencoder,1,primary,0.005,10,3,overall,249848,2710,0.010846594729595593,0.13789241015911102
lstm_autoencoder,1,primary,0.005,10,3,climb,63828,133,0.0020837250109669737,0.13789241015911102
lstm_autoencoder,1,primary,0.005,10,3,cruise,95181,1157,0.012155787394543028,0.13789241015911102
lstm_autoencoder,1,primary,0.005,10,3,descent,90839,1420,0.01563205231233281,0.13789241015911102
lstm_autoencoder,1,primary,0.005,11,3,overall,261207,2360,0.009034979920139966,0.13789241015911102
lstm_autoencoder,1,primary,0.005,11,3,climb,63479,183,0.002882843144977079,0.13789241015911102
lstm_autoencoder,1,primary,0.005,11,3,cruise,98352,760,0.007727346673173906,0.13789241015911102
lstm_autoencoder,1,primary,0.005,11,3,descent,99376,1417,0.014258976010304299,0.13789241015911102
lstm_autoencoder,1,primary,0.005,12,1,overall,155440,468,0.0030108080288214103,0.13789241015911102
lstm_autoencoder,1,primary,0.005,12,1,climb,35417,163,0.004602309625321173,0.13789241015911102
lstm_autoencoder,1,primary,0.005,12,1,cruise,47845,107,0.002236388337339325,0.13789241015911102
lstm_autoencoder,1,primary,0.005,12,1,descent,72178,198,0.0027432181551165177,0.13789241015911102
lstm_autoencoder,1,primary,0.005,13,3,overall,251673,2441,0.009699093665192532,0.13789241015911102
lstm_autoencoder,1,primary,0.005,13,3,climb,66056,265,0.004011747608090106,0.13789241015911102
lstm_autoencoder,1,primary,0.005,13,3,cruise,81213,561,0.00690776107273466,0.13789241015911102
lstm_autoencoder,1,primary,0.005,13,3,descent,104404,1615,0.015468755986360676,0.13789241015911102
lstm_autoencoder,1,primary,0.005,14,1,overall,159581,431,0.0027008227796542195,0.13789241015911102
lstm_autoencoder,1,primary,0.005,14,1,climb,33331,117,0.003510245717200204,0.13789241015911102
lstm_autoencoder,1,primary,0.005,14,1,cruise,52432,148,0.0028227036924015868,0.13789241015911102
lstm_autoencoder,1,primary,0.005,14,1,descent,73818,166,0.00224877401175865,0.13789241015911102
lstm_autoencoder,1,primary,0.005,15,2,overall,216930,1328,0.0061217904393122205,0.13789241015911102
lstm_autoencoder,1,primary,0.005,15,2,climb,64502,206,0.003193699420173018,0.13789241015911102
lstm_autoencoder,1,primary,0.005,15,2,cruise,61379,512,0.008341615210413985,0.13789241015911102
lstm_autoencoder,1,primary,0.005,15,2,descent,91049,610,0.006699689178354513,0.13789241015911102
lstm_autoencoder,1,primary,0.005,all,mixed,overall,1294679,9738,0.007521555536159928,0.13789241015911102
lstm_autoencoder,1,primary,0.005,all,mixed,climb,326613,1067,0.003266863229571389,0.13789241015911102
lstm_autoencoder,1,primary,0.005,all,mixed,cruise,436402,3245,0.007435804602178725,0.13789241015911102
lstm_autoencoder,1,primary,0.005,all,mixed,descent,531664,5426,0.010205693821661801,0.13789241015911102
lstm_autoencoder,1,primary,0.01,10,3,overall,249848,6656,0.02664019723992187,0.061006903648376465
lstm_autoencoder,1,primary,0.01,10,3,climb,63828,450,0.007050197405527355,0.061006903648376465
lstm_autoencoder,1,primary,0.01,10,3,cruise,95181,2658,0.02792574148201847,0.061006903648376465
lstm_autoencoder,1,primary,0.01,10,3,descent,90839,3548,0.03905811380574423,0.061006903648376465
lstm_autoencoder,1,primary,0.01,11,3,overall,261207,4930,0.018873919917919504,0.061006903648376465
lstm_autoencoder,1,primary,0.01,11,3,climb,63479,320,0.005041037193402542,0.061006903648376465
lstm_autoencoder,1,primary,0.01,11,3,cruise,98352,2007,0.020406295754026353,0.061006903648376465
lstm_autoencoder,1,primary,0.01,11,3,descent,99376,2603,0.02619344710996619,0.061006903648376465
lstm_autoencoder,1,primary,0.01,12,1,overall,155440,1554,0.009997426659804427,0.061006903648376465
lstm_autoencoder,1,primary,0.01,12,1,climb,35417,387,0.010926955981590762,0.061006903648376465
lstm_autoencoder,1,primary,0.01,12,1,cruise,47845,294,0.006144842721287491,0.061006903648376465
lstm_autoencoder,1,primary,0.01,12,1,descent,72178,873,0.012095098229377373,0.061006903648376465
lstm_autoencoder,1,primary,0.01,13,3,overall,251673,5299,0.021055099275647367,0.061006903648376465
lstm_autoencoder,1,primary,0.01,13,3,climb,66056,556,0.008417100641879617,0.061006903648376465
lstm_autoencoder,1,primary,0.01,13,3,cruise,81213,1959,0.024121753906394296,0.061006903648376465
lstm_autoencoder,1,primary,0.01,13,3,descent,104404,2784,0.026665644994444657,0.061006903648376465
lstm_autoencoder,1,primary,0.01,14,1,overall,159581,1350,0.008459653718174469,0.061006903648376465
lstm_autoencoder,1,primary,0.01,14,1,climb,33331,227,0.006810476733371336,0.061006903648376465
lstm_autoencoder,1,primary,0.01,14,1,cruise,52432,445,0.008487183399450718,0.061006903648376465
lstm_autoencoder,1,primary,0.01,14,1,descent,73818,678,0.00918475168658051,0.061006903648376465
lstm_autoencoder,1,primary,0.01,15,2,overall,216930,2615,0.012054579818374591,0.061006903648376465
lstm_autoencoder,1,primary,0.01,15,2,climb,64502,409,0.0063408886546153604,0.061006903648376465
lstm_autoencoder,1,primary,0.01,15,2,cruise,61379,887,0.014451196663353916,0.061006903648376465
lstm_autoencoder,1,primary,0.01,15,2,descent,91049,1319,0.014486704961064922,0.061006903648376465
lstm_autoencoder,1,primary,0.01,all,mixed,overall,1294679,22404,0.01730467552188612,0.061006903648376465
lstm_autoencoder,1,primary,0.01,all,mixed,climb,326613,2349,0.0071919978690376685,0.061006903648376465
lstm_autoencoder,1,primary,0.01,all,mixed,cruise,436402,8250,0.018904587971640827,0.061006903648376465
lstm_autoencoder,1,primary,0.01,all,mixed,descent,531664,11805,0.0222038731228746,0.061006903648376465
lstm_autoencoder,1,primary,0.02,10,3,overall,249848,13997,0.05602206141333931,0.035675231367349625
lstm_autoencoder,1,primary,0.02,10,3,climb,63828,1221,0.019129535626997558,0.035675231367349625
lstm_autoencoder,1,primary,0.02,10,3,cruise,95181,5419,0.05693363171221147,0.035675231367349625
lstm_autoencoder,1,primary,0.02,10,3,descent,90839,7357,0.0809894428604454,0.035675231367349625
lstm_autoencoder,1,primary,0.02,11,3,overall,261207,9493,0.0363428238906308,0.035675231367349625
lstm_autoencoder,1,primary,0.02,11,3,climb,63479,544,0.008569763228784322,0.035675231367349625
lstm_autoencoder,1,primary,0.02,11,3,cruise,98352,3832,0.0389620953310558,0.035675231367349625
lstm_autoencoder,1,primary,0.02,11,3,descent,99376,5117,0.051491305747866686,0.035675231367349625
lstm_autoencoder,1,primary,0.02,12,1,overall,155440,4119,0.026498970663921772,0.035675231367349625
lstm_autoencoder,1,primary,0.02,12,1,climb,35417,920,0.025976226106107236,0.035675231367349625
lstm_autoencoder,1,primary,0.02,12,1,cruise,47845,576,0.012038875535583655,0.035675231367349625
lstm_autoencoder,1,primary,0.02,12,1,descent,72178,2623,0.03634071323672033,0.035675231367349625
lstm_autoencoder,1,primary,0.02,13,3,overall,251673,10395,0.04130359633333731,0.035675231367349625
lstm_autoencoder,1,primary,0.02,13,3,climb,66056,996,0.015078115538331114,0.035675231367349625
lstm_autoencoder,1,primary,0.02,13,3,cruise,81213,4042,0.04977035696255525,0.035675231367349625
lstm_autoencoder,1,primary,0.02,13,3,descent,104404,5357,0.05131029462472702,0.035675231367349625
lstm_autoencoder,1,primary,0.02,14,1,overall,159581,2946,0.018460844336105176,0.035675231367349625
lstm_autoencoder,1,primary,0.02,14,1,climb,33331,449,0.01347094296600762,0.035675231367349625
lstm_autoencoder,1,primary,0.02,14,1,cruise,52432,857,0.016344980164784865,0.035675231367349625
lstm_autoencoder,1,primary,0.02,14,1,descent,73818,1640,0.022216803489663768,0.035675231367349625
lstm_autoencoder,1,primary,0.02,15,2,overall,216930,5398,0.024883603005577837,0.035675231367349625
lstm_autoencoder,1,primary,0.02,15,2,climb,64502,852,0.013208892747511705,0.035675231367349625
lstm_autoencoder,1,primary,0.02,15,2,cruise,61379,1712,0.027892275859821763,0.035675231367349625
lstm_autoencoder,1,primary,0.02,15,2,descent,91049,2834,0.031126096936814243,0.035675231367349625
lstm_autoencoder,1,primary,0.02,all,mixed,overall,1294679,46348,0.035798835078038646,0.035675231367349625
lstm_autoencoder,1,primary,0.02,all,mixed,climb,326613,4982,0.01525352634463417,0.035675231367349625
lstm_autoencoder,1,primary,0.02,all,mixed,cruise,436402,16438,0.03766710510034326,0.035675231367349625
lstm_autoencoder,1,primary,0.02,all,mixed,descent,531664,24928,0.0468867555448554,0.035675231367349625
lstm_autoencoder,2,primary,0.005,10,3,overall,249848,2701,0.010810572828279593,0.1183290109038353
lstm_autoencoder,2,primary,0.005,10,3,climb,63828,133,0.0020837250109669737,0.1183290109038353
lstm_autoencoder,2,primary,0.005,10,3,cruise,95181,1149,0.012071737006335298,0.1183290109038353
lstm_autoencoder,2,primary,0.005,10,3,descent,90839,1419,0.015621043824788912,0.1183290109038353
lstm_autoencoder,2,primary,0.005,11,3,overall,261207,2360,0.009034979920139966,0.1183290109038353
lstm_autoencoder,2,primary,0.005,11,3,climb,63479,200,0.0031506482458765893,0.1183290109038353
lstm_autoencoder,2,primary,0.005,11,3,cruise,98352,769,0.007818854725882545,0.1183290109038353
lstm_autoencoder,2,primary,0.005,11,3,descent,99376,1391,0.013997343422959265,0.1183290109038353
lstm_autoencoder,2,primary,0.005,12,1,overall,155440,403,0.002592640247040659,0.1183290109038353
lstm_autoencoder,2,primary,0.005,12,1,climb,35417,149,0.004207019228054324,0.1183290109038353
lstm_autoencoder,2,primary,0.005,12,1,cruise,47845,77,0.0016093635698610094,0.1183290109038353
lstm_autoencoder,2,primary,0.005,12,1,descent,72178,177,0.002452270775028402,0.1183290109038353
lstm_autoencoder,2,primary,0.005,13,3,overall,251673,2473,0.009826242783294196,0.1183290109038353
lstm_autoencoder,2,primary,0.005,13,3,climb,66056,264,0.003996608937870898,0.1183290109038353
lstm_autoencoder,2,primary,0.005,13,3,cruise,81213,622,0.0076588723480231,0.1183290109038353
lstm_autoencoder,2,primary,0.005,13,3,descent,104404,1587,0.015200567028083214,0.1183290109038353
lstm_autoencoder,2,primary,0.005,14,1,overall,159581,408,0.002556695345937173,0.1183290109038353
lstm_autoencoder,2,primary,0.005,14,1,climb,33331,116,0.0034802436170531937,0.1183290109038353
lstm_autoencoder,2,primary,0.005,14,1,cruise,52432,149,0.0028417760146475434,0.1183290109038353
lstm_autoencoder,2,primary,0.005,14,1,descent,73818,143,0.0019371968896475114,0.1183290109038353
lstm_autoencoder,2,primary,0.005,15,2,overall,216930,1261,0.005812935048172221,0.1183290109038353
lstm_autoencoder,2,primary,0.005,15,2,climb,64502,223,0.0034572571393135096,0.1183290109038353
lstm_autoencoder,2,primary,0.005,15,2,cruise,61379,483,0.007869140911386631,0.1183290109038353
lstm_autoencoder,2,primary,0.005,15,2,descent,91049,555,0.006095618842601237,0.1183290109038353
lstm_autoencoder,2,primary,0.005,all,mixed,overall,1294679,9606,0.007419599761794236,0.1183290109038353
lstm_autoencoder,2,primary,0.005,all,mixed,climb,326613,1085,0.0033219743243532865,0.1183290109038353
lstm_autoencoder,2,primary,0.005,all,mixed,cruise,436402,3249,0.0074449704630134604,0.1183290109038353
lstm_autoencoder,2,primary,0.005,all,mixed,descent,531664,5272,0.00991603719642481,0.1183290109038353
lstm_autoencoder,2,primary,0.01,10,3,overall,249848,6957,0.0278449297172681,0.05389666557312012
lstm_autoencoder,2,primary,0.01,10,3,climb,63828,455,0.007128532932255437,0.05389666557312012
lstm_autoencoder,2,primary,0.01,10,3,cruise,95181,2793,0.029344091783023923,0.05389666557312012
lstm_autoencoder,2,primary,0.01,10,3,descent,90839,3709,0.04083048030031154,0.05389666557312012
lstm_autoencoder,2,primary,0.01,11,3,overall,261207,5090,0.019486460929454417,0.05389666557312012
lstm_autoencoder,2,primary,0.01,11,3,climb,63479,349,0.005497881189054648,0.05389666557312012
lstm_autoencoder,2,primary,0.01,11,3,cruise,98352,2106,0.021412884333821377,0.05389666557312012
lstm_autoencoder,2,primary,0.01,11,3,descent,99376,2635,0.026515456448237,0.05389666557312012
lstm_autoencoder,2,primary,0.01,12,1,overall,155440,1286,0.008273288728769944,0.05389666557312012
lstm_autoencoder,2,primary,0.01,12,1,climb,35417,367,0.010362255414066691,0.05389666557312012
lstm_autoencoder,2,primary,0.01,12,1,cruise,47845,233,0.00486989236074825,0.05389666557312012
lstm_autoencoder,2,primary,0.01,12,1,descent,72178,686,0.00950428108287844,0.05389666557312012
lstm_autoencoder,2,primary,0.01,13,3,overall,251673,5734,0.02278353259984186,0.05389666557312012
lstm_autoencoder,2,primary,0.01,13,3,climb,66056,628,0.009507084897662589,0.05389666557312012
lstm_autoencoder,2,primary,0.01,13,3,cruise,81213,2282,0.028098949675544556,0.05389666557312012
lstm_autoencoder,2,primary,0.01,13,3,descent,104404,2824,0.027048772077698173,0.05389666557312012
lstm_autoencoder,2,primary,0.01,14,1,overall,159581,1187,0.0074382288618319225,0.05389666557312012
lstm_autoencoder,2,primary,0.01,14,1,climb,33331,217,0.006510455731901233,0.05389666557312012
lstm_autoencoder,2,primary,0.01,14,1,cruise,52432,391,0.007457277998169057,0.05389666557312012
lstm_autoencoder,2,primary,0.01,14,1,descent,73818,579,0.007843615378363,0.05389666557312012
lstm_autoencoder,2,primary,0.01,15,2,overall,216930,2581,0.011897847231825935,0.05389666557312012
lstm_autoencoder,2,primary,0.01,15,2,climb,64502,511,0.00792223496945831,0.05389666557312012
lstm_autoencoder,2,primary,0.01,15,2,cruise,61379,846,0.013783215757832484,0.05389666557312012
lstm_autoencoder,2,primary,0.01,15,2,descent,91049,1224,0.013443310744763808,0.05389666557312012
lstm_autoencoder,2,primary,0.01,all,mixed,overall,1294679,22835,0.017637576573034705,0.05389666557312012
lstm_autoencoder,2,primary,0.01,all,mixed,climb,326613,2527,0.00773698536188088,0.05389666557312012
lstm_autoencoder,2,primary,0.01,all,mixed,cruise,436402,8651,0.019823465520323005,0.05389666557312012
lstm_autoencoder,2,primary,0.01,all,mixed,descent,531664,11657,0.021925501820698787,0.05389666557312012
lstm_autoencoder,2,primary,0.02,10,3,overall,249848,13736,0.05497742627517531,0.033020634204149246
lstm_autoencoder,2,primary,0.02,10,3,climb,63828,1055,0.016528796139625244,0.033020634204149246
lstm_autoencoder,2,primary,0.02,10,3,cruise,95181,5415,0.0568916065181076,0.033020634204149246
lstm_autoencoder,2,primary,0.02,10,3,descent,90839,7266,0.07998767049395084,0.033020634204149246
lstm_autoencoder,2,primary,0.02,11,3,overall,261207,9551,0.036564870007312206,0.033020634204149246
lstm_autoencoder,2,primary,0.02,11,3,climb,63479,550,0.00866428267616062,0.033020634204149246
lstm_autoencoder,2,primary,0.02,11,3,cruise,98352,4018,0.04085326175370099,0.033020634204149246
lstm_autoencoder,2,primary,0.02,11,3,descent,99376,4983,0.05014289164385767,0.033020634204149246
lstm_autoencoder,2,primary,0.02,12,1,overall,155440,3279,0.021094956253216675,0.033020634204149246
lstm_autoencoder,2,primary,0.02,12,1,climb,35417,852,0.024056244176525396,0.033020634204149246
lstm_autoencoder,2,primary,0.02,12,1,cruise,47845,443,0.009259065733096457,0.033020634204149246
lstm_autoencoder,2,primary,0.02,12,1,descent,72178,1984,0.027487600099753387,0.033020634204149246
lstm_autoencoder,2,primary,0.02,13,3,overall,251673,10439,0.041478426370727094,0.033020634204149246
lstm_autoencoder,2,primary,0.02,13,3,climb,66056,1162,0.01759113479471963,0.033020634204149246
lstm_autoencoder,2,primary,0.02,13,3,cruise,81213,4081,0.050250575646756064,0.033020634204149246
lstm_autoencoder,2,primary,0.02,13,3,descent,104404,5196,0.049768208114631625,0.033020634204149246
lstm_autoencoder,2,primary,0.02,14,1,overall,159581,2613,0.016374129752288805,0.033020634204149246
lstm_autoencoder,2,primary,0.02,14,1,climb,33331,416,0.01248087366115628,0.033020634204149246
lstm_autoencoder,2,primary,0.02,14,1,cruise,52432,743,0.014170735428745805,0.033020634204149246
lstm_autoencoder,2,primary,0.02,14,1,descent,73818,1454,0.01969709284998239,0.033020634204149246
lstm_autoencoder,2,primary,0.02,15,2,overall,216930,5153,0.02375420642603605,0.033020634204149246
lstm_autoencoder,2,primary,0.02,15,2,climb,64502,1004,0.015565408824532573,0.033020634204149246
lstm_autoencoder,2,primary,0.02,15,2,cruise,61379,1519,0.024747877938708678,0.033020634204149246
lstm_autoencoder,2,primary,0.02,15,2,descent,91049,2630,0.028885545146020274,0.033020634204149246
lstm_autoencoder,2,primary,0.02,all,mixed,overall,1294679,44771,0.03458077253126064,0.033020634204149246
lstm_autoencoder,2,primary,0.02,all,mixed,climb,326613,5039,0.015428044811443513,0.033020634204149246
lstm_autoencoder,2,primary,0.02,all,mixed,cruise,436402,16219,0.037165274219641525,0.033020634204149246
lstm_autoencoder,2,primary,0.02,all,mixed,descent,531664,23513,0.044225300189593426,0.033020634204149246
