detector,seed,phase_definition,nominal_fpr,unit,flight_class,phase,n,false_alarms,false_alarm_rate,threshold,matched_fc
pca,-1,primary,0.005,11,3,overall,213306,1140,0.005344434755703074,0.7679242117073919,True
pca,-1,primary,0.005,11,3,climb,53678,7,0.00013040724319087895,0.7679242117073919,True
pca,-1,primary,0.005,11,3,cruise,86535,224,0.002588547986363899,0.7679242117073919,True
pca,-1,primary,0.005,11,3,descent,73093,909,0.012436211401912632,0.7679242117073919,True
pca,-1,primary,0.005,14,1,overall,72268,389,0.005382742015829966,0.7679242117073919,False
pca,-1,primary,0.005,14,1,climb,12241,17,0.0013887754268442122,0.7679242117073919,False
pca,-1,primary,0.005,14,1,cruise,33377,67,0.002007370344848249,0.7679242117073919,False
pca,-1,primary,0.005,14,1,descent,26650,305,0.011444652908067543,0.7679242117073919,False
pca,-1,primary,0.005,15,2,overall,147539,788,0.005340960695138235,0.7679242117073919,False
pca,-1,primary,0.005,15,2,climb,48789,27,0.0005534034311012728,0.7679242117073919,False
pca,-1,primary,0.005,15,2,cruise,53466,151,0.00282422474095687,0.7679242117073919,False
pca,-1,primary,0.005,15,2,descent,45284,610,0.013470541471601448,0.7679242117073919,False
pca,-1,primary,0.005,all,mixed,overall,433113,2317,0.005349643164716829,0.7679242117073919,False
pca,-1,primary,0.005,all,mixed,climb,114708,51,0.0004446071764828957,0.7679242117073919,False
pca,-1,primary,0.005,all,mixed,cruise,173378,442,0.0025493430539053397,0.7679242117073919,False
pca,-1,primary,0.005,all,mixed,descent,145027,1824,0.012576968426568845,0.7679242117073919,False
pca,-1,primary,0.01,11,3,overall,213306,2435,0.01141552511415525,0.5031777905496853,True
pca,-1,primary,0.01,11,3,climb,53678,52,0.0009687395208465294,0.5031777905496853,True
pca,-1,primary,0.01,11,3,cruise,86535,351,0.004056162246489859,0.5031777905496853,True
pca,-1,primary,0.01,11,3,descent,73093,2032,0.027800199745529667,0.5031777905496853,True
pca,-1,primary,0.01,14,1,overall,72268,1525,0.02110200918802236,0.5031777905496853,False
pca,-1,primary,0.01,14,1,climb,12241,36,0.0029409361980230375,0.5031777905496853,False
pca,-1,primary,0.01,14,1,cruise,33377,164,0.004913563232165863,0.5031777905496853,False
pca,-1,primary,0.01,14,1,descent,26650,1325,0.04971857410881801,0.5031777905496853,False
pca,-1,primary,0.01,15,2,overall,147539,1942,0.013162621408576715,0.5031777905496853,False
pca,-1,primary,0.01,15,2,climb,48789,55,0.0011273032855766668,0.5031777905496853,False
pca,-1,primary,0.01,15,2,cruise,53466,227,0.004245688848988142,0.5031777905496853,False
pca,-1,primary,0.01,15,2,descent,45284,1660,0.036657539086653125,0.5031777905496853,False
pca,-1,primary,0.01,all,mixed,overall,433113,5902,0.013626928769166477,0.5031777905496853,False
pca,-1,primary,0.01,all,mixed,climb,114708,143,0.001246643651706943,0.5031777905496853,False
pca,-1,primary,0.01,all,mixed,cruise,173378,742,0.0042796663936600955,0.5031777905496853,False
pca,-1,primary,0.01,all,mixed,descent,145027,5017,0.03459355844084205,0.5031777905496853,False
pca,-1,primary,0.02,11,3,overall,213306,4988,0.0233842461065324,0.27414895803444067,True
pca,-1,primary,0.02,11,3,climb,53678,95,0.0017698125861619286,0.27414895803444067,True
pca,-1,primary,0.02,11,3,cruise,86535,609,0.0070376148379268505,0.27414895803444067,True
pca,-1,primary,0.02,11,3,descent,73093,4284,0.05861026363673676,0.27414895803444067,True
pca,-1,primary,0.02,14,1,overall,72268,2923,0.04044667072563237,0.27414895803444067,False
pca,-1,primary,0.02,14,1,climb,12241,272,0.022220406829507395,0.27414895803444067,False
pca,-1,primary,0.02,14,1,cruise,33377,536,0.016058962758785992,0.27414895803444067,False
pca,-1,primary,0.02,14,1,descent,26650,2115,0.07936210131332083,0.27414895803444067,False
pca,-1,primary,0.02,15,2,overall,147539,3958,0.026826805115935447,0.27414895803444067,False
pca,-1,primary,0.02,15,2,climb,48789,89,0.0018241816802967881,0.27414895803444067,False
pca,-1,primary,0.02,15,2,cruise,53466,375,0.007013803164627988,0.27414895803444067,False
pca,-1,primary,0.02,15,2,descent,45284,3494,0.07715749492094338,0.27414895803444067,False
pca,-1,primary,0.02,all,mixed,overall,433113,11869,0.02740393384636342,0.27414895803444067,False
pca,-1,primary,0.02,all,mixed,climb,114708,456,0.003975311225023538,0.27414895803444067,False
pca,-1,primary,0.02,all,mixed,cruise,173378,1520,0.008766971588090762,0.27414895803444067,False
pca,-1,primary,0.02,all,mixed,descent,145027,9893,0.068214884125025,0.27414895803444067,False
pca,-1,alt_rate,0.005,11,3,overall,213306,1140,0.005344434755703074,0.7679242117073919,True
pca,-1,alt_rate,0.005,11,3,climb,58507,18,0.0003076554942143675,0.7679242117073919,True
pca,-1,alt_rate,0.005,11,3,cruise,83871,133,0.0015857686208582227,0.7679242117073919,True
pca,-1,alt_rate,0.005,11,3,descent,70928,989,0.013943717572749832,0.7679242117073919,True
pca,-1,alt_rate,0.005,14,1,overall,72268,389,0.005382742015829966,0.7679242117073919,False
pca,-1,alt_rate,0.005,14,1,climb,13993,17,0.0012148931608661473,0.7679242117073919,False
pca,-1,alt_rate,0.005,14,1,cruise,30506,60,0.0019668261981249592,0.7679242117073919,False
pca,-1,alt_rate,0.005,14,1,descent,27769,312,0.011235550433937124,0.7679242117073919,False
pca,-1,alt_rate,0.005,15,2,overall,147539,788,0.005340960695138235,0.7679242117073919,False
pca,-1,alt_rate,0.005,15,2,climb,53843,27,0.0005014579425366343,0.7679242117073919,False
pca,-1,alt_rate,0.005,15,2,cruise,43303,36,0.0008313511765928457,0.7679242117073919,False
pca,-1,alt_rate,0.005,15,2,descent,50393,725,0.014386918818089815,0.7679242117073919,False
pca,-1,alt_rate,0.005,all,mixed,overall,433113,2317,0.005349643164716829,0.7679242117073919,False
pca,-1,alt_rate,0.005,all,mixed,climb,126343,62,0.0004907276224246694,0.7679242117073919,False
pca,-1,alt_rate,0.005,all,mixed,cruise,157680,229,0.0014523084728564181,0.7679242117073919,False
pca,-1,alt_rate,0.005,all,mixed,descent,149090,2026,0.013589107250653968,0.7679242117073919,False
pca,-1,alt_rate,0.01,11,3,overall,213306,2435,0.01141552511415525,0.5031777905496853,True
pca,-1,alt_rate,0.01,11,3,climb,58507,72,0.00123062197685747,0.5031777905496853,True
pca,-1,alt_rate,0.01,11,3,cruise,83871,197,0.0023488452504441346,0.5031777905496853,True
pca,-1,alt_rate,0.01,11,3,descent,70928,2166,0.030538010376720055,0.5031777905496853,True
pca,-1,alt_rate,0.01,14,1,overall,72268,1525,0.02110200918802236,0.5031777905496853,False
pca,-1,alt_rate,0.01,14,1,climb,13993,37,0.0026441792324733795,0.5031777905496853,False
pca,-1,alt_rate,0.01,14,1,cruise,30506,146,0.004785943748770734,0.5031777905496853,False
pca,-1,alt_rate,0.01,14,1,descent,27769,1342,0.04832727141776801,0.5031777905496853,False
pca,-1,alt_rate,0.01,15,2,overall,147539,1942,0.013162621408576715,0.5031777905496853,False
pca,-1,alt_rate,0.01,15,2,climb,53843,56,0.00104006091785376,0.5031777905496853,False
pca,-1,alt_rate,0.01,15,2,cruise,43303,82,0.0018936332355725932,0.5031777905496853,False
pca,-1,alt_rate,0.01,15,2,descent,50393,1804,0.035798622824598655,0.5031777905496853,False
pca,-1,alt_rate,0.01,all,mixed,overall,433113,5902,0.013626928769166477,0.5031777905496853,False
pca,-1,alt_rate,0.01,all,mixed,climb,126343,165,0.0013059686725817813,0.5031777905496853,False
pca,-1,alt_rate,0.01,all,mixed,cruise,157680,425,0.0026953323186199897,0.5031777905496853,False
pca,-1,alt_rate,0.01,all,mixed,descent,149090,5312,0.035629485545643574,0.5031777905496853,False
pca,-1,alt_rate,0.02,11,3,overall,213306,4988,0.0233842461065324,0.27414895803444067,True
pca,-1,alt_rate,0.02,11,3,climb,58507,121,0.0020681285999965817,0.27414895803444067,True
pca,-1,alt_rate,0.02,11,3,cruise,83871,355,0.004232690679734354,0.27414895803444067,True
pca,-1,alt_rate,0.02,11,3,descent,70928,4512,0.06361380554928941,0.27414895803444067,True
pca,-1,alt_rate,0.02,14,1,overall,72268,2923,0.04044667072563237,0.27414895803444067,False
pca,-1,alt_rate,0.02,14,1,climb,13993,325,0.023225898663617524,0.27414895803444067,False
pca,-1,alt_rate,0.02,14,1,cruise,30506,428,0.014030026879958041,0.27414895803444067,False
pca,-1,alt_rate,0.02,14,1,descent,27769,2170,0.07814469372321653,0.27414895803444067,False
pca,-1,alt_rate,0.02,15,2,overall,147539,3958,0.026826805115935447,0.27414895803444067,False
pca,-1,alt_rate,0.02,15,2,climb,53843,90,0.0016715264751221144,0.27414895803444067,False
pca,-1,alt_rate,0.02,15,2,cruise,43303,140,0.003233032353416622,0.27414895803444067,False
pca,-1,alt_rate,0.02,15,2,descent,50393,3728,0.07397852876391563,0.27414895803444067,False
pca,-1,alt_rate,0.02,all,mixed,overall,433113,11869,0.02740393384636342,0.27414895803444067,False
pca,-1,alt_rate,0.02,all,mixed,climb,126343,536,0.0042424194454777865,0.27414895803444067,False
pca,-1,alt_rate,0.02,all,mixed,cruise,157680,923,0.005853627600202943,0.27414895803444067,False
pca,-1,alt_rate,0.02,all,mixed,descent,149090,10410,0.06982359648534442,0.27414895803444067,False
isolation_forest,0,primary,0.005,11,3,overall,213306,1154,0.005410068164983638,0.6284700307065089,True
isolation_forest,0,primary,0.005,11,3,climb,53678,17,0.0003167033048921346,0.6284700307065089,True
isolation_forest,0,primary,0.005,11,3,cruise,86535,158,0.0018258508118102503,0.6284700307065089,True
isolation_forest,0,primary,0.005,11,3,descent,73093,979,0.01339389544826454,0.6284700307065089,True
isolation_forest,0,primary,0.005,14,1,overall,72268,448,0.006199147617202635,0.6284700307065089,False
isolation_forest,0,primary,0.005,14,1,climb,12241,97,0.00792418920022874,0.6284700307065089,False
isolation_forest,0,primary,0.005,14,1,cruise,33377,161,0.004823680977918926,0.6284700307065089,False
isolation_forest,0,primary,0.005,14,1,descent,26650,190,0.007129455909943715,0.6284700307065089,False
isolation_forest,0,primary,0.005,15,2,overall,147539,545,0.00369393855184053,0.6284700307065089,False
isolation_forest,0,primary,0.005,15,2,climb,48789,39,0.0007993605115907274,0.6284700307065089,False
isolation_forest,0,primary,0.005,15,2,cruise,53466,143,0.0026745969401114726,0.6284700307065089,False
isolation_forest,0,primary,0.005,15,2,descent,45284,363,0.008016076318346436,0.6284700307065089,False
isolation_forest,0,primary,0.005,all,mixed,overall,433113,2147,0.004957135897560221,0.6284700307065089,False
isolation_forest,0,primary,0.005,all,mixed,climb,114708,153,0.0013338215294486872,0.6284700307065089,False
isolation_forest,0,primary,0.005,all,mixed,cruise,173378,462,0.0026646979432223233,0.6284700307065089,False
isolation_forest,0,primary,0.005,all,mixed,descent,145027,1532,0.010563550235473394,0.6284700307065089,False
isolation_forest,0,primary,0.01,11,3,overall,213306,2003,0.00939026562778356,0.565119723987118,True
isolation_forest,0,primary,0.01,11,3,climb,53678,49,0.0009128507023361527,0.565119723987118,True
isolation_forest,0,primary,0.01,11,3,cruise,86535,322,0.003721037730398105,0.565119723987118,True
isolation_forest,0,primary,0.01,11,3,descent,73093,1632,0.022327719480661624,0.565119723987118,True
isolation_forest,0,primary,0.01,14,1,overall,72268,1299,0.017974760613272817,0.565119723987118,False
isolation_forest,0,primary,0.01,14,1,climb,12241,182,0.0148680663344498,0.565119723987118,False
isolation_forest,0,primary,0.01,14,1,cruise,33377,450,0.013482338137040476,0.565119723987118,False
isolation_forest,0,primary,0.01,14,1,descent,26650,667,0.0250281425891182,0.565119723987118,False
isolation_forest,0,primary,0.01,15,2,overall,147539,1390,0.009421237774418967,0.565119723987118,False
isolation_forest,0,primary,0.01,15,2,climb,48789,96,0.001967656643915637,0.565119723987118,False
isolation_forest,0,primary,0.01,15,2,cruise,53466,210,0.003927729772191673,0.565119723987118,False
isolation_forest,0,primary,0.01,15,2,descent,45284,1084,0.02393781468068192,0.565119723987118,False
isolation_forest,0,primary,0.01,all,mixed,overall,433113,4692,0.010833200573522384,0.565119723987118,False
isolation_forest,0,primary,0.01,all,mixed,climb,114708,327,0.0028507166021550373,0.565119723987118,False
isolation_forest,0,primary,0.01,all,mixed,cruise,173378,982,0.005663925065463899,0.565119723987118,False
isolation_forest,0,primary,0.01,all,mixed,descent,145027,3383,0.023326690892040793,0.565119723987118,False
isolation_forest,0,primary,0.02,11,3,overall,213306,4170,0.0195493797642823,0.5073643629041794,True
isolation_forest,0,primary,0.02,11,3,climb,53678,113,0.0021051454972241886,0.5073643629041794,True
isolation_forest,0,primary,0.02,11,3,cruise,86535,550,0.0063558097879470735,0.5073643629041794,True
isolation_forest,0,primary,0.02,11,3,descent,73093,3507,0.047979970722230585,0.5073643629041794,True
isolation_forest,0,primary,0.02,14,1,overall,72268,4657,0.06444069297614435,0.5073643629041794,False
isolation_forest,0,primary,0.02,14,1,climb,12241,428,0.03496446368760722,0.5073643629041794,False
isolation_forest,0,primary,0.02,14,1,cruise,33377,870,0.026065853731611587,0.5073643629041794,False
isolation_forest,0,primary,0.02,14,1,descent,26650,3359,0.12604127579737337,0.5073643629041794,False
isolation_forest,0,primary,0.02,15,2,overall,147539,4306,0.02918550349399142,0.5073643629041794,False
isolation_forest,0,primary,0.02,15,2,climb,48789,198,0.0040582918280760005,0.5073643629041794,False
isolation_forest,0,primary,0.02,15,2,cruise,53466,334,0.006246960685295328,0.5073643629041794,False
isolation_forest,0,primary,0.02,15,2,descent,45284,3774,0.08334069428495716,0.5073643629041794,False
isolation_forest,0,primary,0.02,all,mixed,overall,433113,13133,0.03032234082098667,0.5073643629041794,False
isolation_forest,0,primary,0.02,all,mixed,climb,114708,739,0.006442445165114901,0.5073643629041794,False
isolation_forest,0,primary,0.02,all,mixed,cruise,173378,1754,0.01011662379309947,0.5073643629041794,False
isolation_forest,0,primary,0.02,all,mixed,descent,145027,10640,0.07336564915498493,0.5073643629041794,False
isolation_forest,0,alt_rate,0.005,11,3,overall,213306,1154,0.005410068164983638,0.6284700307065089,True
isolation_forest,0,alt_rate,0.005,11,3,climb,58507,27,0.0004614832413215513,0.6284700307065089,True
isolation_forest,0,alt_rate,0.005,11,3,cruise,83871,119,0.0014188456081363045,0.6284700307065089,True
isolation_forest,0,alt_rate,0.005,11,3,descent,70928,1008,0.014211594856756148,0.6284700307065089,True
isolation_forest,0,alt_rate,0.005,14,1,overall,72268,448,0.006199147617202635,0.6284700307065089,False
isolation_forest,0,alt_rate,0.005,14,1,climb,13993,97,0.006932037447295076,0.6284700307065089,False
isolation_forest,0,alt_rate,0.005,14,1,cruise,30506,138,0.004523700255687406,0.6284700307065089,False
isolation_forest,0,alt_rate,0.005,14,1,descent,27769,213,0.007670423853937844,0.6284700307065089,False
isolation_forest,0,alt_rate,0.005,15,2,overall,147539,545,0.00369393855184053,0.6284700307065089,False
isolation_forest,0,alt_rate,0.005,15,2,climb,53843,39,0.0007243281392195829,0.6284700307065089,False
isolation_forest,0,alt_rate,0.005,15,2,cruise,43303,23,0.0005311410294898737,0.6284700307065089,False
isolation_forest,0,alt_rate,0.005,15,2,descent,50393,483,0.009584664536741214,0.6284700307065089,False
isolation_forest,0,alt_rate,0.005,all,mixed,overall,433113,2147,0.004957135897560221,0.6284700307065089,False
isolation_forest,0,alt_rate,0.005,all,mixed,climb,126343,163,0.0012901387492777598,0.6284700307065089,False
isolation_forest,0,alt_rate,0.005,all,mixed,cruise,157680,280,0.0017757483510908167,0.6284700307065089,False
isolation_forest,0,alt_rate,0.005,all,mixed,descent,149090,1704,0.011429337983768193,0.6284700307065089,False
isolation_forest,0,alt_rate,0.01,11,3,overall,213306,2003,0.00939026562778356,0.565119723987118,True
isolation_forest,0,alt_rate,0.01,11,3,climb,58507,70,0.0011964380330558735,0.565119723987118,True
isolation_forest,0,alt_rate,0.01,11,3,cruise,83871,182,0.0021699991653849364,0.565119723987118,True
isolation_forest,0,alt_rate,0.01,11,3,descent,70928,1751,0.02468700654184525,0.565119723987118,True
isolation_forest,0,alt_rate,0.01,14,1,overall,72268,1299,0.017974760613272817,0.565119723987118,False
isolation_forest,0,alt_rate,0.01,14,1,climb,13993,183,0.013077967555206174,0.565119723987118,False
isolation_forest,0,alt_rate,0.01,14,1,cruise,30506,372,0.012194322428374746,0.565119723987118,False
isolation_forest,0,alt_rate,0.01,14,1,descent,27769,744,0.02679246641938853,0.565119723987118,False
isolation_forest,0,alt_rate,0.01,15,2,overall,147539,1390,0.009421237774418967,0.565119723987118,False
isolation_forest,0,alt_rate,0.01,15,2,climb,53843,96,0.0017829615734635887,0.565119723987118,False
isolation_forest,0,alt_rate,0.01,15,2,cruise,43303,43,0.000993002794263677,0.565119723987118,False
isolation_forest,0,alt_rate,0.01,15,2,descent,50393,1251,0.024824876470938423,0.565119723987118,False
isolation_forest,0,alt_rate,0.01,all,mixed,overall,433113,4692,0.010833200573522384,0.565119723987118,False
isolation_forest,0,alt_rate,0.01,all,mixed,climb,126343,349,0.002762321616551768,0.565119723987118,False
isolation_forest,0,alt_rate,0.01,all,mixed,cruise,157680,597,0.0037861491628614916,0.565119723987118,False
isolation_forest,0,alt_rate,0.01,all,mixed,descent,149090,3746,0.02512576296196928,0.565119723987118,False
isolation_forest,0,alt_rate,0.02,11,3,overall,213306,4170,0.0195493797642823,0.5073643629041794,True
isolation_forest,0,alt_rate,0.02,11,3,climb,58507,142,0.0024270600099133436,0.5073643629041794,True
isolation_forest,0,alt_rate,0.02,11,3,cruise,83871,258,0.0030761526630182067,0.5073643629041794,True
isolation_forest,0,alt_rate,0.02,11,3,descent,70928,3770,0.0531524926686217,0.5073643629041794,True
isolation_forest,0,alt_rate,0.02,14,1,overall,72268,4657,0.06444069297614435,0.5073643629041794,False
isolation_forest,0,alt_rate,0.02,14,1,climb,13993,503,0.03594654470092189,0.5073643629041794,False
isolation_forest,0,alt_rate,0.02,14,1,cruise,30506,633,0.02075001639021832,0.5073643629041794,False
isolation_forest,0,alt_rate,0.02,14,1,descent,27769,3521,0.12679606755734812,0.5073643629041794,False
isolation_forest,0,alt_rate,0.02,15,2,overall,147539,4306,0.02918550349399142,0.5073643629041794,False
isolation_forest,0,alt_rate,0.02,15,2,climb,53843,198,0.0036773582452686512,0.5073643629041794,False
isolation_forest,0,alt_rate,0.02,15,2,cruise,43303,96,0.002216936470914255,0.5073643629041794,False
isolation_forest,0,alt_rate,0.02,15,2,descent,50393,4012,0.07961423213541563,0.5073643629041794,False
isolation_forest,0,alt_rate,0.02,all,mixed,overall,433113,13133,0.03032234082098667,0.5073643629041794,False
isolation_forest,0,alt_rate,0.02,all,mixed,climb,126343,843,0.006672312672645101,0.5073643629041794,False
isolation_forest,0,alt_rate,0.02,all,mixed,cruise,157680,987,0.006259512937595129,0.5073643629041794,False
isolation_forest,0,alt_rate,0.02,all,mixed,descent,149090,11303,0.07581326715406801,0.5073643629041794,False
isolation_forest,1,primary,0.005,11,3,overall,213306,1219,0.005714794708071971,0.6309654301799236,True
isolation_forest,1,primary,0.005,11,3,climb,53678,10,0.00018629606170125564,0.6309654301799236,True
isolation_forest,1,primary,0.005,11,3,cruise,86535,151,0.0017449586872363783,0.6309654301799236,True
isolation_forest,1,primary,0.005,11,3,descent,73093,1058,0.014474710300575979,0.6309654301799236,True
isolation_forest,1,primary,0.005,14,1,overall,72268,512,0.007084740133945868,0.6309654301799236,False
isolation_forest,1,primary,0.005,14,1,climb,12241,85,0.006943877134221061,0.6309654301799236,False
isolation_forest,1,primary,0.005,14,1,cruise,33377,228,0.006831051322767175,0.6309654301799236,False
isolation_forest,1,primary,0.005,14,1,descent,26650,199,0.007467166979362102,0.6309654301799236,False
isolation_forest,1,primary,0.005,15,2,overall,147539,561,0.003802384454279885,0.6309654301799236,False
isolation_forest,1,primary,0.005,15,2,climb,48789,35,0.0007173748180942425,0.6309654301799236,False
isolation_forest,1,primary,0.005,15,2,cruise,53466,127,0.0023753413384206786,0.6309654301799236,False
isolation_forest,1,primary,0.005,15,2,descent,45284,399,0.008811059093719636,0.6309654301799236,False
isolation_forest,1,primary,0.005,all,mixed,overall,433113,2292,0.005291921507782034,0.6309654301799236,False
isolation_forest,1,primary,0.005,all,mixed,climb,114708,130,0.0011333124106426753,0.6309654301799236,False
isolation_forest,1,primary,0.005,all,mixed,cruise,173378,506,0.0029184786997196875,0.6309654301799236,False
isolation_forest,1,primary,0.005,all,mixed,descent,145027,1656,0.011418563439911189,0.6309654301799236,False
isolation_forest,1,primary,0.01,11,3,overall,213306,2030,0.00951684434568179,0.5647429033993273,True
isolation_forest,1,primary,0.01,11,3,climb,53678,45,0.0008383322776556503,0.5647429033993273,True
isolation_forest,1,primary,0.01,11,3,cruise,86535,265,0.003062344716010863,0.5647429033993273,True
isolation_forest,1,primary,0.01,11,3,descent,73093,1720,0.02353166513893259,0.5647429033993273,True
isolation_forest,1,primary,0.01,14,1,overall,72268,1533,0.021212708252615266,0.5647429033993273,False
isolation_forest,1,primary,0.01,14,1,climb,12241,159,0.012989134874601748,0.5647429033993273,False
isolation_forest,1,primary,0.01,14,1,cruise,33377,470,0.014081553165353387,0.5647429033993273,False
isolation_forest,1,primary,0.01,14,1,descent,26650,904,0.03392120075046905,0.5647429033993273,False
isolation_forest,1,primary,0.01,15,2,overall,147539,1563,0.010593809094544493,0.5647429033993273,False
isolation_forest,1,primary,0.01,15,2,climb,48789,90,0.0018446781036709095,0.5647429033993273,False
isolation_forest,1,primary,0.01,15,2,cruise,53466,188,0.0035162533198668314,0.5647429033993273,False
isolation_forest,1,primary,0.01,15,2,descent,45284,1285,0.028376468509848953,0.5647429033993273,False
isolation_forest,1,primary,0.01,all,mixed,overall,433113,5126,0.01183524853791043,0.5647429033993273,False
isolation_forest,1,primary,0.01,all,mixed,climb,114708,294,0.002563029605607281,0.5647429033993273,False
isolation_forest,1,primary,0.01,all,mixed,cruise,173378,923,0.005323628141978798,0.5647429033993273,False
isolation_forest,1,primary,0.01,all,mixed,descent,145027,3909,0.026953601743123695,0.5647429033993273,False
isolation_forest,1,primary,0.02,11,3,overall,213306,3982,0.018668016839657582,0.5089137200980296,True
isolation_forest,1,primary,0.02,11,3,climb,53678,107,0.001993367860203435,0.5089137200980296,True
isolation_forest,1,primary,0.02,11,3,cruise,86535,521,0.006020685271855319,0.5089137200980296,True
isolation_forest,1,primary,0.02,11,3,descent,73093,3354,0.04588674702091856,0.5089137200980296,True
isolation_forest,1,primary,0.02,14,1,overall,72268,4296,0.05944539768638955,0.5089137200980296,False
isolation_forest,1,primary,0.02,14,1,climb,12241,387,0.03161506412874765,0.5089137200980296,False
isolation_forest,1,primary,0.02,14,1,cruise,33377,809,0.024238247895257213,0.5089137200980296,False
isolation_forest,1,primary,0.02,14,1,descent,26650,3100,0.11632270168855535,0.5089137200980296,False
isolation_forest,1,primary,0.02,15,2,overall,147539,4091,0.027728261679962587,0.5089137200980296,False
isolation_forest,1,primary,0.02,15,2,climb,48789,183,0.0037508454774641824,0.5089137200980296,False
isolation_forest,1,primary,0.02,15,2,cruise,53466,313,0.0058541877080761605,0.5089137200980296,False
isolation_forest,1,primary,0.02,15,2,descent,45284,3595,0.07938786326296264,0.5089137200980296,False
isolation_forest,1,primary,0.02,all,mixed,overall,433113,12369,0.028558366985059327,0.5089137200980296,False
isolation_forest,1,primary,0.02,all,mixed,climb,114708,677,0.005901942323116086,0.5089137200980296,False
isolation_forest,1,primary,0.02,all,mixed,cruise,173378,1643,0.009476404157390211,0.5089137200980296,False
isolation_forest,1,primary,0.02,all,mixed,descent,145027,10049,0.06929054589834996,0.5089137200980296,False
isolation_forest,1,alt_rate,0.005,11,3,overall,213306,1219,0.005714794708071971,0.6309654301799236,True
isolation_forest,1,alt_rate,0.005,11,3,climb,58507,19,0.0003247474661151657,0.6309654301799236,True
isolation_forest,1,alt_rate,0.005,11,3,cruise,83871,114,0.0013592302464499053,0.6309654301799236,True
isolation_forest,1,alt_rate,0.005,11,3,descent,70928,1086,0.015311301601624182,0.6309654301799236,True
isolation_forest,1,alt_rate,0.005,14,1,overall,72268,512,0.007084740133945868,0.6309654301799236,False
isolation_forest,1,alt_rate,0.005,14,1,climb,13993,85,0.006074465804330737,0.6309654301799236,False
isolation_forest,1,alt_rate,0.005,14,1,cruise,30506,199,0.006523306890447781,0.6309654301799236,False
isolation_forest,1,alt_rate,0.005,14,1,descent,27769,228,0.008210594547877129,0.6309654301799236,False
isolation_forest,1,alt_rate,0.005,15,2,overall,147539,561,0.003802384454279885,0.6309654301799236,False
isolation_forest,1,alt_rate,0.005,15,2,climb,53843,35,0.0006500380736586,0.6309654301799236,False
isolation_forest,1,alt_rate,0.005,15,2,cruise,43303,17,0.00039258250005773273,0.6309654301799236,False
isolation_forest,1,alt_rate,0.005,15,2,descent,50393,509,0.01010060921159685,0.6309654301799236,False
isolation_forest,1,alt_rate,0.005,all,mixed,overall,433113,2292,0.005291921507782034,0.6309654301799236,False
isolation_forest,1,alt_rate,0.005,all,mixed,climb,126343,139,0.0011001796696295007,0.6309654301799236,False
isolation_forest,1,alt_rate,0.005,all,mixed,cruise,157680,330,0.0020928462709284626,0.6309654301799236,False
isolation_forest,1,alt_rate,0.005,all,mixed,descent,149090,1823,0.012227513582399893,0.6309654301799236,False
isolation_forest,1,alt_rate,0.01,11,3,overall,213306,2030,0.00951684434568179,0.5647429033993273,True
isolation_forest,1,alt_rate,0.01,11,3,climb,58507,66,0.0011280701454526808,0.5647429033993273,True
isolation_forest,1,alt_rate,0.01,11,3,cruise,83871,180,0.0021461530207103766,0.5647429033993273,True
isolation_forest,1,alt_rate,0.01,11,3,descent,70928,1784,0.025152267087750958,0.5647429033993273,True
isolation_forest,1,alt_rate,0.01,14,1,overall,72268,1533,0.021212708252615266,0.5647429033993273,False
isolation_forest,1,alt_rate,0.01,14,1,climb,13993,160,0.011434288572857857,0.5647429033993273,False
isolation_forest,1,alt_rate,0.01,14,1,cruise,30506,392,0.012849931161083065,0.5647429033993273,False
isolation_forest,1,alt_rate,0.01,14,1,descent,27769,981,0.03532716338362923,0.5647429033993273,False
isolation_forest,1,alt_rate,0.01,15,2,overall,147539,1563,0.010593809094544493,0.5647429033993273,False
isolation_forest,1,alt_rate,0.01,15,2,climb,53843,90,0.0016715264751221144,0.5647429033993273,False
isolation_forest,1,alt_rate,0.01,15,2,cruise,43303,43,0.000993002794263677,0.5647429033993273,False
isolation_forest,1,alt_rate,0.01,15,2,descent,50393,1430,0.028376957117059908,0.5647429033993273,False
isolation_forest,1,alt_rate,0.01,all,mixed,overall,433113,5126,0.01183524853791043,0.5647429033993273,False
isolation_forest,1,alt_rate,0.01,all,mixed,climb,126343,316,0.0025011278820354114,0.5647429033993273,False
isolation_forest,1,alt_rate,0.01,all,mixed,cruise,157680,615,0.003900304414003044,0.5647429033993273,False
isolation_forest,1,alt_rate,0.01,all,mixed,descent,149090,4195,0.028137366691260313,0.5647429033993273,False
isolation_forest,1,alt_rate,0.02,11,3,overall,213306,3982,0.018668016839657582,0.5089137200980296,True
isolation_forest,1,alt_rate,0.02,11,3,climb,58507,136,0.0023245081785085546,0.5089137200980296,True
isolation_forest,1,alt_rate,0.02,11,3,cruise,83871,253,0.0030165373013318073,0.5089137200980296,True
isolation_forest,1,alt_rate,0.02,11,3,descent,70928,3593,0.05065700428603655,0.5089137200980296,True
isolation_forest,1,alt_rate,0.02,14,1,overall,72268,4296,0.05944539768638955,0.5089137200980296,False
isolation_forest,1,alt_rate,0.02,14,1,climb,13993,439,0.03137282927177874,0.5089137200980296,False
isolation_forest,1,alt_rate,0.02,14,1,cruise,30506,633,0.02075001639021832,0.5089137200980296,False
isolation_forest,1,alt_rate,0.02,14,1,descent,27769,3224,0.11610068781735028,0.5089137200980296,False
isolation_forest,1,alt_rate,0.02,15,2,overall,147539,4091,0.027728261679962587,0.5089137200980296,False
isolation_forest,1,alt_rate,0.02,15,2,climb,53843,183,0.0033987704994149657,0.5089137200980296,False
isolation_forest,1,alt_rate,0.02,15,2,cruise,43303,90,0.0020783779414821142,0.5089137200980296,False
isolation_forest,1,alt_rate,0.02,15,2,descent,50393,3818,0.07576449109995435,0.5089137200980296,False
isolation_forest,1,alt_rate,0.02,all,mixed,overall,433113,12369,0.028558366985059327,0.5089137200980296,False
isolation_forest,1,alt_rate,0.02,all,mixed,climb,126343,758,0.0059995409322241835,0.5089137200980296,False
isolation_forest,1,alt_rate,0.02,all,mixed,cruise,157680,976,0.0061897513952308475,0.5089137200980296,False
isolation_forest,1,alt_rate,0.02,all,mixed,descent,149090,10635,0.0713327520289758,0.5089137200980296,False
isolation_forest,2,primary,0.005,11,3,overall,213306,1166,0.005466325372938408,0.6243043712959749,True
isolation_forest,2,primary,0.005,11,3,climb,53678,19,0.0003539625172323857,0.6243043712959749,True
isolation_forest,2,primary,0.005,11,3,cruise,86535,154,0.0017796267406251806,0.6243043712959749,True
isolation_forest,2,primary,0.005,11,3,descent,73093,993,0.013585432257534922,0.6243043712959749,True
isolation_forest,2,primary,0.005,14,1,overall,72268,466,0.006448220512536669,0.6243043712959749,False
isolation_forest,2,primary,0.005,14,1,climb,12241,97,0.00792418920022874,0.6243043712959749,False
isolation_forest,2,primary,0.005,14,1,cruise,33377,177,0.005303053000569254,0.6243043712959749,False
isolation_forest,2,primary,0.005,14,1,descent,26650,192,0.007204502814258912,0.6243043712959749,False
isolation_forest,2,primary,0.005,15,2,overall,147539,547,0.0037074942896454495,0.6243043712959749,False
isolation_forest,2,primary,0.005,15,2,climb,48789,38,0.0007788640882166062,0.6243043712959749,False
isolation_forest,2,primary,0.005,15,2,cruise,53466,134,0.002506265664160401,0.6243043712959749,False
isolation_forest,2,primary,0.005,15,2,descent,45284,375,0.008281070576804168,0.6243043712959749,False
isolation_forest,2,primary,0.005,all,mixed,overall,433113,2179,0.005031019618436759,0.6243043712959749,False
isolation_forest,2,primary,0.005,all,mixed,climb,114708,154,0.0013425393172228615,0.6243043712959749,False
isolation_forest,2,primary,0.005,all,mixed,cruise,173378,465,0.002682001176619871,0.6243043712959749,False
isolation_forest,2,primary,0.005,all,mixed,descent,145027,1560,0.01075661773324967,0.6243043712959749,False
isolation_forest,2,primary,0.01,11,3,overall,213306,2040,0.009563725352310764,0.5648015536437387,True
isolation_forest,2,primary,0.01,11,3,climb,53678,41,0.0007638138529751481,0.5648015536437387,True
isolation_forest,2,primary,0.01,11,3,cruise,86535,320,0.00369792569480557,0.5648015536437387,True
isolation_forest,2,primary,0.01,11,3,descent,73093,1679,0.022970735911783616,0.5648015536437387,True
isolation_forest,2,primary,0.01,14,1,overall,72268,1376,0.01904023910997952,0.5648015536437387,False
isolation_forest,2,primary,0.01,14,1,climb,12241,168,0.013724368924107508,0.5648015536437387,False
isolation_forest,2,primary,0.01,14,1,cruise,33377,473,0.014171435419600323,0.5648015536437387,False
isolation_forest,2,primary,0.01,14,1,descent,26650,735,0.027579737335834898,0.5648015536437387,False
isolation_forest,2,primary,0.01,15,2,overall,147539,1465,0.009929577942103444,0.5648015536437387,False
isolation_forest,2,primary,0.01,15,2,climb,48789,92,0.001885670950419152,0.5648015536437387,False
isolation_forest,2,primary,0.01,15,2,cruise,53466,204,0.0038155089215576254,0.5648015536437387,False
isolation_forest,2,primary,0.01,15,2,descent,45284,1169,0.02581485734475753,0.5648015536437387,False
isolation_forest,2,primary,0.01,all,mixed,overall,433113,4881,0.011269576299949435,0.5648015536437387,False
isolation_forest,2,primary,0.01,all,mixed,climb,114708,301,0.002624054120026502,0.5648015536437387,False
isolation_forest,2,primary,0.01,all,mixed,cruise,173378,997,0.005750441232451637,0.5648015536437387,False
isolation_forest,2,primary,0.01,all,mixed,descent,145027,3583,0.024705744447585623,0.5648015536437387,False
isolation_forest,2,primary,0.02,11,3,overall,213306,3933,0.018438299907175607,0.511534751949156,True
isolation_forest,2,primary,0.02,11,3,climb,53678,101,0.001881590223182682,0.511534751949156,True
isolation_forest,2,primary,0.02,11,3,cruise,86535,545,0.006298029698965736,0.511534751949156,True
isolation_forest,2,primary,0.02,11,3,descent,73093,3287,0.044970106576553155,0.511534751949156,True
isolation_forest,2,primary,0.02,14,1,overall,72268,4484,0.0620468257043228,0.511534751949156,False
isolation_forest,2,primary,0.02,14,1,climb,12241,367,0.029981210685401518,0.511534751949156,False
isolation_forest,2,primary,0.02,14,1,cruise,33377,814,0.02438805165233544,0.511534751949156,False
isolation_forest,2,primary,0.02,14,1,descent,26650,3303,0.12393996247654784,0.511534751949156,False
isolation_forest,2,primary,0.02,15,2,overall,147539,4199,0.028460271521428233,0.511534751949156,False
isolation_forest,2,primary,0.02,15,2,climb,48789,186,0.003812334747586546,0.511534751949156,False
isolation_forest,2,primary,0.02,15,2,cruise,53466,323,0.006041222459132907,0.511534751949156,False
isolation_forest,2,primary,0.02,15,2,descent,45284,3690,0.08148573447575302,0.511534751949156,False
isolation_forest,2,primary,0.02,all,mixed,overall,433113,12616,0.029128656955575104,0.511534751949156,False
isolation_forest,2,primary,0.02,all,mixed,climb,114708,654,0.005701433204310075,0.511534751949156,False
isolation_forest,2,primary,0.02,all,mixed,cruise,173378,1682,0.00970134619155833,0.511534751949156,False
isolation_forest,2,primary,0.02,all,mixed,descent,145027,10280,0.07088335275500424,0.511534751949156,False
isolation_forest,2,alt_rate,0.005,11,3,overall,213306,1166,0.005466325372938408,0.6243043712959749,True
isolation_forest,2,alt_rate,0.005,11,3,climb,58507,30,0.0005127591570239458,0.6243043712959749,True
isolation_forest,2,alt_rate,0.005,11,3,cruise,83871,117,0.0013949994634617447,0.6243043712959749,True
isolation_forest,2,alt_rate,0.005,11,3,descent,70928,1019,0.014366681705391383,0.6243043712959749,True
isolation_forest,2,alt_rate,0.005,14,1,overall,72268,466,0.006448220512536669,0.6243043712959749,False
isolation_forest,2,alt_rate,0.005,14,1,climb,13993,97,0.006932037447295076,0.6243043712959749,False
isolation_forest,2,alt_rate,0.005,14,1,cruise,30506,154,0.005048187241854061,0.6243043712959749,False
isolation_forest,2,alt_rate,0.005,14,1,descent,27769,215,0.007742446613129749,0.6243043712959749,False
isolation_forest,2,alt_rate,0.005,15,2,overall,147539,547,0.0037074942896454495,0.6243043712959749,False
isolation_forest,2,alt_rate,0.005,15,2,climb,53843,38,0.0007057556228293371,0.6243043712959749,False
isolation_forest,2,alt_rate,0.005,15,2,cruise,43303,19,0.00043876867653511306,0.6243043712959749,False
isolation_forest,2,alt_rate,0.005,15,2,descent,50393,490,0.009723572718433115,0.6243043712959749,False
isolation_forest,2,alt_rate,0.005,all,mixed,overall,433113,2179,0.005031019618436759,0.6243043712959749,False
isolation_forest,2,alt_rate,0.005,all,mixed,climb,126343,165,0.0013059686725817813,0.6243043712959749,False
isolation_forest,2,alt_rate,0.005,all,mixed,cruise,157680,290,0.001839167935058346,0.6243043712959749,False
isolation_forest,2,alt_rate,0.005,all,mixed,descent,149090,1724,0.011563485143202093,0.6243043712959749,False
isolation_forest,2,alt_rate,0.01,11,3,overall,213306,2040,0.009563725352310764,0.5648015536437387,True
isolation_forest,2,alt_rate,0.01,11,3,climb,58507,62,0.0010597022578494881,0.5648015536437387,True
isolation_forest,2,alt_rate,0.01,11,3,cruise,83871,178,0.002122306876035817,0.5648015536437387,True
isolation_forest,2,alt_rate,0.01,11,3,descent,70928,1800,0.02537784795849312,0.5648015536437387,True
isolation_forest,2,alt_rate,0.01,14,1,overall,72268,1376,0.01904023910997952,0.5648015536437387,False
isolation_forest,2,alt_rate,0.01,14,1,climb,13993,169,0.012077467305081111,0.5648015536437387,False
isolation_forest,2,alt_rate,0.01,14,1,cruise,30506,394,0.012915492034353897,0.5648015536437387,False
isolation_forest,2,alt_rate,0.01,14,1,descent,27769,813,0.029277251611509236,0.5648015536437387,False
isolation_forest,2,alt_rate,0.01,15,2,overall,147539,1465,0.009929577942103444,0.5648015536437387,False
isolation_forest,2,alt_rate,0.01,15,2,climb,53843,92,0.0017086715079026058,0.5648015536437387,False
isolation_forest,2,alt_rate,0.01,15,2,cruise,43303,48,0.0011084682354571276,0.5648015536437387,False
isolation_forest,2,alt_rate,0.01,15,2,descent,50393,1325,0.026293334391681383,0.5648015536437387,False
isolation_forest,2,alt_rate,0.01,all,mixed,overall,433113,4881,0.011269576299949435,0.5648015536437387,False
isolation_forest,2,alt_rate,0.01,all,mixed,climb,126343,323,0.002556532613599487,0.5648015536437387,False
isolation_forest,2,alt_rate,0.01,all,mixed,cruise,157680,620,0.0039320142059868085,0.5648015536437387,False
isolation_forest,2,alt_rate,0.01,all,mixed,descent,149090,3938,0.026413575692534712,0.5648015536437387,False
isolation_forest,2,alt_rate,0.02,11,3,overall,213306,3933,0.018438299907175607,0.511534751949156,True
isolation_forest,2,alt_rate,0.02,11,3,climb,58507,128,0.002187772403302169,0.511534751949156,True
isolation_forest,2,alt_rate,0.02,11,3,cruise,83871,260,0.0030999988076927665,0.511534751949156,True
isolation_forest,2,alt_rate,0.02,11,3,descent,70928,3545,0.04998026167381006,0.511534751949156,True
isolation_forest,2,alt_rate,0.02,14,1,overall,72268,4484,0.0620468257043228,0.511534751949156,False
isolation_forest,2,alt_rate,0.02,14,1,climb,13993,408,0.029157435860787537,0.511534751949156,False
isolation_forest,2,alt_rate,0.02,14,1,cruise,30506,641,0.021012259883301646,0.511534751949156,False
isolation_forest,2,alt_rate,0.02,14,1,descent,27769,3435,0.12369908891209622,0.511534751949156,False
isolation_forest,2,alt_rate,0.02,15,2,overall,147539,4199,0.028460271521428233,0.511534751949156,False
isolation_forest,2,alt_rate,0.02,15,2,climb,53843,186,0.003454488048585703,0.511534751949156,False
isolation_forest,2,alt_rate,0.02,15,2,cruise,43303,100,0.002309308823869016,0.511534751949156,False
isolation_forest,2,alt_rate,0.02,15,2,descent,50393,3913,0.07764967356577303,0.511534751949156,False
isolation_forest,2,alt_rate,0.02,all,mixed,overall,433113,12616,0.029128656955575104,0.511534751949156,False
isolation_forest,2,alt_rate,0.02,all,mixed,climb,126343,722,0.005714602312751795,0.511534751949156,False
isolation_forest,2,alt_rate,0.02,all,mixed,cruise,157680,1001,0.00634830035514967,0.511534751949156,False
isolation_forest,2,alt_rate,0.02,all,mixed,descent,149090,10893,0.07306325038567309,0.511534751949156,False
lstm_autoencoder,0,primary,0.005,11,3,overall,213306,1164,0.005456949171612613,12.111410140991211,True
lstm_autoencoder,0,primary,0.005,11,3,climb,53678,106,0.0019747382540333098,12.111410140991211,True
lstm_autoencoder,0,primary,0.005,11,3,cruise,86535,130,0.0015022823135147627,12.111410140991211,True
lstm_autoencoder,0,primary,0.005,11,3,descent,73093,928,0.012696154214493865,12.111410140991211,True
lstm_autoencoder,0,primary,0.005,14,1,overall,72268,621,0.008593014889024187,12.111410140991211,False
lstm_autoencoder,0,primary,0.005,14,1,climb,12241,213,0.017400539171636305,12.111410140991211,False
lstm_autoencoder,0,primary,0.005,14,1,cruise,33377,213,0.006381640051532493,12.111410140991211,False
lstm_autoencoder,0,primary,0.005,14,1,descent,26650,195,0.007317073170731708,12.111410140991211,False
lstm_autoencoder,0,primary,0.005,15,2,overall,147539,649,0.004398836917696338,12.111410140991211,False
lstm_autoencoder,0,primary,0.005,15,2,climb,48789,157,0.003217938469737031,12.111410140991211,False
lstm_autoencoder,0,primary,0.005,15,2,cruise,53466,117,0.0021883065873639323,12.111410140991211,False
lstm_autoencoder,0,primary,0.005,15,2,descent,45284,375,0.008281070576804168,12.111410140991211,False
lstm_autoencoder,0,primary,0.005,all,mixed,overall,433113,2434,0.005619780519171671,12.111410140991211,False
lstm_autoencoder,0,primary,0.005,all,mixed,climb,114708,476,0.004149666980507027,12.111410140991211,False
lstm_autoencoder,0,primary,0.005,all,mixed,cruise,173378,460,0.0026531624542906252,12.111410140991211,False
lstm_autoencoder,0,primary,0.005,all,mixed,descent,145027,1498,0.010329111131030773,12.111410140991211,False
lstm_autoencoder,0,primary,0.01,11,3,overall,213306,2210,0.010360702465003329,8.02055549621582,True
lstm_autoencoder,0,primary,0.01,11,3,climb,53678,142,0.00264540407615783,8.02055549621582,True
lstm_autoencoder,0,primary,0.01,11,3,cruise,86535,193,0.0022303114346796096,8.02055549621582,True
lstm_autoencoder,0,primary,0.01,11,3,descent,73093,1875,0.02565225124156896,8.02055549621582,True
lstm_autoencoder,0,primary,0.01,14,1,overall,72268,1471,0.020354790502020256,8.02055549621582,False
lstm_autoencoder,0,primary,0.01,14,1,climb,12241,281,0.022955640879013153,8.02055549621582,False
lstm_autoencoder,0,primary,0.01,14,1,cruise,33377,432,0.012943044611558858,8.02055549621582,False
lstm_autoencoder,0,primary,0.01,14,1,descent,26650,758,0.02844277673545966,8.02055549621582,False
lstm_autoencoder,0,primary,0.01,15,2,overall,147539,1854,0.012566168945160263,8.02055549621582,False
lstm_autoencoder,0,primary,0.01,15,2,climb,48789,230,0.004714177376047879,8.02055549621582,False
lstm_autoencoder,0,primary,0.01,15,2,cruise,53466,166,0.0031047768675419893,8.02055549621582,False
lstm_autoencoder,0,primary,0.01,15,2,descent,45284,1458,0.03219680240261461,8.02055549621582,False
lstm_autoencoder,0,primary,0.01,all,mixed,overall,433113,5535,0.01277957484536368,8.02055549621582,False
lstm_autoencoder,0,primary,0.01,all,mixed,climb,114708,653,0.0056927154165359,8.02055549621582,False
lstm_autoencoder,0,primary,0.01,all,mixed,cruise,173378,791,0.004562285872486705,8.02055549621582,False
lstm_autoencoder,0,primary,0.01,all,mixed,descent,145027,4091,0.02820854047866949,8.02055549621582,False
lstm_autoencoder,0,primary,0.02,11,3,overall,213306,4018,0.018836788463521888,5.197161674499512,True
lstm_autoencoder,0,primary,0.02,11,3,climb,53678,186,0.0034651067476433547,5.197161674499512,True
lstm_autoencoder,0,primary,0.02,11,3,cruise,86535,306,0.003536141445657826,5.197161674499512,True
lstm_autoencoder,0,primary,0.02,11,3,descent,73093,3526,0.048239913534811815,5.197161674499512,True
lstm_autoencoder,0,primary,0.02,14,1,overall,72268,3597,0.04977306691758455,5.197161674499512,False
lstm_autoencoder,0,primary,0.02,14,1,climb,12241,395,0.0322686055060861,5.197161674499512,False
lstm_autoencoder,0,primary,0.02,14,1,cruise,33377,695,0.020822722233873627,5.197161674499512,False
lstm_autoencoder,0,primary,0.02,14,1,descent,26650,2507,0.09407129455909943,5.197161674499512,False
lstm_autoencoder,0,primary,0.02,15,2,overall,147539,4034,0.027341923152522384,5.197161674499512,False
lstm_autoencoder,0,primary,0.02,15,2,climb,48789,324,0.006640841173215274,5.197161674499512,False
lstm_autoencoder,0,primary,0.02,15,2,cruise,53466,236,0.004414020124939214,5.197161674499512,False
lstm_autoencoder,0,primary,0.02,15,2,descent,45284,3474,0.07671583782351382,5.197161674499512,False
lstm_autoencoder,0,primary,0.02,all,mixed,overall,433113,11649,0.026895983265337223,5.197161674499512,False
lstm_autoencoder,0,primary,0.02,all,mixed,climb,114708,905,0.007889597935627855,5.197161674499512,False
lstm_autoencoder,0,primary,0.02,all,mixed,cruise,173378,1237,0.007134699904255442,5.197161674499512,False
lstm_autoencoder,0,primary,0.02,all,mixed,descent,145027,9507,0.06555331076282347,5.197161674499512,False
lstm_autoencoder,0,alt_rate,0.005,11,3,overall,213306,1164,0.005456949171612613,12.111410140991211,True
lstm_autoencoder,0,alt_rate,0.005,11,3,climb,58507,111,0.0018972088809885996,12.111410140991211,True
lstm_autoencoder,0,alt_rate,0.005,11,3,cruise,83871,103,0.0012280764507398266,12.111410140991211,True
lstm_autoencoder,0,alt_rate,0.005,11,3,descent,70928,950,0.013393864200315813,12.111410140991211,True
lstm_autoencoder,0,alt_rate,0.005,14,1,overall,72268,621,0.008593014889024187,12.111410140991211,False
lstm_autoencoder,0,alt_rate,0.005,14,1,climb,13993,213,0.015221896662617022,12.111410140991211,False
lstm_autoencoder,0,alt_rate,0.005,14,1,cruise,30506,183,0.005998819904281125,12.111410140991211,False
lstm_autoencoder,0,alt_rate,0.005,14,1,descent,27769,225,0.008102560409089273,12.111410140991211,False
lstm_autoencoder,0,alt_rate,0.005,15,2,overall,147539,649,0.004398836917696338,12.111410140991211,False
lstm_autoencoder,0,alt_rate,0.005,15,2,climb,53843,157,0.002915885073268577,12.111410140991211,False
lstm_autoencoder,0,alt_rate,0.005,15,2,cruise,43303,13,0.0003002101471029721,12.111410140991211,False
lstm_autoencoder,0,alt_rate,0.005,15,2,descent,50393,479,0.00950528843291727,12.111410140991211,False
lstm_autoencoder,0,alt_rate,0.005,all,mixed,overall,433113,2434,0.005619780519171671,12.111410140991211,False
lstm_autoencoder,0,alt_rate,0.005,all,mixed,climb,126343,481,0.0038070965546171927,12.111410140991211,False
lstm_autoencoder,0,alt_rate,0.005,all,mixed,cruise,157680,299,0.0018962455606291223,12.111410140991211,False
lstm_autoencoder,0,alt_rate,0.005,all,mixed,descent,149090,1654,0.011093970085183447,12.111410140991211,False
lstm_autoencoder,0,alt_rate,0.01,11,3,overall,213306,2210,0.010360702465003329,8.02055549621582,True
lstm_autoencoder,0,alt_rate,0.01,11,3,climb,58507,152,0.0025979797289213255,8.02055549621582,True
lstm_autoencoder,0,alt_rate,0.01,11,3,cruise,83871,151,0.0018003839229292604,8.02055549621582,True
lstm_autoencoder,0,alt_rate,0.01,11,3,descent,70928,1907,0.026886420031581322,8.02055549621582,True
lstm_autoencoder,0,alt_rate,0.01,14,1,overall,72268,1471,0.020354790502020256,8.02055549621582,False
lstm_autoencoder,0,alt_rate,0.01,14,1,climb,13993,281,0.020081469306081613,8.02055549621582,False
lstm_autoencoder,0,alt_rate,0.01,14,1,cruise,30506,373,0.012227102865010163,8.02055549621582,False
lstm_autoencoder,0,alt_rate,0.01,14,1,descent,27769,817,0.029421297129893047,8.02055549621582,False
lstm_autoencoder,0,alt_rate,0.01,15,2,overall,147539,1854,0.012566168945160263,8.02055549621582,False
lstm_autoencoder,0,alt_rate,0.01,15,2,climb,53843,230,0.004271678769756515,8.02055549621582,False
lstm_autoencoder,0,alt_rate,0.01,15,2,cruise,43303,32,0.0007389788236380851,8.02055549621582,False
lstm_autoencoder,0,alt_rate,0.01,15,2,descent,50393,1592,0.031591689321929635,8.02055549621582,False
lstm_autoencoder,0,alt_rate,0.01,all,mixed,overall,433113,5535,0.01277957484536368,8.02055549621582,False
lstm_autoencoder,0,alt_rate,0.01,all,mixed,climb,126343,663,0.005247619575283158,8.02055549621582,False
lstm_autoencoder,0,alt_rate,0.01,all,mixed,cruise,157680,556,0.003526128868594622,8.02055549621582,False
lstm_autoencoder,0,alt_rate,0.01,all,mixed,descent,149090,4316,0.028948957005835402,8.02055549621582,False
lstm_autoencoder,0,alt_rate,0.02,11,3,overall,213306,4018,0.018836788463521888,5.197161674499512,True
lstm_autoencoder,0,alt_rate,0.02,11,3,climb,58507,212,0.0036234980429692173,5.197161674499512,True
lstm_autoencoder,0,alt_rate,0.02,11,3,cruise,83871,203,0.0024203836844678135,5.197161674499512,True
lstm_autoencoder,0,alt_rate,0.02,11,3,descent,70928,3603,0.0507979923302504,5.197161674499512,True
lstm_autoencoder,0,alt_rate,0.02,14,1,overall,72268,3597,0.04977306691758455,5.197161674499512,False
lstm_autoencoder,0,alt_rate,0.02,14,1,climb,13993,396,0.028299864217823198,5.197161674499512,False
lstm_autoencoder,0,alt_rate,0.02,14,1,cruise,30506,574,0.018815970628728775,5.197161674499512,False
lstm_autoencoder,0,alt_rate,0.02,14,1,descent,27769,2627,0.09460189419856675,5.197161674499512,False
lstm_autoencoder,0,alt_rate,0.02,15,2,overall,147539,4034,0.027341923152522384,5.197161674499512,False
lstm_autoencoder,0,alt_rate,0.02,15,2,climb,53843,324,0.006017495310439612,5.197161674499512,False
lstm_autoencoder,0,alt_rate,0.02,15,2,cruise,43303,65,0.0015010507355148605,5.197161674499512,False
lstm_autoencoder,0,alt_rate,0.02,15,2,descent,50393,3645,0.07233147460956879,5.197161674499512,False
lstm_autoencoder,0,alt_rate,0.02,all,mixed,overall,433113,11649,0.026895983265337223,5.197161674499512,False
lstm_autoencoder,0,alt_rate,0.02,all,mixed,climb,126343,932,0.007376744259674062,5.197161674499512,False
lstm_autoencoder,0,alt_rate,0.02,all,mixed,cruise,157680,842,0.005339928970065956,5.197161674499512,False
lstm_autoencoder,0,alt_rate,0.02,all,mixed,descent,149090,9875,0.06623515997048762,5.197161674499512,False
lstm_autoencoder,1,primary,0.005,11,3,overall,213306,1132,0.005306929950399895,12.417441368103027,True
lstm_autoencoder,1,primary,0.005,11,3,climb,53678,102,0.0019002198293528074,12.417441368103027,True
lstm_autoencoder,1,primary,0.005,11,3,cruise,86535,128,0.001479170277922228,12.417441368103027,True
lstm_autoencoder,1,primary,0.005,11,3,descent,73093,902,0.012340442997277441,12.417441368103027,True
lstm_autoencoder,1,primary,0.005,14,1,overall,72268,574,0.007942657884540875,12.417441368103027,False
lstm_autoencoder,1,primary,0.005,14,1,climb,12241,214,0.01748223184380361,12.417441368103027,False
lstm_autoencoder,1,primary,0.005,14,1,cruise,33377,190,0.005692542768972646,12.417441368103027,False
lstm_autoencoder,1,primary,0.005,14,1,descent,26650,170,0.006378986866791745,12.417441368103027,False
lstm_autoencoder,1,primary,0.005,15,2,overall,147539,607,0.004114166423793031,12.417441368103027,False
lstm_autoencoder,1,primary,0.005,15,2,climb,48789,157,0.003217938469737031,12.417441368103027,False
lstm_autoencoder,1,primary,0.005,15,2,cruise,53466,120,0.002244417012680956,12.417441368103027,False
lstm_autoencoder,1,primary,0.005,15,2,descent,45284,330,0.007287342107587669,12.417441368103027,False
lstm_autoencoder,1,primary,0.005,all,mixed,overall,433113,2313,0.005340407699607262,12.417441368103027,False
lstm_autoencoder,1,primary,0.005,all,mixed,climb,114708,473,0.004123513617184504,12.417441368103027,False
lstm_autoencoder,1,primary,0.005,all,mixed,cruise,173378,438,0.002526272076041943,12.417441368103027,False
lstm_autoencoder,1,primary,0.005,all,mixed,descent,145027,1402,0.009667165424369255,12.417441368103027,False
lstm_autoencoder,1,primary,0.01,11,3,overall,213306,2144,0.010051287821252098,8.315862655639648,True
lstm_autoencoder,1,primary,0.01,11,3,climb,53678,140,0.002608144863817579,8.315862655639648,True
lstm_autoencoder,1,primary,0.01,11,3,cruise,86535,197,0.0022765355058646792,8.315862655639648,True
lstm_autoencoder,1,primary,0.01,11,3,descent,73093,1807,0.024721929596541393,8.315862655639648,True
lstm_autoencoder,1,primary,0.01,14,1,overall,72268,1230,0.01701998118115902,8.315862655639648,False
lstm_autoencoder,1,primary,0.01,14,1,climb,12241,285,0.02328241156768238,8.315862655639648,False
lstm_autoencoder,1,primary,0.01,14,1,cruise,33377,397,0.011894418312011264,8.315862655639648,False
lstm_autoencoder,1,primary,0.01,14,1,descent,26650,548,0.02056285178236398,8.315862655639648,False
lstm_autoencoder,1,primary,0.01,15,2,overall,147539,1688,0.011441042707351955,8.315862655639648,False
lstm_autoencoder,1,primary,0.01,15,2,climb,48789,231,0.004734673799422001,8.315862655639648,False
lstm_autoencoder,1,primary,0.01,15,2,cruise,53466,157,0.0029364455915909175,8.315862655639648,False
lstm_autoencoder,1,primary,0.01,15,2,descent,45284,1300,0.02870771133292112,8.315862655639648,False
lstm_autoencoder,1,primary,0.01,all,mixed,overall,433113,5062,0.011687481096157354,8.315862655639648,False
lstm_autoencoder,1,primary,0.01,all,mixed,climb,114708,656,0.005718868779858423,8.315862655639648,False
lstm_autoencoder,1,primary,0.01,all,mixed,cruise,173378,751,0.004331576093852738,8.315862655639648,False
lstm_autoencoder,1,primary,0.01,all,mixed,descent,145027,3655,0.02520220372758176,8.315862655639648,False
lstm_autoencoder,1,primary,0.02,11,3,overall,213306,3991,0.01871020974562366,5.572476863861084,True
lstm_autoencoder,1,primary,0.02,11,3,climb,53678,184,0.003427847535303104,5.572476863861084,True
lstm_autoencoder,1,primary,0.02,11,3,cruise,86535,313,0.003617033570231698,5.572476863861084,True
lstm_autoencoder,1,primary,0.02,11,3,descent,73093,3494,0.047802115113622375,5.572476863861084,True
lstm_autoencoder,1,primary,0.02,14,1,overall,72268,3537,0.048942823933137765,5.572476863861084,False
lstm_autoencoder,1,primary,0.02,14,1,climb,12241,398,0.03251368352258802,5.572476863861084,False
lstm_autoencoder,1,primary,0.02,14,1,cruise,33377,661,0.01980405668574168,5.572476863861084,False
lstm_autoencoder,1,primary,0.02,14,1,descent,26650,2478,0.09298311444652908,5.572476863861084,False
lstm_autoencoder,1,primary,0.02,15,2,overall,147539,4342,0.029429506774479967,5.572476863861084,False
lstm_autoencoder,1,primary,0.02,15,2,climb,48789,320,0.006558855479718789,5.572476863861084,False
lstm_autoencoder,1,primary,0.02,15,2,cruise,53466,249,0.004657165301312984,5.572476863861084,False
lstm_autoencoder,1,primary,0.02,15,2,descent,45284,3773,0.08331861143008568,5.572476863861084,False
lstm_autoencoder,1,primary,0.02,all,mixed,overall,433113,11870,0.027406242712640812,5.572476863861084,False
lstm_autoencoder,1,primary,0.02,all,mixed,climb,114708,902,0.007863444572305332,5.572476863861084,False
lstm_autoencoder,1,primary,0.02,all,mixed,cruise,173378,1223,0.007053951481733553,5.572476863861084,False
lstm_autoencoder,1,primary,0.02,all,mixed,descent,145027,9745,0.06719438449392182,5.572476863861084,False
lstm_autoencoder,1,alt_rate,0.005,11,3,overall,213306,1132,0.005306929950399895,12.417441368103027,True
lstm_autoencoder,1,alt_rate,0.005,11,3,climb,58507,108,0.0018459329652862051,12.417441368103027,True
lstm_autoencoder,1,alt_rate,0.005,11,3,cruise,83871,103,0.0012280764507398266,12.417441368103027,True
lstm_autoencoder,1,alt_rate,0.005,11,3,descent,70928,921,0.012984998872095647,12.417441368103027,True
lstm_autoencoder,1,alt_rate,0.005,14,1,overall,72268,574,0.007942657884540875,12.417441368103027,False
lstm_autoencoder,1,alt_rate,0.005,14,1,climb,13993,214,0.015293360966197385,12.417441368103027,False
lstm_autoencoder,1,alt_rate,0.005,14,1,cruise,30506,167,0.005474332918114469,12.417441368103027,False
lstm_autoencoder,1,alt_rate,0.005,14,1,descent,27769,193,0.006950196262018798,12.417441368103027,False
lstm_autoencoder,1,alt_rate,0.005,15,2,overall,147539,607,0.004114166423793031,12.417441368103027,False
lstm_autoencoder,1,alt_rate,0.005,15,2,climb,53843,157,0.002915885073268577,12.417441368103027,False
lstm_autoencoder,1,alt_rate,0.005,15,2,cruise,43303,15,0.0003463963235803524,12.417441368103027,False
lstm_autoencoder,1,alt_rate,0.005,15,2,descent,50393,435,0.008632151290853889,12.417441368103027,False
lstm_autoencoder,1,alt_rate,0.005,all,mixed,overall,433113,2313,0.005340407699607262,12.417441368103027,False
lstm_autoencoder,1,alt_rate,0.005,all,mixed,climb,126343,479,0.003791266631313171,12.417441368103027,False
lstm_autoencoder,1,alt_rate,0.005,all,mixed,cruise,157680,285,0.0018074581430745813,12.417441368103027,False
lstm_autoencoder,1,alt_rate,0.005,all,mixed,descent,149090,1549,0.010389697498155477,12.417441368103027,False
lstm_autoencoder,1,alt_rate,0.01,11,3,overall,213306,2144,0.010051287821252098,8.315862655639648,True
lstm_autoencoder,1,alt_rate,0.01,11,3,climb,58507,154,0.002632163672722922,8.315862655639648,True
lstm_autoencoder,1,alt_rate,0.01,11,3,cruise,83871,148,0.0017646147059174207,8.315862655639648,True
lstm_autoencoder,1,alt_rate,0.01,11,3,descent,70928,1842,0.025969997744191294,8.315862655639648,True
lstm_autoencoder,1,alt_rate,0.01,14,1,overall,72268,1230,0.01701998118115902,8.315862655639648,False
lstm_autoencoder,1,alt_rate,0.01,14,1,climb,13993,285,0.02036732652040306,8.315862655639648,False
lstm_autoencoder,1,alt_rate,0.01,14,1,cruise,30506,340,0.011145348456041435,8.315862655639648,False
lstm_autoencoder,1,alt_rate,0.01,14,1,descent,27769,605,0.021786884655551154,8.315862655639648,False
lstm_autoencoder,1,alt_rate,0.01,15,2,overall,147539,1688,0.011441042707351955,8.315862655639648,False
lstm_autoencoder,1,alt_rate,0.01,15,2,climb,53843,231,0.00429025128614676,8.315862655639648,False
lstm_autoencoder,1,alt_rate,0.01,15,2,cruise,43303,29,0.0006696995589220146,8.315862655639648,False
lstm_autoencoder,1,alt_rate,0.01,15,2,descent,50393,1428,0.028337269065147937,8.315862655639648,False
lstm_autoencoder,1,alt_rate,0.01,all,mixed,overall,433113,5062,0.011687481096157354,8.315862655639648,False
lstm_autoencoder,1,alt_rate,0.01,all,mixed,climb,126343,670,0.005303024306847233,8.315862655639648,False
lstm_autoencoder,1,alt_rate,0.01,all,mixed,cruise,157680,517,0.0032787924911212582,8.315862655639648,False
lstm_autoencoder,1,alt_rate,0.01,all,mixed,descent,149090,3875,0.025991012140317928,8.315862655639648,False
lstm_autoencoder,1,alt_rate,0.02,11,3,overall,213306,3991,0.01871020974562366,5.572476863861084,True
lstm_autoencoder,1,alt_rate,0.02,11,3,climb,58507,213,0.0036405900148700153,5.572476863861084,True
lstm_autoencoder,1,alt_rate,0.02,11,3,cruise,83871,199,0.0023726913951186944,5.572476863861084,True
lstm_autoencoder,1,alt_rate,0.02,11,3,descent,70928,3579,0.050459621024137154,5.572476863861084,True
lstm_autoencoder,1,alt_rate,0.02,14,1,overall,72268,3537,0.048942823933137765,5.572476863861084,False
lstm_autoencoder,1,alt_rate,0.02,14,1,climb,13993,399,0.028514257128564282,5.572476863861084,False
lstm_autoencoder,1,alt_rate,0.02,14,1,cruise,30506,541,0.017734216219760048,5.572476863861084,False
lstm_autoencoder,1,alt_rate,0.02,14,1,descent,27769,2597,0.09352155281068818,5.572476863861084,False
lstm_autoencoder,1,alt_rate,0.02,15,2,overall,147539,4342,0.029429506774479967,5.572476863861084,False
lstm_autoencoder,1,alt_rate,0.02,15,2,climb,53843,320,0.005943205244878629,5.572476863861084,False
lstm_autoencoder,1,alt_rate,0.02,15,2,cruise,43303,59,0.0013624922060827193,5.572476863861084,False
lstm_autoencoder,1,alt_rate,0.02,15,2,descent,50393,3963,0.07864187486357233,5.572476863861084,False
lstm_autoencoder,1,alt_rate,0.02,all,mixed,overall,433113,11870,0.027406242712640812,5.572476863861084,False
lstm_autoencoder,1,alt_rate,0.02,all,mixed,climb,126343,932,0.007376744259674062,5.572476863861084,False
lstm_autoencoder,1,alt_rate,0.02,all,mixed,cruise,157680,799,0.005067224759005581,5.572476863861084,False
lstm_autoencoder,1,alt_rate,0.02,all,mixed,descent,149090,10139,0.06800590247501509,5.572476863861084,False
lstm_autoencoder,2,primary,0.005,11,3,overall,213306,1109,0.005199103635153254,11.901738166809082,True
lstm_autoencoder,2,primary,0.005,11,3,climb,53678,107,0.001993367860203435,11.901738166809082,True
lstm_autoencoder,2,primary,0.005,11,3,cruise,86535,135,0.0015600624024961,11.901738166809082,True
lstm_autoencoder,2,primary,0.005,11,3,descent,73093,867,0.011861600974101487,11.901738166809082,True
lstm_autoencoder,2,primary,0.005,14,1,overall,72268,591,0.008177893396800797,11.901738166809082,False
lstm_autoencoder,2,primary,0.005,14,1,climb,12241,215,0.017563924515970917,11.901738166809082,False
lstm_autoencoder,2,primary,0.005,14,1,cruise,33377,188,0.005632621266141355,11.901738166809082,False
lstm_autoencoder,2,primary,0.005,14,1,descent,26650,188,0.007054409005628518,11.901738166809082,False
lstm_autoencoder,2,primary,0.005,15,2,overall,147539,613,0.004154833637207789,11.901738166809082,False
lstm_autoencoder,2,primary,0.005,15,2,climb,48789,160,0.0032794277398593944,11.901738166809082,False
lstm_autoencoder,2,primary,0.005,15,2,cruise,53466,120,0.002244417012680956,11.901738166809082,False
lstm_autoencoder,2,primary,0.005,15,2,descent,45284,333,0.007353590672202102,11.901738166809082,False
lstm_autoencoder,2,primary,0.005,all,mixed,overall,433113,2313,0.005340407699607262,11.901738166809082,False
lstm_autoencoder,2,primary,0.005,all,mixed,climb,114708,482,0.004201973707152073,11.901738166809082,False
lstm_autoencoder,2,primary,0.005,all,mixed,cruise,173378,443,0.002555110798371189,11.901738166809082,False
lstm_autoencoder,2,primary,0.005,all,mixed,descent,145027,1388,0.009570631675481117,11.901738166809082,False
lstm_autoencoder,2,primary,0.01,11,3,overall,213306,2167,0.01015911413649874,7.564183712005615,True
lstm_autoencoder,2,primary,0.01,11,3,climb,53678,148,0.0027571817131785835,7.564183712005615,True
lstm_autoencoder,2,primary,0.01,11,3,cruise,86535,206,0.002380539666031086,7.564183712005615,True
lstm_autoencoder,2,primary,0.01,11,3,descent,73093,1813,0.024804016800514413,7.564183712005615,True
lstm_autoencoder,2,primary,0.01,14,1,overall,72268,1392,0.019261637239165328,7.564183712005615,False
lstm_autoencoder,2,primary,0.01,14,1,climb,12241,304,0.024834572338861206,7.564183712005615,False
lstm_autoencoder,2,primary,0.01,14,1,cruise,33377,446,0.013362495131377895,7.564183712005615,False
lstm_autoencoder,2,primary,0.01,14,1,descent,26650,642,0.024090056285178237,7.564183712005615,False
lstm_autoencoder,2,primary,0.01,15,2,overall,147539,1730,0.011725713201255261,7.564183712005615,False
lstm_autoencoder,2,primary,0.01,15,2,climb,48789,246,0.005042120150033819,7.564183712005615,False
lstm_autoencoder,2,primary,0.01,15,2,cruise,53466,168,0.003142183817753339,7.564183712005615,False
lstm_autoencoder,2,primary,0.01,15,2,descent,45284,1316,0.029061037010864765,7.564183712005615,False
lstm_autoencoder,2,primary,0.01,all,mixed,overall,433113,5289,0.012211593741125295,7.564183712005615,False
lstm_autoencoder,2,primary,0.01,all,mixed,climb,114708,698,0.006085015866373749,7.564183712005615,False
lstm_autoencoder,2,primary,0.01,all,mixed,cruise,173378,820,0.004729550461996332,7.564183712005615,False
lstm_autoencoder,2,primary,0.01,all,mixed,descent,145027,3771,0.026002054789797762,7.564183712005615,False
lstm_autoencoder,2,primary,0.02,11,3,overall,213306,4085,0.019150891207936015,4.896302223205566,True
lstm_autoencoder,2,primary,0.02,11,3,climb,53678,201,0.003744550840195238,4.896302223205566,True
lstm_autoencoder,2,primary,0.02,11,3,cruise,86535,346,0.003998382157508523,4.896302223205566,True
lstm_autoencoder,2,primary,0.02,11,3,descent,73093,3538,0.048404087942757856,4.896302223205566,True
lstm_autoencoder,2,primary,0.02,14,1,overall,72268,3832,0.05302485194000111,4.896302223205566,False
lstm_autoencoder,2,primary,0.02,14,1,climb,12241,449,0.03668000980312066,4.896302223205566,False
lstm_autoencoder,2,primary,0.02,14,1,cruise,33377,709,0.021242172753692664,4.896302223205566,False
lstm_autoencoder,2,primary,0.02,14,1,descent,26650,2674,0.10033771106941838,4.896302223205566,False
lstm_autoencoder,2,primary,0.02,15,2,overall,147539,4317,0.029260060051918477,4.896302223205566,False
lstm_autoencoder,2,primary,0.02,15,2,climb,48789,345,0.0070712660640718196,4.896302223205566,False
lstm_autoencoder,2,primary,0.02,15,2,cruise,53466,259,0.00484420005236973,4.896302223205566,False
lstm_autoencoder,2,primary,0.02,15,2,descent,45284,3713,0.08199364013779702,4.896302223205566,False
lstm_autoencoder,2,primary,0.02,all,mixed,overall,433113,12234,0.028246670037611433,4.896302223205566,False
lstm_autoencoder,2,primary,0.02,all,mixed,climb,114708,995,0.008674198835303553,4.896302223205566,False
lstm_autoencoder,2,primary,0.02,all,mixed,cruise,173378,1314,0.007578816228125829,4.896302223205566,False
lstm_autoencoder,2,primary,0.02,all,mixed,descent,145027,9925,0.06843553269391217,4.896302223205566,False
lstm_autoencoder,2,alt_rate,0.005,11,3,overall,213306,1109,0.005199103635153254,11.901738166809082,True
lstm_autoencoder,2,alt_rate,0.005,11,3,climb,58507,112,0.0019143008528893979,11.901738166809082,True
lstm_autoencoder,2,alt_rate,0.005,11,3,cruise,83871,107,0.0012757687400889461,11.901738166809082,True
lstm_autoencoder,2,alt_rate,0.005,11,3,descent,70928,890,0.012547935935032709,11.901738166809082,True
lstm_autoencoder,2,alt_rate,0.005,14,1,overall,72268,591,0.008177893396800797,11.901738166809082,False
lstm_autoencoder,2,alt_rate,0.005,14,1,climb,13993,215,0.015364825269777746,11.901738166809082,False
lstm_autoencoder,2,alt_rate,0.005,14,1,cruise,30506,165,0.0054087720448436375,11.901738166809082,False
lstm_autoencoder,2,alt_rate,0.005,14,1,descent,27769,211,0.00759840109474594,11.901738166809082,False
lstm_autoencoder,2,alt_rate,0.005,15,2,overall,147539,613,0.004154833637207789,11.901738166809082,False
lstm_autoencoder,2,alt_rate,0.005,15,2,climb,53843,160,0.0029716026224393143,11.901738166809082,False
lstm_autoencoder,2,alt_rate,0.005,15,2,cruise,43303,15,0.0003463963235803524,11.901738166809082,False
lstm_autoencoder,2,alt_rate,0.005,15,2,descent,50393,438,0.008691683368721847,11.901738166809082,False
lstm_autoencoder,2,alt_rate,0.005,all,mixed,overall,433113,2313,0.005340407699607262,11.901738166809082,False
lstm_autoencoder,2,alt_rate,0.005,all,mixed,climb,126343,487,0.0038545863245292578,11.901738166809082,False
lstm_autoencoder,2,alt_rate,0.005,all,mixed,cruise,157680,287,0.0018201420598680873,11.901738166809082,False
lstm_autoencoder,2,alt_rate,0.005,all,mixed,descent,149090,1539,0.010322623918438528,11.901738166809082,False
lstm_autoencoder,2,alt_rate,0.01,11,3,overall,213306,2167,0.01015911413649874,7.564183712005615,True
lstm_autoencoder,2,alt_rate,0.01,11,3,climb,58507,162,0.002768899447929308,7.564183712005615,True
lstm_autoencoder,2,alt_rate,0.01,11,3,cruise,83871,155,0.00184807621227838,7.564183712005615,True
lstm_autoencoder,2,alt_rate,0.01,11,3,descent,70928,1850,0.026082788179562374,7.564183712005615,True
lstm_autoencoder,2,alt_rate,0.01,14,1,overall,72268,1392,0.019261637239165328,7.564183712005615,False
lstm_autoencoder,2,alt_rate,0.01,14,1,climb,13993,304,0.02172514828842993,7.564183712005615,False
lstm_autoencoder,2,alt_rate,0.01,14,1,cruise,30506,387,0.012686028977905986,7.564183712005615,False
lstm_autoencoder,2,alt_rate,0.01,14,1,descent,27769,701,0.025243977096762578,7.564183712005615,False
lstm_autoencoder,2,alt_rate,0.01,15,2,overall,147539,1730,0.011725713201255261,7.564183712005615,False
lstm_autoencoder,2,alt_rate,0.01,15,2,climb,53843,246,0.004568839032000446,7.564183712005615,False
lstm_autoencoder,2,alt_rate,0.01,15,2,cruise,43303,34,0.0007851650001154655,7.564183712005615,False
lstm_autoencoder,2,alt_rate,0.01,15,2,descent,50393,1450,0.02877383763617963,7.564183712005615,False
lstm_autoencoder,2,alt_rate,0.01,all,mixed,overall,433113,5289,0.012211593741125295,7.564183712005615,False
lstm_autoencoder,2,alt_rate,0.01,all,mixed,climb,126343,712,0.005635452696231687,7.564183712005615,False
lstm_autoencoder,2,alt_rate,0.01,all,mixed,cruise,157680,576,0.0036529680365296802,7.564183712005615,False
lstm_autoencoder,2,alt_rate,0.01,all,mixed,descent,149090,4001,0.026836139244751492,7.564183712005615,False
lstm_autoencoder,2,alt_rate,0.02,11,3,overall,213306,4085,0.019150891207936015,4.896302223205566,True
lstm_autoencoder,2,alt_rate,0.02,11,3,climb,58507,230,0.003931153537183585,4.896302223205566,True
lstm_autoencoder,2,alt_rate,0.02,11,3,cruise,83871,207,0.002468075973816933,4.896302223205566,True
lstm_autoencoder,2,alt_rate,0.02,11,3,descent,70928,3648,0.051432438529212726,4.896302223205566,True
lstm_autoencoder,2,alt_rate,0.02,14,1,overall,72268,3832,0.05302485194000111,4.896302223205566,False
lstm_autoencoder,2,alt_rate,0.02,14,1,climb,13993,450,0.032158936611162724,4.896302223205566,False
lstm_autoencoder,2,alt_rate,0.02,14,1,cruise,30506,590,0.01934045761489543,4.896302223205566,False
lstm_autoencoder,2,alt_rate,0.02,14,1,descent,27769,2792,0.10054377183189887,4.896302223205566,False
lstm_autoencoder,2,alt_rate,0.02,15,2,overall,147539,4317,0.029260060051918477,4.896302223205566,False
lstm_autoencoder,2,alt_rate,0.02,15,2,climb,53843,345,0.006407518154634771,4.896302223205566,False
lstm_autoencoder,2,alt_rate,0.02,15,2,cruise,43303,70,0.001616516176708311,4.896302223205566,False
lstm_autoencoder,2,alt_rate,0.02,15,2,descent,50393,3902,0.07743138928025718,4.896302223205566,False
lstm_autoencoder,2,alt_rate,0.02,all,mixed,overall,433113,12234,0.028246670037611433,4.896302223205566,False
lstm_autoencoder,2,alt_rate,0.02,all,mixed,climb,126343,1025,0.008112835693311065,4.896302223205566,False
lstm_autoencoder,2,alt_rate,0.02,all,mixed,cruise,157680,867,0.005498477929984779,4.896302223205566,False
lstm_autoencoder,2,alt_rate,0.02,all,mixed,descent,149090,10342,0.06936749614326916,4.896302223205566,False
