detector,seed,phase_definition,subset,unit,flight_class,phase,n,mean,median,p90,p95,p99
pca,-1,primary,train,2,3,climb,57051,0.014191153423915305,0.008743374219050453,0.030703632053774934,0.042702588327291416,0.07016899219200505
pca,-1,primary,train,2,3,cruise,77394,0.04687941743474093,0.013375335866852717,0.05069398408669477,0.08853808162172437,0.31776982245012775
pca,-1,primary,train,2,3,descent,54418,0.1499012148136943,0.040836326522986126,0.14836912267387609,0.303034320659973,1.0558008092480713
pca,-1,primary,train,5,3,climb,49075,0.013469601447584616,0.007122997578717373,0.02711792346226205,0.04692228121910615,0.10006461969761538
pca,-1,primary,train,5,3,cruise,86669,0.028153974531164333,0.01190911390747033,0.057599689507291225,0.07712790772174861,0.12133404368634523
pca,-1,primary,train,5,3,descent,52806,0.11912085534267078,0.03818958233389916,0.13962387535611234,0.3162138978615816,0.7983307576642946
pca,-1,primary,train,10,3,climb,50427,0.0143242164702569,0.0059163836563535565,0.031699775330592185,0.05240138769435537,0.14841121807692806
pca,-1,primary,train,10,3,cruise,83833,0.02544489661051212,0.008791596716000214,0.042606507455231035,0.07163235639132536,0.1374565881001216
pca,-1,primary,train,10,3,descent,53790,0.12385378576141098,0.04202685506416923,0.135661826200141,0.24025667360123046,0.7486818968782438
pca,-1,primary,train,16,3,climb,52689,0.017250704428853035,0.011737659714124812,0.03485429463945156,0.05071983321643935,0.10671588323633152
pca,-1,primary,train,16,3,cruise,84042,0.03662615007206753,0.015422611415931584,0.0593557615366391,0.08871749057361912,0.24613307309170576
pca,-1,primary,train,16,3,descent,57888,0.26210681953349246,0.04720126617939896,0.16177942903403736,0.3157873707508098,0.8233085584333153
pca,-1,primary,train,all,mixed,climb,209242,0.014824412950676677,0.008382852644319948,0.03136935934486238,0.04784892898795266,0.10456265937233868
pca,-1,primary,train,all,mixed,cruise,331938,0.033980801756627994,0.012288181283870523,0.05402828510825475,0.08094394776939563,0.1857398064410357
pca,-1,primary,train,all,mixed,descent,218902,0.16574793697735882,0.042703418159807105,0.14655211525255782,0.29547596922100683,0.8278062446115755
pca,-1,primary,calibration,18,3,climb,56332,0.01765371155966448,0.01148510323846065,0.03035483778218681,0.053857519189427196,0.12422272797234109
pca,-1,primary,calibration,18,3,cruise,78219,0.04145221511113366,0.013538524086315087,0.042203118646368686,0.07035380709359443,0.15048341472912102
pca,-1,primary,calibration,18,3,descent,58738,0.15689526142366408,0.04763343426641811,0.13130233752928325,0.2945365787051886,0.7793255582876035
pca,-1,primary,calibration,20,3,climb,53830,0.01924046821402063,0.011096261371635573,0.044265075598410544,0.0662062072855233,0.11609905127195465
pca,-1,primary,calibration,20,3,cruise,68886,0.08574613089040416,0.013783539403213457,0.06787599385429322,0.10472876493131217,0.28702648098550243
pca,-1,primary,calibration,20,3,descent,70638,2.3284991190095337,0.04926130123985825,0.1621299870849063,0.26500608613643234,0.8860478566315478
pca,-1,primary,calibration,all,mixed,climb,110162,0.018429070673551224,0.011350548335390391,0.03912234003032102,0.060966834274851354,0.11982802975163058
pca,-1,primary,calibration,all,mixed,cruise,147105,0.062194070808566294,0.013632538242354688,0.05570421820808836,0.08968017608979302,0.20799064789624033
pca,-1,primary,calibration,all,mixed,descent,129376,1.3425692140280938,0.04834923693564022,0.1502856779415812,0.27494023610283036,0.823163341293131
pca,-1,primary,official_test,11,3,climb,53678,0.014634431038586224,0.008485788114230251,0.02554279423359026,0.04675869506450037,0.10062312735603628
pca,-1,primary,official_test,11,3,cruise,86535,0.04394182092215281,0.01142706538027182,0.051578851004438216,0.08649945360596896,0.21749026898263032
pca,-1,primary,official_test,11,3,descent,73093,0.1357733588024818,0.03975738815634232,0.16151303300822847,0.31628475417906815,0.8976139703137674
pca,-1,primary,official_test,14,1,climb,12241,0.047225520361566915,0.029002449965777128,0.08633765671855316,0.13201732879448905,0.33946373649353473
pca,-1,primary,official_test,14,1,cruise,33377,0.05476572841692209,0.03704310797997612,0.10223396657982703,0.1469257862953309,0.35621312474391853
pca,-1,primary,official_test,14,1,descent,26650,0.14722692068662827,0.05213795232551728,0.22887151975724151,0.5017893001012285,0.806545995592421
pca,-1,primary,official_test,15,2,climb,48789,0.026273944595110288,0.017302943882125926,0.049738271263297565,0.06524454809249375,0.1342311135322852
pca,-1,primary,official_test,15,2,cruise,53466,0.04635429219749797,0.021316299184102223,0.050615029708350356,0.07127660008158208,0.1969098754052933
pca,-1,primary,official_test,15,2,descent,45284,3.3221250447617754,0.056648444730893005,0.2135964887223418,0.40602386164631993,0.8579101715605748
pca,-1,primary,official_test,all,mixed,climb,114708,0.023063030188705296,0.01285478273257307,0.04832252265254149,0.06813040077753832,0.14596511309007568
pca,-1,primary,official_test,all,mixed,cruise,173378,0.046769485041363544,0.01740871159137364,0.06579541472862661,0.09769432471659885,0.2521650845315306
pca,-1,primary,official_test,all,mixed,descent,145027,1.1328014099322241,0.04757356677174509,0.19055789914364882,0.36944185719902256,0.858304985654218
pca,-1,alt_rate,train,2,3,climb,62603,0.013702944364070144,0.008257980529016941,0.02958550972288093,0.04100081273126862,0.06981822036895395
pca,-1,alt_rate,train,2,3,cruise,68374,0.03623927271689415,0.013317257593932838,0.041441767428658814,0.06896950714311748,0.17967541371228343
pca,-1,alt_rate,train,2,3,descent,57886,0.15996026631473836,0.04308966676190368,0.1583718784459101,0.3307152679376678,1.1745393947820328
pca,-1,alt_rate,train,5,3,climb,53461,0.012921909792993768,0.0069632156440070075,0.025929944632920882,0.04439717238860432,0.09629318570503186
pca,-1,alt_rate,train,5,3,cruise,77061,0.020762352191689096,0.011677885573895024,0.049612014735442585,0.06381694614154264,0.10023767792038292
pca,-1,alt_rate,train,5,3,descent,58028,0.12236519534052143,0.040924076590969694,0.1361978319273497,0.30080394742955896,0.817601730360018
pca,-1,alt_rate,train,10,3,climb,53315,0.014001362132293567,0.005770826770065837,0.030658192021150738,0.05159133807213591,0.14076580768130253
pca,-1,alt_rate,train,10,3,cruise,76877,0.016538480507885412,0.008403299163083279,0.032254696239186365,0.05241955176075122,0.11516668739684968
pca,-1,alt_rate,train,10,3,descent,57858,0.12962136661331303,0.04397448513112123,0.13567276157854025,0.23934620930730685,0.7848406212063311
pca,-1,alt_rate,train,16,3,climb,53813,0.016985831935809437,0.011462647755005138,0.0342333742701456,0.05039791421303507,0.10770516203699329
pca,-1,alt_rate,train,16,3,cruise,79402,0.02612575975296956,0.014985314408644307,0.05097113155281346,0.07445429729776128,0.15587145124856583
pca,-1,alt_rate,train,16,3,descent,61404,0.2633607043400486,0.048432751559747536,0.16866350556579335,0.3307306560099151,0.8693667792837384
pca,-1,alt_rate,train,all,mixed,climb,223192,0.014378673256712013,0.008070116272664669,0.030203963742649935,0.0465413796409971,0.10304940322502343
pca,-1,alt_rate,train,all,mixed,cruise,301714,0.024604950373196703,0.012004158089935404,0.045073134074058614,0.06499894715240209,0.12917843323627468
pca,-1,alt_rate,train,all,mixed,descent,235176,0.1702176295622178,0.04474215232907484,0.14983435700154613,0.30398055572655724,0.8765762333836706
pca,-1,alt_rate,calibration,18,3,climb,59158,0.01726843445073169,0.011359634995030203,0.029364900192397042,0.052479797374198674,0.12163960968749256
pca,-1,alt_rate,calibration,18,3,cruise,71383,0.026115134733178603,0.01312622357436369,0.0322872434351508,0.04882229270926003,0.10672347415165388
pca,-1,alt_rate,calibration,18,3,descent,62748,0.1684004406668753,0.04922600917287224,0.13318877777876167,0.3046305356299523,0.8762417561010647
pca,-1,alt_rate,calibration,20,3,climb,52201,0.019951003317074792,0.011269960633386875,0.04636579288318804,0.06787318226913307,0.11930091428280705
pca,-1,alt_rate,calibration,20,3,cruise,79401,0.03696728847318753,0.015062319781225273,0.07984866694002232,0.11704745887641306,0.21069981137475602
pca,-1,alt_rate,calibration,20,3,descent,61752,2.7115921937566134,0.05072100736697618,0.1736953822376825,0.3385975995388508,1.2274824293614395
pca,-1,alt_rate,calibration,all,mixed,climb,111359,0.018525923988101607,0.011326497039298502,0.039291290548553716,0.061466624771278774,0.12035418399438297
pca,-1,alt_rate,calibration,all,mixed,cruise,150784,0.03182974542867978,0.013897027187909458,0.05519950645068311,0.09290105883175913,0.1831835495391384
pca,-1,alt_rate,calibration,all,mixed,descent,124500,1.4298235501993857,0.04988422998009745,0.1536902303255985,0.32268086046274574,1.015495628616824
pca,-1,alt_rate,official_test,11,3,climb,58507,0.014328771415185328,0.008151136565040648,0.024352319274417018,0.04343929991031782,0.09938200920649848
pca,-1,alt_rate,official_test,11,3,cruise,83871,0.03437765407967816,0.011807562169662859,0.04237970274343861,0.06713776339449065,0.1676892485358463
pca,-1,alt_rate,official_test,11,3,descent,70928,0.15213333131108436,0.044434809300045536,0.17633994565380812,0.34448733889856525,0.970765375455601
pca,-1,alt_rate,official_test,14,1,climb,13993,0.04801829648266127,0.02891477862035312,0.08877627787267753,0.1510376759225675,0.3361959409219272
pca,-1,alt_rate,official_test,14,1,cruise,30506,0.05344659519949823,0.03679665787143811,0.0988315639951832,0.13615567906170872,0.35125993342771783
pca,-1,alt_rate,official_test,14,1,descent,27769,0.14502642848422415,0.05187699201727356,0.2275930050257143,0.49543936640566927,0.8024725168056904
pca,-1,alt_rate,official_test,15,2,climb,53843,0.025504624728602543,0.0169444839080451,0.04846909149246645,0.06374599943788178,0.13042810080587253
pca,-1,alt_rate,official_test,15,2,cruise,43303,0.02869244534142921,0.020584258395754822,0.04407531234493165,0.054002595367113916,0.09436035698791544
pca,-1,alt_rate,official_test,15,2,descent,50393,3.0080299669912973,0.05586591319533569,0.2050289006271652,0.3913812449429071,0.9088876282498073
pca,-1,alt_rate,official_test,all,mixed,climb,126343,0.022822783700974913,0.012501001592034655,0.04739923521053369,0.06758035319117417,0.15048874726901743
pca,-1,alt_rate,official_test,all,mixed,cruise,157680,0.03650557470251451,0.01696580881317477,0.05749681787247417,0.08461828035816714,0.20035346102342136
pca,-1,alt_rate,official_test,all,mixed,descent,149090,1.1161137966490273,0.049949648942546755,0.19477078173854148,0.37868091371243046,0.9119994244658608
isolation_forest,0,primary,train,2,3,climb,57051,0.3434510362557564,0.3365946494931874,0.36880522540968397,0.38022951371186003,0.40936066950592337
isolation_forest,0,primary,train,2,3,cruise,77394,0.34495107162374244,0.33502150519532514,0.36907265193484096,0.39506911502684167,0.4721359972437372
isolation_forest,0,primary,train,2,3,descent,54418,0.3992737938472872,0.3815010008307306,0.474805370176707,0.5176535863793265,0.6555096866439891
isolation_forest,0,primary,train,5,3,climb,49075,0.3425268587784698,0.33674755758883135,0.36526712409900175,0.37682338360418377,0.4090716325427053
isolation_forest,0,primary,train,5,3,cruise,86669,0.3458032896673555,0.3374581365489756,0.3696045111030016,0.3876460320614693,0.43508179034467587
isolation_forest,0,primary,train,5,3,descent,52806,0.3956724764196293,0.3800311532879733,0.4630429836341975,0.501396236283114,0.6085669744873947
isolation_forest,0,primary,train,10,3,climb,50427,0.3397786394191645,0.332542726599201,0.36379834069454686,0.3734959326311708,0.41827932972156723
isolation_forest,0,primary,train,10,3,cruise,83833,0.34133189248514023,0.3338663579274121,0.36128992329489534,0.3765866295605974,0.43401510950350647
isolation_forest,0,primary,train,10,3,descent,53790,0.39370650049544653,0.37829021561056153,0.4628669454461009,0.49500666303012636,0.6084591883943468
isolation_forest,0,primary,train,16,3,climb,52689,0.3460168905442084,0.341769654736497,0.3655918406747728,0.37439930418393547,0.40703481263363755
isolation_forest,0,primary,train,16,3,cruise,84042,0.3463860739994769,0.3405112524259247,0.36371849381116017,0.3791403044300375,0.4483025039737285
isolation_forest,0,primary,train,16,3,descent,57888,0.3950827439608242,0.3763141027719188,0.4666375666731493,0.4998606297762829,0.6151733546553748
isolation_forest,0,primary,train,all,mixed,climb,209242,0.3429953453888539,0.3368173283400609,0.3658681146730746,0.3766369612552295,0.41355307178491935
isolation_forest,0,primary,train,all,mixed,cruise,331938,0.3446228618693815,0.3368666472201498,0.3662724079980821,0.3842373659496557,0.44618131064656064
isolation_forest,0,primary,train,all,mixed,descent,218902,0.395928701644804,0.3789385890721206,0.4672593346933062,0.5027463240365466,0.6213001340707387
isolation_forest,0,primary,calibration,18,3,climb,56332,0.35245906209787453,0.3495112366070452,0.3667109516323271,0.37611654784886717,0.43254623347585425
isolation_forest,0,primary,calibration,18,3,cruise,78219,0.3483965402837429,0.34028321244206955,0.3716529508177416,0.3920781528894916,0.4486053673375558
isolation_forest,0,primary,calibration,18,3,descent,58738,0.4022745969340977,0.38835579572292694,0.46715713506517975,0.5089308792567738,0.657023654992931
isolation_forest,0,primary,calibration,20,3,climb,53830,0.3503649864784312,0.34316679147881357,0.378781174581945,0.39526418850374634,0.4290318310341999
isolation_forest,0,primary,calibration,20,3,cruise,68886,0.35208159331497013,0.34319891080100406,0.3775708403851048,0.40760676776581706,0.48730588071567765
isolation_forest,0,primary,calibration,20,3,descent,70638,0.39976615396158827,0.3808958613861404,0.4701276193281664,0.505881756886564,0.6357436957945615
isolation_forest,0,primary,calibration,all,mixed,climb,110162,0.3514358046171222,0.3469535373789361,0.3710676262269976,0.38667830298813494,0.4297085036419447
isolation_forest,0,primary,calibration,all,mixed,cruise,147105,0.350122168665573,0.34167712419280405,0.37410009153140994,0.3982980316144273,0.46180230445739706
isolation_forest,0,primary,calibration,all,mixed,descent,129376,0.4009050121989682,0.3838201840835362,0.4686727126113104,0.5071227248025674,0.644876757026805
isolation_forest,0,primary,official_test,11,3,climb,53678,0.34229007131423494,0.3382345551406225,0.35902768508783023,0.36882036175828165,0.4120132244408052
isolation_forest,0,primary,official_test,11,3,cruise,86535,0.34649982605913754,0.3379614048115439,0.3702339590182762,0.38963257748260705,0.4596674469420547
isolation_forest,0,primary,official_test,11,3,descent,73093,0.3938133611702968,0.3764646480113471,0.46400001159329207,0.5044897093093468,0.659629718425208
isolation_forest,0,primary,official_test,14,1,climb,12241,0.3770358837566215,0.36507810350654146,0.41287291243666785,0.47794570141269643,0.5972617036910186
isolation_forest,0,primary,official_test,14,1,cruise,33377,0.37070238757197865,0.3559600642014262,0.4194183770793552,0.4627121114811215,0.585952113278376
isolation_forest,0,primary,official_test,14,1,descent,26650,0.42507444479682494,0.41980944815138266,0.5178245486937582,0.5461585918276421,0.59609367830081
isolation_forest,0,primary,official_test,15,2,climb,48789,0.3489051719240813,0.34375062731384015,0.3660351368145023,0.3779903512402404,0.4415065946353126
isolation_forest,0,primary,official_test,15,2,cruise,53466,0.36268397492357635,0.35828153123455897,0.3859377112037813,0.39945880346563367,0.47027384327023963
isolation_forest,0,primary,official_test,15,2,descent,45284,0.41619044400932015,0.40598974114134767,0.49932993016206145,0.5309220380892626,0.6118675593509567
isolation_forest,0,primary,official_test,all,mixed,climb,114708,0.34881156618609266,0.342169904106423,0.370121769899734,0.38745905677213666,0.47032904832193934
isolation_forest,0,primary,official_test,all,mixed,cruise,173378,0.3561499004561209,0.34938791656103924,0.3817100179141986,0.40747176607543817,0.5083658801562683
isolation_forest,0,primary,official_test,all,mixed,descent,145027,0.4065450021607972,0.3904044284866208,0.49095383286433025,0.526606801610529,0.6352052992798661
isolation_forest,0,alt_rate,train,2,3,climb,62603,0.3430228756884997,0.33599852143771786,0.3691092143999087,0.3803995327767386,0.4064421057608096
isolation_forest,0,alt_rate,train,2,3,cruise,68374,0.3417741565983575,0.33475851816177565,0.35946168735611833,0.3725737369665112,0.4489885005713289
isolation_forest,0,alt_rate,train,2,3,descent,57886,0.40037871592912816,0.38377144964282617,0.4747446825780142,0.5188703367722728,0.6612662158869453
isolation_forest,0,alt_rate,train,5,3,climb,53461,0.3422216663113118,0.336759977251156,0.36478603700389556,0.37569489263799255,0.40674396443133687
isolation_forest,0,alt_rate,train,5,3,cruise,77061,0.3423446620939931,0.335698994248733,0.3645193475418737,0.3719744862489485,0.3992755616871005
isolation_forest,0,alt_rate,train,5,3,descent,58028,0.3963065621467935,0.3814666299217824,0.46145067561543085,0.4994408761233156,0.6126866461477385
isolation_forest,0,alt_rate,train,10,3,climb,53315,0.33980737513123643,0.33269485535805365,0.36388125867119087,0.3731562295524384,0.4172599974878591
isolation_forest,0,alt_rate,train,10,3,cruise,76877,0.33825794347114757,0.33288964328938686,0.3555581421218365,0.3640948226382222,0.3962204757250521
isolation_forest,0,alt_rate,train,10,3,descent,57858,0.3941595030763898,0.3792978776700113,0.46150488432951386,0.49398927772273243,0.616782415356314
isolation_forest,0,alt_rate,train,16,3,climb,53813,0.3460214296336489,0.3417823782738348,0.3653958093858066,0.37409022522929775,0.40660158410929415
isolation_forest,0,alt_rate,train,16,3,cruise,79402,0.3438535572879849,0.3397514871502571,0.3600754407699976,0.3685340888951679,0.41214906300802445
isolation_forest,0,alt_rate,train,16,3,descent,61404,0.3955719645413313,0.3772248050390633,0.46656454724215796,0.5005790982458819,0.6241327362336417
isolation_forest,0,alt_rate,train,all,mixed,climb,223192,0.34278583008079866,0.336684320825931,0.3658700487956177,0.37629808630108524,0.41217104573171753
isolation_forest,0,alt_rate,train,all,mixed,cruise,301714,0.34157117092641803,0.33610697513412613,0.3602500044415175,0.369299694289232,0.40917759839075324
isolation_forest,0,alt_rate,train,all,mixed,descent,235176,0.39658885676351885,0.3803209627154833,0.4664457526660899,0.5024533322234529,0.6296891299559981
isolation_forest,0,alt_rate,calibration,18,3,climb,59158,0.352163784753593,0.3492846670001064,0.3666732355040964,0.37551871410092574,0.42967401900555297
isolation_forest,0,alt_rate,calibration,18,3,cruise,71383,0.3445848320882023,0.3389284506454747,0.3651113837149147,0.3757263979085253,0.4120203389537948
isolation_forest,0,alt_rate,calibration,18,3,descent,62748,0.40326311432812817,0.38955320080427114,0.4665727724676623,0.5103734443870597,0.6649855581860304
isolation_forest,0,alt_rate,calibration,20,3,climb,52201,0.35114234452754,0.34378692413866163,0.38028750741336087,0.39807670500289805,0.4309782907408331
isolation_forest,0,alt_rate,calibration,20,3,cruise,79401,0.35133853869684645,0.34451170273296405,0.37702945136974664,0.3883911834222225,0.4375805688256213
isolation_forest,0,alt_rate,calibration,20,3,descent,61752,0.4068808881496507,0.3905133495446163,0.4807187420927015,0.5207838890811555,0.6714359471728376
isolation_forest,0,alt_rate,calibration,all,mixed,climb,111359,0.351684971175524,0.3471341078963896,0.37134279226207645,0.38755353776362866,0.43056490248013535
isolation_forest,0,alt_rate,calibration,all,mixed,cruise,150784,0.3481412509286161,0.341596003734867,0.37281003854282,0.3831669855074099,0.4296071886375642
isolation_forest,0,alt_rate,calibration,all,mixed,descent,124500,0.4050575301436034,0.389982580238875,0.47416015589697386,0.5164980567951176,0.668146947158831
isolation_forest,0,alt_rate,official_test,11,3,climb,58507,0.3413327269148191,0.337383262756816,0.3571725596250892,0.36737469551639357,0.4121219681111728
isolation_forest,0,alt_rate,official_test,11,3,cruise,83871,0.3447030258278269,0.338161455304843,0.3665435985032559,0.37800374262454595,0.42550888610680626
isolation_forest,0,alt_rate,official_test,11,3,descent,70928,0.3984585434700328,0.3822191933377709,0.4682325241977697,0.5127574592697399,0.6644538860065892
isolation_forest,0,alt_rate,official_test,14,1,climb,13993,0.3773492205209166,0.3649115476844865,0.41693436744841805,0.48277935306708736,0.585507350936208
isolation_forest,0,alt_rate,official_test,14,1,cruise,30506,0.365340030451457,0.35485226460419006,0.3903652789589913,0.4264624396320318,0.5819891388039296
isolation_forest,0,alt_rate,official_test,14,1,descent,27769,0.42821683118545084,0.4240677398624139,0.5182143356423711,0.54703872711611,0.5998242972731702
isolation_forest,0,alt_rate,official_test,15,2,climb,53843,0.34916407393424703,0.3441479129328063,0.36639734645575495,0.37884406841347046,0.43580817978086994
isolation_forest,0,alt_rate,official_test,15,2,cruise,43303,0.35936057028796903,0.3580013592418818,0.3763724252635466,0.39092460303005094,0.4067467246944812
isolation_forest,0,alt_rate,official_test,15,2,descent,50393,0.41472688458246987,0.40193761936696576,0.49698494003535654,0.5300177034843709,0.6236497409012249
isolation_forest,0,alt_rate,official_test,all,mixed,climb,126343,0.3486591479480159,0.3418639132526287,0.37017777574772026,0.3883647037527949,0.4751578151365519
isolation_forest,0,alt_rate,official_test,all,mixed,cruise,157680,0.35272096158889993,0.3483723319649776,0.37339577021121134,0.3900642723285072,0.45750095743099733
isolation_forest,0,alt_rate,official_test,all,mixed,descent,149090,0.4094999842457286,0.3944883486134825,0.49224940581935955,0.5288144988507654,0.6436489433175572
isolation_forest,1,primary,train,2,3,climb,57051,0.3469535862131745,0.33960825781292914,0.3735960839620649,0.38679134559134154,0.4164206135223258
isolation_forest,1,primary,train,2,3,cruise,77394,0.34847879557950495,0.33845103662659104,0.3744990839241048,0.40080134811943435,0.47593920700648185
isolation_forest,1,primary,train,2,3,descent,54418,0.4009259924125684,0.3866156431778882,0.47296093175917675,0.5178718735147281,0.658620434697042
isolation_forest,1,primary,train,5,3,climb,49075,0.3454433085868221,0.3400497532724975,0.3662627315666137,0.38043192276860965,0.41298205368800744
isolation_forest,1,primary,train,5,3,cruise,86669,0.3489208193562933,0.34127850086278355,0.3742410178145279,0.3914619110218372,0.4410987744478976
isolation_forest,1,primary,train,5,3,descent,52806,0.39739356167197026,0.38519614760057064,0.45851012192931373,0.49848457495541054,0.623340317114203
isolation_forest,1,primary,train,10,3,climb,50427,0.34318790776489977,0.33601937913736724,0.3696147156190991,0.3787757306307845,0.420909154820875
isolation_forest,1,primary,train,10,3,cruise,83833,0.34489638579577214,0.3378786294388249,0.36677142747161545,0.3801988424501179,0.438124031418189
isolation_forest,1,primary,train,10,3,descent,53790,0.39555185492598843,0.3818898606819767,0.459375128192884,0.4940288361143791,0.6097325807464118
isolation_forest,1,primary,train,16,3,climb,52689,0.3490071041636963,0.345194268021801,0.36891632953137576,0.37945277420226176,0.41263891268824443
isolation_forest,1,primary,train,16,3,cruise,84042,0.35057574667733865,0.3455639681356658,0.36851536178364513,0.38291822710924417,0.4519648575479721
isolation_forest,1,primary,train,16,3,descent,57888,0.3967785925763944,0.3803816320599478,0.4620845228125257,0.4965173278427506,0.62138974054472
isolation_forest,1,primary,train,all,mixed,climb,209242,0.34620894157046717,0.3402774312788563,0.36998559747790255,0.38169488412210484,0.41720084811246744
isolation_forest,1,primary,train,all,mixed,cruise,331938,0.3482203664857433,0.3410695972523312,0.3710248880365518,0.3891016602812905,0.4508953321433991
isolation_forest,1,primary,train,all,mixed,descent,218902,0.3976565244551829,0.38334034052393023,0.46343689340814065,0.5013443303606603,0.6298484073988578
isolation_forest,1,primary,calibration,18,3,climb,56332,0.35579800085609176,0.35324496208816225,0.37068060796149077,0.3800359793541169,0.4341053276504669
isolation_forest,1,primary,calibration,18,3,cruise,78219,0.3517992567809898,0.34426380851851296,0.37536503323626164,0.3974665168906475,0.45234797004630767
isolation_forest,1,primary,calibration,18,3,descent,58738,0.40435361439938633,0.39428561442320575,0.46167925614980576,0.5112302424474925,0.6490393250802083
isolation_forest,1,primary,calibration,20,3,climb,53830,0.35337005987703307,0.3453859073115878,0.38331246662155427,0.4019505971493981,0.43420122648168646
isolation_forest,1,primary,calibration,20,3,cruise,68886,0.35640276178693614,0.34773707127098974,0.38247858472224816,0.41200078165081244,0.4905245244831017
isolation_forest,1,primary,calibration,20,3,descent,70638,0.40209969058105743,0.3860149211750007,0.4684120760882463,0.5077317323586222,0.6418247919401755
isolation_forest,1,primary,calibration,all,mixed,climb,110162,0.3546116020715497,0.3500421103208783,0.37530635249170813,0.39197192400959996,0.43420268898806746
isolation_forest,1,primary,calibration,all,mixed,cruise,147105,0.3539549757969282,0.34581165167911926,0.37974001759492976,0.40486589957175345,0.46765546428659494
isolation_forest,1,primary,calibration,all,mixed,descent,129376,0.4031229945728411,0.3901198861067302,0.465401911153953,0.5090355270784214,0.644455756480149
isolation_forest,1,primary,official_test,11,3,climb,53678,0.34555553778986586,0.3418287685400867,0.36328600317943965,0.3737883910935551,0.4148995313345945
isolation_forest,1,primary,official_test,11,3,cruise,86535,0.34999867333677487,0.3412494785061107,0.3734314411468145,0.3928467569434391,0.45968249876123396
isolation_forest,1,primary,official_test,11,3,descent,73093,0.3959459160077517,0.3796466750935465,0.4619279132881158,0.5023906172590112,0.6647125654787881
isolation_forest,1,primary,official_test,14,1,climb,12241,0.38152733717282294,0.3712699198413873,0.41633934648514515,0.4740685216187775,0.5823896053322749
isolation_forest,1,primary,official_test,14,1,cruise,33377,0.3764800877610291,0.3634037556787389,0.4175889294542671,0.4538453273811014,0.5985942289298147
isolation_forest,1,primary,official_test,14,1,descent,26650,0.42365943899546565,0.41435901319046553,0.5160629139444697,0.549439666410659,0.6097990175693645
isolation_forest,1,primary,official_test,15,2,climb,48789,0.35264073415506686,0.34793201413567737,0.36848839970478975,0.38144980841440007,0.44126407672699514
isolation_forest,1,primary,official_test,15,2,cruise,53466,0.36583554464445894,0.36168861286487064,0.38719751058395857,0.39922414393629374,0.4642209444490358
isolation_forest,1,primary,official_test,15,2,descent,45284,0.4167802202930247,0.40289910817226654,0.4960234402431568,0.5354888493344739,0.6243841466470722
isolation_forest,1,primary,official_test,all,mixed,climb,114708,0.3524078100089663,0.3463055758613627,0.37410670882992275,0.39361287361750097,0.46714527398048244
isolation_forest,1,primary,official_test,all,mixed,cruise,173378,0.3599803568870233,0.3543440713706508,0.3854117840384062,0.4082721572793544,0.5043481117498645
isolation_forest,1,primary,official_test,all,mixed,descent,145027,0.40754393584458815,0.39108761723773705,0.4868618501572986,0.5279923381075279,0.6430660177975599
isolation_forest,1,alt_rate,train,2,3,climb,62603,0.3465464882574685,0.33911805636293446,0.37396939476334545,0.3868885452483565,0.4141763709571323
isolation_forest,1,alt_rate,train,2,3,cruise,68374,0.34517101441196596,0.3380476151825018,0.36387296356501087,0.37796166888471183,0.4512116940505264
isolation_forest,1,alt_rate,train,2,3,descent,57886,0.40227749133554064,0.3889914078134038,0.47313391220194,0.5194422758638907,0.6640749805701567
isolation_forest,1,alt_rate,train,5,3,climb,53461,0.34514459108839896,0.3399775838213969,0.3657194903812659,0.37893598965780506,0.4105848242534986
isolation_forest,1,alt_rate,train,5,3,cruise,77061,0.34535309283167276,0.33994079480355993,0.36905700751407167,0.37653918078443227,0.40268803994110086
isolation_forest,1,alt_rate,train,5,3,descent,58028,0.39830743104123045,0.3864085489041308,0.4575238414900288,0.4960245828135191,0.6278596180234881
isolation_forest,1,alt_rate,train,10,3,climb,53315,0.34322196530281346,0.33622034225339614,0.36940417490576455,0.3782656071436581,0.4201756948917067
isolation_forest,1,alt_rate,train,10,3,cruise,76877,0.3418059868097004,0.3368082334432899,0.35932086030125776,0.37000701126929086,0.39944841667477105
isolation_forest,1,alt_rate,train,10,3,descent,57858,0.39615043180990783,0.3829455454936532,0.4584328836157346,0.49302246194458255,0.6172560996645952
isolation_forest,1,alt_rate,train,16,3,climb,53813,0.34894590905384465,0.3452174933530714,0.3684996599030536,0.3792834324185803,0.41279984960014726
isolation_forest,1,alt_rate,train,16,3,cruise,79402,0.34808989157140796,0.3448277552887986,0.3651055332810404,0.37292342612116053,0.41285280605753544
isolation_forest,1,alt_rate,train,16,3,descent,61404,0.39742983528976505,0.38121748609466277,0.4624077705958632,0.4979842008846328,0.6311473486589397
isolation_forest,1,alt_rate,train,all,mixed,climb,223192,0.34599506287229487,0.3401351695086643,0.36978328638032887,0.38125412547516635,0.4158212884578405
isolation_forest,1,alt_rate,train,all,mixed,cruise,301714,0.3451282673148332,0.3403163974511317,0.3650483845337719,0.37420015993735345,0.41135368318989174
isolation_forest,1,alt_rate,train,all,mixed,descent,235176,0.39852481444407595,0.38468172507403964,0.46298351540766547,0.5011119205597744,0.6364443153321835
isolation_forest,1,alt_rate,calibration,18,3,climb,59158,0.35551734447434596,0.35292465485166247,0.37072080736810736,0.3795410415954982,0.4320963453822824
isolation_forest,1,alt_rate,calibration,18,3,cruise,71383,0.347887052435338,0.342764032760829,0.3665039560172668,0.37979422411606806,0.41902408789391254
isolation_forest,1,alt_rate,calibration,18,3,descent,62748,0.40553013840383234,0.3953241919256969,0.46142425599508385,0.5125805825359946,0.6568943290138098
isolation_forest,1,alt_rate,calibration,20,3,climb,52201,0.3542923922887564,0.34607071713735355,0.3850284167109194,0.40480247006339337,0.43665838051742395
isolation_forest,1,alt_rate,calibration,20,3,cruise,79401,0.35559265395235623,0.34910313890714995,0.38294089741878234,0.397381618754127,0.4397629511344204
isolation_forest,1,alt_rate,calibration,20,3,descent,61752,0.4088573556899194,0.3940211250474571,0.47970464308362143,0.5236588869434943,0.6721112708155353
isolation_forest,1,alt_rate,calibration,all,mixed,climb,111359,0.3549431319810588,0.3502966505243671,0.3756431007557207,0.3926425989316653,0.43514943270816175
isolation_forest,1,alt_rate,calibration,all,mixed,cruise,150784,0.35194472742772953,0.3455786493108803,0.378223009223772,0.3895424949029019,0.43379137237071996
isolation_forest,1,alt_rate,calibration,all,mixed,descent,124500,0.40718043817773153,0.39474792250784074,0.47137593715301696,0.5189453130125007,0.6658897963521921
isolation_forest,1,alt_rate,official_test,11,3,climb,58507,0.3446795381649157,0.3409092710083092,0.36127805120486345,0.37264944657798604,0.41499796897491015
isolation_forest,1,alt_rate,official_test,11,3,cruise,83871,0.34822532073842016,0.3416969117418645,0.36996370238815174,0.3820452410636018,0.4229030725294198
isolation_forest,1,alt_rate,official_test,11,3,descent,70928,0.40047045706025935,0.38479805682666113,0.46607269608997737,0.5101542983038247,0.6713465255299956
isolation_forest,1,alt_rate,official_test,14,1,climb,13993,0.3815692921155485,0.3707320458004074,0.41947376859302077,0.4804884789858317,0.5764940885374429
isolation_forest,1,alt_rate,official_test,14,1,cruise,30506,0.37178557644582644,0.3622783377933666,0.39307490951397794,0.425346336629989,0.5915534112995586
isolation_forest,1,alt_rate,official_test,14,1,descent,27769,0.4265759002172315,0.41897649308466944,0.5161319145230058,0.5503335099096388,0.6136235506147295
isolation_forest,1,alt_rate,official_test,15,2,climb,53843,0.35301485499327157,0.3483860708419537,0.36876610246333713,0.38245349046697796,0.4374396024199709
isolation_forest,1,alt_rate,official_test,15,2,cruise,43303,0.3625051380780107,0.3610813549376719,0.379260997421558,0.3892751217294519,0.4029755520276034
isolation_forest,1,alt_rate,official_test,15,2,descent,50393,0.415400723767323,0.4003230033411389,0.4928920910563087,0.5335572843604982,0.6317113479867809
isolation_forest,1,alt_rate,official_test,all,mixed,climb,126343,0.35231745076015536,0.3461816684491893,0.37410932125168367,0.39429358162400147,0.4711324354903178
isolation_forest,1,alt_rate,official_test,all,mixed,cruise,157680,0.3567050777834888,0.3531296113220087,0.37728114958571046,0.390718243290549,0.4563686021427409
isolation_forest,1,alt_rate,official_test,all,mixed,descent,149090,0.4103792569877865,0.3950065542586597,0.4883213375481392,0.5307871168915045,0.6501852004259568
isolation_forest,2,primary,train,2,3,climb,57051,0.3460400825659246,0.3372552434891313,0.37671332387384543,0.39269774609873687,0.41696370857345566
isolation_forest,2,primary,train,2,3,cruise,77394,0.3477745516366856,0.3378900825361293,0.3740336266674017,0.40004023772133973,0.47007497109683183
isolation_forest,2,primary,train,2,3,descent,54418,0.4009985379859554,0.3852537869848769,0.4735539442811708,0.5177265392190411,0.6522514601624522
isolation_forest,2,primary,train,5,3,climb,49075,0.3451135279212373,0.3382354725174949,0.37053414692162284,0.3839415514449482,0.4152216725860819
isolation_forest,2,primary,train,5,3,cruise,86669,0.3489293311736875,0.34012990143796223,0.3748630296997385,0.3912727553794794,0.43407681841838774
isolation_forest,2,primary,train,5,3,descent,52806,0.39775364119587653,0.38390182055167404,0.4610105127418823,0.5041317373154444,0.6011470633422148
isolation_forest,2,primary,train,10,3,climb,50427,0.34379478151148213,0.3352027734255456,0.37235255218153274,0.3838614380419525,0.42859212836431926
isolation_forest,2,primary,train,10,3,cruise,83833,0.34555523137966915,0.3375771047932961,0.3697992327288139,0.3838931305412941,0.435571735597183
isolation_forest,2,primary,train,10,3,descent,53790,0.39684416256021154,0.38332940145891115,0.4618361138636747,0.4965528836233583,0.6076638972300629
isolation_forest,2,primary,train,16,3,climb,52689,0.3491722516969909,0.3444606982874571,0.370118231329312,0.3822382283439598,0.41461858765891385
isolation_forest,2,primary,train,16,3,cruise,84042,0.3508050606513298,0.3448738474567443,0.3693095637291207,0.3870804237971059,0.4491143580596843
isolation_forest,2,primary,train,16,3,descent,57888,0.3976136974139979,0.38064785280199437,0.4655023451793985,0.5004524865576073,0.6140352671896688
isolation_forest,2,primary,train,all,mixed,climb,209242,0.34607036517594725,0.3390426427989395,0.37247725297681017,0.38575365113347865,0.4220703189952759
isolation_forest,2,primary,train,all,mixed,cruise,331938,0.3482828433995892,0.3406234283939193,0.37205846234567963,0.3902603284011662,0.44652362455776373
isolation_forest,2,primary,train,all,mixed,descent,218902,0.3982998165257717,0.3831959847779143,0.4658016320175994,0.5044137469704012,0.6168778665105586
isolation_forest,2,primary,calibration,18,3,climb,56332,0.3537370891791856,0.3506042804855858,0.366056061404784,0.3774066513309575,0.4380593673582707
isolation_forest,2,primary,calibration,18,3,cruise,78219,0.3515456018954586,0.3437093261458295,0.375601887268354,0.3996948016803089,0.44388005786970336
isolation_forest,2,primary,calibration,18,3,descent,58738,0.404057236703893,0.39282591344937934,0.46489085744990954,0.5136049744054245,0.6518839236793507
isolation_forest,2,primary,calibration,20,3,climb,53830,0.35252115725074634,0.34262476645959405,0.386017905960612,0.4014525444953588,0.4317905667157895
isolation_forest,2,primary,calibration,20,3,cruise,68886,0.35521917209964615,0.34560633354921105,0.38435247099980774,0.41220606497722617,0.4895948376662315
isolation_forest,2,primary,calibration,20,3,descent,70638,0.40240085354147626,0.3856272063072635,0.4702796024390579,0.5103977784682783,0.6345368496795027
isolation_forest,2,primary,calibration,all,mixed,climb,110162,0.35314293134156566,0.34815847348417567,0.37493735963856734,0.39313151608312086,0.43540942875687016
isolation_forest,2,primary,calibration,all,mixed,cruise,147105,0.3532658531247551,0.3442738862569,0.38053170957815335,0.40467263681670246,0.46243453970846166
isolation_forest,2,primary,calibration,all,mixed,descent,129376,0.40315286808972356,0.3883015186498342,0.4680775099154283,0.5118876157825919,0.639914751630649
isolation_forest,2,primary,official_test,11,3,climb,53678,0.3461821622291295,0.3406939724910122,0.36643116396174724,0.3794221929443736,0.4236357542297472
isolation_forest,2,primary,official_test,11,3,cruise,86535,0.3512921528916431,0.3427767595097399,0.376875032703813,0.39460472023174264,0.4570512233684314
isolation_forest,2,primary,official_test,11,3,descent,73093,0.3968569297336899,0.38175474779863955,0.46371585449128017,0.5034247838844503,0.6549292069065831
isolation_forest,2,primary,official_test,14,1,climb,12241,0.384904956779641,0.37344562806423304,0.42412276976120955,0.4812076364751646,0.591659917616531
isolation_forest,2,primary,official_test,14,1,cruise,33377,0.37299870764010545,0.3586164910245285,0.419987328585958,0.45736309854733764,0.5916596884682329
isolation_forest,2,primary,official_test,14,1,descent,26650,0.42447501648086083,0.4147863827031327,0.5206325961079321,0.5470142385389225,0.5987214410172796
isolation_forest,2,primary,official_test,15,2,climb,48789,0.35303959880202906,0.34719361502232926,0.37165167312817077,0.38494036804697973,0.4458144651351826
isolation_forest,2,primary,official_test,15,2,cruise,53466,0.3683266824420595,0.36439794735195336,0.3928707695117344,0.4043234507964139,0.4669040934420602
isolation_forest,2,primary,official_test,15,2,descent,45284,0.41831765588677566,0.40666980355408133,0.5011943508264265,0.537351723949506,0.6052639567371879
isolation_forest,2,primary,official_test,all,mixed,climb,114708,0.35323113179575083,0.34568203090295646,0.37836203877855085,0.3988713698527462,0.47381699745952727
isolation_forest,2,primary,official_test,all,mixed,cruise,173378,0.3607239598958881,0.3540524219026023,0.38854782944817207,0.4105830329407261,0.508951364931916
isolation_forest,2,primary,official_test,all,mixed,descent,145027,0.4086330096010832,0.39249274692095043,0.49145774938264686,0.52979816309743,0.6313088118960208
isolation_forest,2,alt_rate,train,2,3,climb,62603,0.34563422410183453,0.3366264001826308,0.3777165647296156,0.39294452914701367,0.41521396627604673
isolation_forest,2,alt_rate,train,2,3,cruise,68374,0.3446119588115795,0.3377576416036471,0.3639386181726816,0.3769975461357186,0.4491416763384986
isolation_forest,2,alt_rate,train,2,3,descent,57886,0.40215073483619257,0.3876772419790203,0.4734229738159846,0.5187859794133715,0.6571968841007927
isolation_forest,2,alt_rate,train,5,3,climb,53461,0.3448043565089439,0.33824603584109963,0.36993227236642023,0.3826836460482953,0.4124633033869617
isolation_forest,2,alt_rate,train,5,3,cruise,77061,0.34554323698682377,0.33855092172346873,0.3694643843091327,0.3767298209732989,0.401719255616766
isolation_forest,2,alt_rate,train,5,3,descent,58028,0.39842986617581555,0.3851801533099008,0.4589328481247038,0.5014823826185046,0.6053288277236529
isolation_forest,2,alt_rate,train,10,3,climb,53315,0.3437906089433265,0.33538024243441517,0.37228350684644657,0.3830561583399897,0.4277749903696016
isolation_forest,2,alt_rate,train,10,3,cruise,76877,0.34250563662502187,0.33682467091429097,0.362186998433462,0.3723101724793674,0.3990463251913025
isolation_forest,2,alt_rate,train,10,3,descent,57858,0.3973818058178616,0.38420139717277846,0.46066950596035483,0.4955760071449399,0.6132412189084095
isolation_forest,2,alt_rate,train,16,3,climb,53813,0.34901308530231695,0.344577743891993,0.3695522204664938,0.38195592419017727,0.41431691160039985
isolation_forest,2,alt_rate,train,16,3,cruise,79402,0.3484291653076711,0.34425070526922474,0.36569546791354035,0.3751825977151559,0.41503798677708764
isolation_forest,2,alt_rate,train,16,3,descent,61404,0.398175096894177,0.3817584506317926,0.4654496279022911,0.5009711872351054,0.6206480070535738
isolation_forest,2,alt_rate,train,all,mixed,climb,223192,0.3458097176868294,0.3388552648011406,0.3724097047319898,0.38550942470719113,0.4201169074339712
isolation_forest,2,alt_rate,train,all,mixed,cruise,301714,0.3453176977793741,0.3399012352082431,0.36601856512437236,0.37520552335203017,0.41178318446162493
isolation_forest,2,alt_rate,train,all,mixed,descent,235176,0.39902135371754743,0.384558223695599,0.46501188031775303,0.5039368646045373,0.6244522846492315
isolation_forest,2,alt_rate,calibration,18,3,climb,59158,0.3535054923449057,0.35034856512847956,0.36637183831340214,0.3770323045033616,0.43644799618849095
isolation_forest,2,alt_rate,calibration,18,3,cruise,71383,0.34776578268353003,0.34268201096101214,0.36565746006791683,0.3802546784560984,0.4228968287832467
isolation_forest,2,alt_rate,calibration,18,3,descent,62748,0.4051210290428009,0.3940214960781575,0.46414050064026374,0.5151419148669221,0.6607526752309226
isolation_forest,2,alt_rate,calibration,20,3,climb,52201,0.35322591655311897,0.3429451305841192,0.38745698548366697,0.4034750687913803,0.43497617885625767
isolation_forest,2,alt_rate,calibration,20,3,cruise,79401,0.35478088163655547,0.3479953905525819,0.3836426588764531,0.3932971561581854,0.43955713669926055
isolation_forest,2,alt_rate,calibration,20,3,descent,61752,0.4090868380572805,0.3942276723831679,0.4815492979593361,0.5250495391464944,0.6679831644144293
isolation_forest,2,alt_rate,calibration,all,mixed,climb,111359,0.35337443750508973,0.3482627987057969,0.3751278287132922,0.3935360902524753,0.4358721782184123
isolation_forest,2,alt_rate,calibration,all,mixed,cruise,150784,0.35145984751779086,0.3442506877509335,0.3791826461890922,0.38898051584183985,0.4326287408382866
isolation_forest,2,alt_rate,calibration,all,mixed,descent,124500,0.4070880703139828,0.3941088334040328,0.47380020355834096,0.5214763174000376,0.663635060444641
isolation_forest,2,alt_rate,official_test,11,3,climb,58507,0.3452379910607043,0.33984658455787986,0.36437045459241557,0.3782238097058078,0.42359104488589805
isolation_forest,2,alt_rate,official_test,11,3,cruise,83871,0.34965747374881767,0.3432364537481465,0.37337639182603244,0.3847286120778737,0.4262611985233968
isolation_forest,2,alt_rate,official_test,11,3,descent,70928,0.4013074525696825,0.38635196605603417,0.4675630170583678,0.5114772301291036,0.6600328070979918
isolation_forest,2,alt_rate,official_test,14,1,climb,13993,0.38474319160759024,0.3726644952708581,0.42685945778490714,0.48497305950606434,0.5798559358454726
isolation_forest,2,alt_rate,official_test,14,1,cruise,30506,0.36789273128106076,0.35680078954885097,0.3934012204921421,0.42784820296206827,0.5898682073670591
isolation_forest,2,alt_rate,official_test,14,1,descent,27769,0.42734025313959,0.41889928520325864,0.5206519337170474,0.5478465285327332,0.6023267000968257
isolation_forest,2,alt_rate,official_test,15,2,climb,53843,0.35340011964781287,0.3475819794595473,0.3719977887599248,0.38579062310910883,0.44055482383070854
isolation_forest,2,alt_rate,official_test,15,2,cruise,43303,0.3654277413567792,0.36395816985935425,0.3855055227855679,0.3959388313279355,0.4135902511529942
isolation_forest,2,alt_rate,official_test,15,2,descent,50393,0.41688845657941176,0.4038430361209403,0.4978042893584051,0.5359630232227489,0.6192947759035488
isolation_forest,2,alt_rate,official_test,all,mixed,climb,126343,0.353091768165635,0.345453353534221,0.3781770337657826,0.39936204538274017,0.47707234600347703
isolation_forest,2,alt_rate,official_test,all,mixed,cruise,157680,0.35751633133701,0.35304324998303027,0.3806316731610995,0.39491025712362976,0.4577541394431985
isolation_forest,2,alt_rate,official_test,all,mixed,descent,149090,0.41142267407406274,0.39607714098511704,0.492781006775907,0.532111150180977,0.6396225318199811
lstm_autoencoder,0,primary,train,2,3,climb,57051,0.3023770506700757,0.15643727779388428,0.5468266606330872,0.7388708889484406,1.9527302384376526
lstm_autoencoder,0,primary,train,2,3,cruise,77394,0.36679489608978677,0.1343739852309227,0.5649852275848383,0.944963738322257,2.5894278502464103
lstm_autoencoder,0,primary,train,2,3,descent,54418,1.7889492262228477,0.7715674042701721,3.7026871919631965,5.61240217685699,14.32920076370241
lstm_autoencoder,0,primary,train,5,3,climb,49075,0.3271637903410093,0.12861205637454987,0.5135934710502623,0.7565806508064244,2.029220986366287
lstm_autoencoder,0,primary,train,5,3,cruise,86669,0.2985367818224494,0.1474987268447876,0.5336685776710508,0.8211189150810239,1.6262411546707154
lstm_autoencoder,0,primary,train,5,3,descent,52806,1.5594131637444908,0.7292179763317108,3.257584571838379,4.491629004478455,11.314586257934527
lstm_autoencoder,0,primary,train,10,3,climb,50427,0.2677012921914815,0.10283119231462479,0.48711249232292175,0.7241103291511533,1.8159877109527574
lstm_autoencoder,0,primary,train,10,3,cruise,83833,0.2562189230782086,0.10534168779850006,0.45346913337707534,0.6737597584724423,1.6917984676361075
lstm_autoencoder,0,primary,train,10,3,descent,53790,1.5165900761301059,0.6638978719711304,3.34446382522583,4.5480524301528895,9.716072330474857
lstm_autoencoder,0,primary,train,16,3,climb,52689,0.3708707074894106,0.19747042655944824,0.5463645339012146,0.7033787131309509,2.042799367904664
lstm_autoencoder,0,primary,train,16,3,cruise,84042,0.3300977256024884,0.20401152223348618,0.504199308156968,0.7418369650840752,2.092636542320247
lstm_autoencoder,0,primary,train,16,3,descent,57888,1.865638338154005,0.6854045391082764,3.2777345418930053,4.518194103240953,10.96964078903195
lstm_autoencoder,0,primary,train,all,mixed,climb,209242,0.31708096795582585,0.14456729590892792,0.52508664727211,0.7304113805294034,1.9502056705951618
lstm_autoencoder,0,primary,train,all,mixed,cruise,331938,0.3117548535125313,0.14718341082334518,0.513837993144989,0.7869332700967779,1.9341652190685281
lstm_autoencoder,0,primary,train,all,mixed,descent,218902,1.6869323388154698,0.7075178623199463,3.381970119476318,4.798578500747681,11.498168144226055
lstm_autoencoder,0,primary,calibration,18,3,climb,56332,0.41784975233411137,0.25736382603645325,0.5278830170631409,0.7540309131145475,3.25618621349338
lstm_autoencoder,0,primary,calibration,18,3,cruise,78219,0.40397471930275347,0.17699013650417328,0.5896973490715025,0.9155370473861691,1.6711590433120624
lstm_autoencoder,0,primary,calibration,18,3,descent,58738,1.9843794278364904,0.8557500243186951,3.263341474533082,5.634690546989437,12.84422801971429
lstm_autoencoder,0,primary,calibration,20,3,climb,53830,0.3834669910632724,0.22258760780096054,0.6760974645614624,0.9410349428653715,2.423146479129779
lstm_autoencoder,0,primary,calibration,20,3,cruise,68886,0.5170298297669293,0.20320789515972137,0.631795197725296,1.0217427015304565,2.996635591983793
lstm_autoencoder,0,primary,calibration,20,3,descent,70638,16.335317851673846,0.6628243625164032,3.3922086954116843,5.009398317337031,11.654160909652727
lstm_autoencoder,0,primary,calibration,all,mixed,climb,110162,0.40104882243805595,0.24369573593139648,0.5887555599212647,0.8725476950407024,2.898934826850889
lstm_autoencoder,0,primary,calibration,all,mixed,cruise,147105,0.4569159132760054,0.18797707557678223,0.6131614089012146,0.9584181070327745,2.3002820682525615
lstm_autoencoder,0,primary,calibration,all,mixed,descent,129376,9.819848049397082,0.7456895112991333,3.3320401906967163,5.203045129776001,12.217558145523071
lstm_autoencoder,0,primary,official_test,11,3,climb,53678,0.29084686799510784,0.16367004811763763,0.45022189319133776,0.6422556400299065,1.8506856703758239
lstm_autoencoder,0,primary,official_test,11,3,cruise,86535,0.3858522068344559,0.1496204286813736,0.532397758960724,0.8066888988018037,2.4516535568237305
lstm_autoencoder,0,primary,official_test,11,3,descent,73093,1.557863622046237,0.6445057988166809,3.214574193954469,5.085773372650144,13.846734313964863
lstm_autoencoder,0,primary,official_test,14,1,climb,12241,1.6047450793946152,0.47626397013664246,1.4450206756591797,3.231706142425537,23.642332839965945
lstm_autoencoder,0,primary,official_test,14,1,cruise,33377,0.8314026432010236,0.4008895456790924,1.5706018686294558,2.683900403976437,9.635898246765056
lstm_autoencoder,0,primary,official_test,14,1,descent,26650,3.505442811092449,1.3964796662330627,5.063918113708498,6.9109964847564695,10.015624685287454
lstm_autoencoder,0,primary,official_test,15,2,climb,48789,0.6336739873008681,0.23327293992042542,0.5923094630241396,0.8526583671569824,2.9867107772827257
lstm_autoencoder,0,primary,official_test,15,2,cruise,53466,0.5606320641102732,0.4038964956998825,0.7668473720550537,1.0484119653701782,3.2793954133987397
lstm_autoencoder,0,primary,official_test,15,2,descent,45284,24.807920992402227,1.1667205691337585,4.5798621654510505,6.5037620544433565,11.430975627899157
lstm_autoencoder,0,primary,official_test,all,mixed,climb,114708,0.5768741749793644,0.2130589336156845,0.6304328918457032,0.9370365262031549,3.8975753402709774
lstm_autoencoder,0,primary,official_test,all,mixed,cruise,173378,0.5255234267338421,0.29282988607883453,0.7531069636344909,1.2498768091201782,4.012223019599938
lstm_autoencoder,0,primary,official_test,all,mixed,descent,145027,9.17546988396493,0.8516765236854553,4.17615871429444,5.999022483825671,12.278315677642812
lstm_autoencoder,0,alt_rate,train,2,3,climb,62603,0.29057179393645377,0.14814026653766632,0.5437186241149903,0.7335083842277518,1.8199751329421976
lstm_autoencoder,0,alt_rate,train,2,3,cruise,68374,0.29481358798368135,0.13317913562059402,0.4270659714937213,0.6429995328187941,1.82522674202919
lstm_autoencoder,0,alt_rate,train,2,3,descent,57886,1.807715613753694,0.7967377305030823,3.6477540731430054,5.590039968490601,14.851652145385787
lstm_autoencoder,0,alt_rate,train,5,3,climb,53461,0.3117985085890425,0.12506791949272156,0.4874859154224396,0.7251964211463928,1.8652467012405494
lstm_autoencoder,0,alt_rate,train,5,3,cruise,77061,0.22116158378988415,0.13785894215106964,0.4576447606086731,0.5685775876045227,0.9615084171295163
lstm_autoencoder,0,alt_rate,train,5,3,descent,58028,1.5606918384803097,0.749224990606308,3.1673037767410284,4.4206651687622,11.579399614334067
lstm_autoencoder,0,alt_rate,train,10,3,climb,53315,0.2634145720510914,0.10300426930189133,0.4838832199573517,0.7063888251781459,1.7764285278320318
lstm_autoencoder,0,alt_rate,train,10,3,cruise,76877,0.18211185890628667,0.0987413302063942,0.37298837304115334,0.49704746603965755,0.9387620115280163
lstm_autoencoder,0,alt_rate,train,10,3,descent,57858,1.5298177079876794,0.677764356136322,3.2829856157302864,4.481997895240777,10.29401921272278
lstm_autoencoder,0,alt_rate,train,16,3,climb,53813,0.369689935589564,0.19869296252727509,0.5441130995750427,0.7033819437026972,2.052157611846911
lstm_autoencoder,0,alt_rate,train,16,3,cruise,79402,0.26204923672499136,0.1945076435804367,0.44707466065883644,0.5834432274103162,1.2305669939518
lstm_autoencoder,0,alt_rate,train,16,3,descent,61404,1.8659956009825738,0.6950235664844513,3.2483493089675903,4.505978846549987,11.237603998184206
lstm_autoencoder,0,alt_rate,train,all,mixed,climb,223192,0.3082449124353371,0.14074817299842834,0.5179612398147582,0.7210303753614419,1.8680097162723495
lstm_autoencoder,0,alt_rate,train,all,mixed,cruise,301714,0.23866298529337338,0.14076869934797287,0.43007268607616445,0.5672790318727492,1.1798287093639372
lstm_autoencoder,0,alt_rate,train,all,mixed,descent,235176,1.6936126086529528,0.7249996066093445,3.318916916847229,4.740569710731506,11.96848726272583
lstm_autoencoder,0,alt_rate,calibration,18,3,climb,59158,0.4090200046201677,0.25480663776397705,0.525367605686188,0.7379301071166965,3.1202619552612325
lstm_autoencoder,0,alt_rate,calibration,18,3,cruise,71383,0.2633092399052655,0.1663239449262619,0.4723962664604188,0.6682101249694823,1.2672925567626923
lstm_autoencoder,0,alt_rate,calibration,18,3,descent,62748,2.051104110798903,0.8692002296447754,3.209669160842896,5.552338838577252,14.024946193695
lstm_autoencoder,0,alt_rate,calibration,20,3,climb,52201,0.3962793746424057,0.23223240673542023,0.7055250406265259,0.986811637878418,2.5049140453338623
lstm_autoencoder,0,alt_rate,calibration,20,3,cruise,79401,0.33650476954571196,0.2161131650209427,0.5924888253211975,0.7781124114990234,1.6596834659576416
lstm_autoencoder,0,alt_rate,calibration,20,3,descent,61752,18.829306460461048,0.8084619641304016,3.7975779294967653,5.673224639892574,16.64538021087646
lstm_autoencoder,0,alt_rate,calibration,all,mixed,climb,111359,0.40304766627778715,0.24612368643283844,0.5940112829208367,0.8881423592567433,2.8622900962829587
lstm_autoencoder,0,alt_rate,calibration,all,mixed,cruise,150784,0.3018531056269673,0.18626759946346283,0.5473282933235168,0.735444560647011,1.454045305252077
lstm_autoencoder,0,alt_rate,calibration,all,mixed,descent,124500,10.373092476231326,0.8420153558254242,3.524827694892884,5.612163591384882,15.319614439010612
lstm_autoencoder,0,alt_rate,official_test,11,3,climb,58507,0.2786779149259899,0.1518508940935135,0.4294827103614807,0.6152923762798308,1.813490381240846
lstm_autoencoder,0,alt_rate,official_test,11,3,cruise,83871,0.29843040270829413,0.15392117202281952,0.47984710335731506,0.6726891696453094,1.577511274814606
lstm_autoencoder,0,alt_rate,official_test,11,3,descent,70928,1.7135187732738046,0.7293702363967896,3.3698326826095584,5.2492766857147135,14.42629740715017
lstm_autoencoder,0,alt_rate,official_test,14,1,climb,13993,1.5112689499924516,0.4783998131752014,1.6680968761444144,3.043138980865478,20.699642257690417
lstm_autoencoder,0,alt_rate,official_test,14,1,cruise,30506,0.7159982697957257,0.3838796466588974,1.0397594571113586,1.7565625607967377,9.05389323234561
lstm_autoencoder,0,alt_rate,official_test,14,1,descent,27769,3.522778343439484,1.5061098337173462,5.0748103141784675,6.930807399749755,10.622974243164062
lstm_autoencoder,0,alt_rate,official_test,15,2,climb,53843,0.6087935864753452,0.23852650821208954,0.5978873729705811,0.863566875457762,2.7128386020660695
lstm_autoencoder,0,alt_rate,official_test,15,2,cruise,43303,0.43119504352038707,0.3971531391143799,0.6390486478805543,0.7745734989643097,1.1447902154922505
lstm_autoencoder,0,alt_rate,official_test,15,2,descent,50393,22.480139231241026,1.0934580564498901,4.46486577987671,6.394833469390868,11.88545578002932
lstm_autoencoder,0,alt_rate,official_test,all,mixed,climb,126343,0.5558762120767378,0.21055276691913605,0.6351873874664307,0.9609981715679169,3.6534879398345965
lstm_autoencoder,0,alt_rate,official_test,all,mixed,cruise,157680,0.4156769310851032,0.27913661301136017,0.6210484683513642,0.8192022383213042,2.51827092647551
lstm_autoencoder,0,alt_rate,official_test,all,mixed,descent,149090,9.069703854381007,0.920403242111206,4.204962682723999,6.036180305480956,12.695486993789652
lstm_autoencoder,1,primary,train,2,3,climb,57051,0.3761319005321541,0.18238188326358795,0.8079890608787537,1.1365615725517273,2.176450252532959
lstm_autoencoder,1,primary,train,2,3,cruise,77394,0.4407174142207311,0.18101951479911804,0.7874302089214323,1.2032183110713945,3.018364846706363
lstm_autoencoder,1,primary,train,2,3,descent,54418,1.9320460071425203,0.8525310754776001,4.075808334350595,5.941546130180352,14.530272731781041
lstm_autoencoder,1,primary,train,5,3,climb,49075,0.3857483686764273,0.16785061359405518,0.6833994269371032,1.0119951486587517,2.2020480775833207
lstm_autoencoder,1,primary,train,5,3,cruise,86669,0.4079781415532055,0.21002008020877838,0.8068661928176879,1.172332143783569,2.2769443035125705
lstm_autoencoder,1,primary,train,5,3,descent,52806,1.7160322253077638,0.8113796710968018,3.659921646118164,5.086893558502197,11.277634716033907
lstm_autoencoder,1,primary,train,10,3,climb,50427,0.2983828230073604,0.1260966956615448,0.6348892211914062,0.8801338016986843,1.8537752556800777
lstm_autoencoder,1,primary,train,10,3,cruise,83833,0.31050278866935443,0.15532277524471283,0.5606675148010254,0.8606218695640558,2.2079304313659667
lstm_autoencoder,1,primary,train,10,3,descent,53790,1.6591263716765818,0.7624626159667969,3.7180366277694694,5.0222603321075425,9.76377823829651
lstm_autoencoder,1,primary,train,16,3,climb,52689,0.48335788388876033,0.2924184203147888,0.7835660338401795,0.9728691458702087,2.328679628372194
lstm_autoencoder,1,primary,train,16,3,cruise,84042,0.4288849992274622,0.2810231149196625,0.7327936172485352,0.9975000739097594,2.2494817209243725
lstm_autoencoder,1,primary,train,16,3,descent,57888,2.0244672990812167,0.7903417944908142,3.744747734069825,4.968749117851246,10.941820240020752
lstm_autoencoder,1,primary,train,all,mixed,climb,209242,0.38665036852095974,0.18415606766939163,0.7420805156230922,1.0186723172664636,2.1355171465873632
lstm_autoencoder,1,primary,train,all,mixed,cruise,331938,0.3962868803634004,0.20549103617668152,0.731691575050354,1.0501582264900207,2.380533928871155
lstm_autoencoder,1,primary,train,all,mixed,descent,218902,1.8373137196004616,0.8034870624542236,3.7874214649200435,5.229383420944204,11.584304370880105
lstm_autoencoder,1,primary,calibration,18,3,climb,56332,0.5172429937155558,0.34716446697711945,0.7364188671112062,0.9136757999658582,3.5891948390007142
lstm_autoencoder,1,primary,calibration,18,3,cruise,78219,0.4953563619116725,0.22655673325061798,0.805131161212921,1.1592768311500543,2.2465252447128248
lstm_autoencoder,1,primary,calibration,18,3,descent,58738,2.1248724410693014,0.8974279463291168,3.7225656986236584,5.878961825370774,13.277040443420404
lstm_autoencoder,1,primary,calibration,20,3,climb,53830,0.46008851415651225,0.22103037685155869,0.9563885867595671,1.3164352893829345,2.632440018653866
lstm_autoencoder,1,primary,calibration,20,3,cruise,68886,0.5920822106808398,0.24874034523963928,0.8508220911026001,1.3293192684650421,3.495330333709714
lstm_autoencoder,1,primary,calibration,20,3,descent,70638,16.553277149073924,0.8391595184803009,3.7823153257370006,5.4148464202880815,12.08172313690192
lstm_autoencoder,1,primary,calibration,all,mixed,climb,110162,0.4893148003760802,0.293879434466362,0.8134159147739412,1.1813467800617214,3.1717430877685544
lstm_autoencoder,1,primary,calibration,all,mixed,cruise,147105,0.5406509257831442,0.23814146220684052,0.8249892592430116,1.234117388725279,2.804870729446391
lstm_autoencoder,1,primary,calibration,all,mixed,descent,129376,10.00263687778114,0.8610081970691681,3.757375955581665,5.57271671295166,12.69490933418274
lstm_autoencoder,1,primary,official_test,11,3,climb,53678,0.3571447289544373,0.23269416391849518,0.5696006059646609,0.7558358550071698,1.9522549366950896
lstm_autoencoder,1,primary,official_test,11,3,cruise,86535,0.47734615587399437,0.20629331469535828,0.7618195533752451,1.0832587122917179,2.782481198310855
lstm_autoencoder,1,primary,official_test,11,3,descent,73093,1.7379045342444763,0.7959104180335999,3.666985416412354,5.43603353500366,14.209013595581089
lstm_autoencoder,1,primary,official_test,14,1,climb,12241,1.6241734729352881,0.4596993327140808,1.5682159662246704,3.092592239379883,23.92169036865243
lstm_autoencoder,1,primary,official_test,14,1,cruise,33377,0.8671729780096724,0.3977486491203308,1.8251346588134771,3.111259555816646,9.415649299621496
lstm_autoencoder,1,primary,official_test,14,1,descent,26650,3.77114499001465,1.7438765168190002,5.4322455406189,6.790678977966306,9.65071117401123
lstm_autoencoder,1,primary,official_test,15,2,climb,48789,0.7531142646280027,0.3349734842777252,0.8661665797233586,1.0773404359817504,3.274398603439339
lstm_autoencoder,1,primary,official_test,15,2,cruise,53466,0.7044134993944398,0.5820078253746033,1.069831132888794,1.3266478180885315,3.745386254787442
lstm_autoencoder,1,primary,official_test,15,2,descent,45284,24.986517222198223,1.3218757510185242,5.121877670288087,6.772022604942318,11.260900964736933
lstm_autoencoder,1,primary,official_test,all,mixed,climb,114708,0.6607735650517206,0.2902020215988159,0.7955771684646606,1.0671086490154262,4.1292161560058345
lstm_autoencoder,1,primary,official_test,all,mixed,cruise,173378,0.6224143446354673,0.3388376235961914,0.9965643763542184,1.508595716953277,4.255627994537371
lstm_autoencoder,1,primary,official_test,all,mixed,descent,145027,9.370800719834557,1.0487195253372192,4.659743595123292,6.307659912109374,12.196373386383055
lstm_autoencoder,1,alt_rate,train,2,3,climb,62603,0.36574392547668816,0.17174942791461945,0.8287417173385621,1.1404971599578828,2.0104568576812545
lstm_autoencoder,1,alt_rate,train,2,3,cruise,68374,0.36054920630852233,0.178761824965477,0.6020039856433873,0.8829553306102752,2.3578398442268416
lstm_autoencoder,1,alt_rate,train,2,3,descent,57886,1.9548216465360337,0.8878041207790375,4.016245126724243,5.920047163963318,14.985597801208517
lstm_autoencoder,1,alt_rate,train,5,3,climb,53461,0.37172343860273405,0.16461263597011566,0.681122899055481,0.9799861311912537,2.036100769042977
lstm_autoencoder,1,alt_rate,train,5,3,cruise,77061,0.3203097066313193,0.19493506848812103,0.7133650183677673,0.8822680115699768,1.5364365339279171
lstm_autoencoder,1,alt_rate,train,5,3,descent,58028,1.7293438233062548,0.8387416899204254,3.5693098545074466,4.971957445144652,11.528561697006216
lstm_autoencoder,1,alt_rate,train,10,3,climb,53315,0.29691291756786126,0.1288744956254959,0.6405629873275757,0.8809795856475827,1.7943528771400452
lstm_autoencoder,1,alt_rate,train,10,3,cruise,76877,0.22754021238457067,0.14408095180988312,0.4541832268238072,0.6135790944099425,1.3221291351318385
lstm_autoencoder,1,alt_rate,train,10,3,descent,57858,1.6764979315422988,0.7834202647209167,3.644406270980835,4.955050396919249,10.16340087890625
lstm_autoencoder,1,alt_rate,train,16,3,climb,53813,0.48523963946020715,0.3005348742008209,0.7845574140548708,0.9691193222999572,2.325749826431268
lstm_autoencoder,1,alt_rate,train,16,3,cruise,79402,0.3567470513226842,0.26461221277713776,0.6748807489871984,0.8250483363866804,1.484399372339249
lstm_autoencoder,1,alt_rate,train,16,3,descent,61404,2.023739977381064,0.8023287951946259,3.7138101339340217,4.948851633071898,11.259117145538335
lstm_autoencoder,1,alt_rate,train,all,mixed,climb,223192,0.3795453539381363,0.18105502426624298,0.7453560471534728,1.015763813257217,2.0344578766822816
lstm_autoencoder,1,alt_rate,train,all,mixed,cruise,301714,0.3153801812692398,0.196089506149292,0.6287897050380707,0.8188180595636366,1.5606547141075127
lstm_autoencoder,1,alt_rate,train,all,mixed,descent,235176,1.8487078447821264,0.8265579342842102,3.7301394939422607,5.1752073764801025,12.070054292678833
lstm_autoencoder,1,alt_rate,calibration,18,3,climb,59158,0.5056678251652031,0.3412107825279236,0.7245543479919434,0.9030818283557887,3.4223018836975108
lstm_autoencoder,1,alt_rate,calibration,18,3,cruise,71383,0.3478527491210952,0.2008270025253296,0.6986666798591614,0.9078830957412715,1.5962710618972724
lstm_autoencoder,1,alt_rate,calibration,18,3,descent,62748,2.1984652745306335,0.9280343949794769,3.6666972875595127,5.777322053909302,14.269472150802601
lstm_autoencoder,1,alt_rate,calibration,20,3,climb,52201,0.47535376615322905,0.23008838295936584,0.9960523843765259,1.3771241903305054,2.790050506591797
lstm_autoencoder,1,alt_rate,calibration,20,3,cruise,79401,0.4352847543602295,0.26471981406211853,0.8773614168167114,1.1121034622192383,2.095407009124756
lstm_autoencoder,1,alt_rate,calibration,20,3,descent,61752,19.03528864507009,0.9341679513454437,4.1709010124206545,6.056179809570305,16.630460624694802
lstm_autoencoder,1,alt_rate,calibration,all,mixed,climb,111359,0.4914577101813756,0.2974337935447693,0.8165263533592224,1.194818723201747,3.123530478477465
lstm_autoencoder,1,alt_rate,calibration,all,mixed,cruise,150784,0.3938933678073782,0.23490050435066223,0.8028537213802341,1.0218956768512726,1.9069082140922562
lstm_autoencoder,1,alt_rate,calibration,all,mixed,descent,124500,10.549529666318202,0.9311809241771698,3.9364835977554335,5.928271865844722,15.415435600280599
lstm_autoencoder,1,alt_rate,official_test,11,3,climb,58507,0.3414172954155407,0.21747836470603943,0.5441127419471741,0.7282380759716022,1.9340096163749714
lstm_autoencoder,1,alt_rate,official_test,11,3,cruise,83871,0.38996016868379585,0.21868611872196198,0.7136691212654114,0.9301599562168121,1.7726669549942087
lstm_autoencoder,1,alt_rate,official_test,11,3,descent,70928,1.900870875681652,0.8864731192588806,3.803408408164979,5.6096843957900955,14.837049064636204
lstm_autoencoder,1,alt_rate,official_test,14,1,climb,13993,1.5439115274240434,0.47597387433052063,1.823461437225342,2.9205471515655512,20.903315734863266
lstm_autoencoder,1,alt_rate,official_test,14,1,cruise,30506,0.7209335780399498,0.383421391248703,1.222826898097992,1.9835334122180939,8.950987768173238
lstm_autoencoder,1,alt_rate,official_test,14,1,descent,27769,3.8074615657095596,1.8755569458007812,5.444973278045654,6.824462413787841,10.226011543273914
lstm_autoencoder,1,alt_rate,official_test,15,2,climb,53843,0.7297821827590539,0.33948734402656555,0.8785065770149232,1.097888755798339,2.950141725540161
lstm_autoencoder,1,alt_rate,official_test,15,2,cruise,43303,0.5733414906561922,0.5791059136390686,0.9230218768119812,1.1571030497550967,1.4419228720665105
lstm_autoencoder,1,alt_rate,official_test,15,2,descent,50393,22.657397679626182,1.2528020143508911,4.989191436767579,6.6380600929260085,11.700134353637704
lstm_autoencoder,1,alt_rate,official_test,all,mixed,climb,126343,0.6401060428549062,0.2835763394832611,0.811404836177826,1.107435250282287,3.900398073196415
lstm_autoencoder,1,alt_rate,official_test,all,mixed,cruise,157680,0.5043541071109237,0.32338519394397736,0.8482678890228272,1.1574656367301923,2.702745432853691
lstm_autoencoder,1,alt_rate,official_test,all,mixed,descent,149090,9.27177282821074,1.1295021176338196,4.686562252044678,6.352690482139587,12.682801256179685
lstm_autoencoder,2,primary,train,2,3,climb,57051,0.32704472419998143,0.15248560905456543,0.6773534417152405,0.9333711564540863,1.984337568283081
lstm_autoencoder,2,primary,train,2,3,cruise,77394,0.39597555139372625,0.14477110654115677,0.6624992549419403,1.0892674505710602,2.7775871872901745
lstm_autoencoder,2,primary,train,2,3,descent,54418,1.7439917562336875,0.7686635255813599,3.5687268733978277,5.232947921752929,13.982303848266628
lstm_autoencoder,2,primary,train,5,3,climb,49075,0.34284246109147054,0.1326814591884613,0.5689963102340697,0.8379357457160937,2.1087645912170543
lstm_autoencoder,2,primary,train,5,3,cruise,86669,0.3325005568833377,0.1388799250125885,0.6421247959136962,1.0059855937957738,2.0660880947113003
lstm_autoencoder,2,primary,train,5,3,descent,52806,1.534406326646557,0.7350606620311737,3.1198019981384277,4.418778419494629,10.648501348495461
lstm_autoencoder,2,primary,train,10,3,climb,50427,0.2643086413423676,0.09433475881814957,0.5188632369041444,0.7499637484550473,1.8202407550811768
lstm_autoencoder,2,primary,train,10,3,cruise,83833,0.27689543278317985,0.11240910738706589,0.5138590097427369,0.7375377416610716,1.996314811706542
lstm_autoencoder,2,primary,train,10,3,descent,53790,1.4789862425663345,0.6915545761585236,3.1826234340667723,4.357821607589718,9.573038425445574
lstm_autoencoder,2,primary,train,16,3,climb,52689,0.3904891853984198,0.21361993253231049,0.5930176496505737,0.7454449653625487,2.2602109050750876
lstm_autoencoder,2,primary,train,16,3,cruise,84042,0.34928567043722764,0.21615362912416458,0.5526943445205689,0.7922439873218534,2.0775881075859037
lstm_autoencoder,2,primary,train,16,3,descent,57888,1.830524952681089,0.6739625930786133,3.1737348556518556,4.345889949798574,10.356696243286098
lstm_autoencoder,2,primary,train,all,mixed,climb,209242,0.33160645991161414,0.14528974145650864,0.5894150674343106,0.8283347189426417,2.027421474456787
lstm_autoencoder,2,primary,train,all,mixed,cruise,331938,0.3375065937629492,0.15176962316036224,0.583728128671646,0.89540809392929,2.171552031040193
lstm_autoencoder,2,primary,train,all,mixed,descent,218902,1.6511978068910695,0.7145346999168396,3.245492196083069,4.596643662452697,11.0263682937622
lstm_autoencoder,2,primary,calibration,18,3,climb,56332,0.4404441671400203,0.27982623875141144,0.5564786255359649,0.7816277563571927,3.3204062461853203
lstm_autoencoder,2,primary,calibration,18,3,cruise,78219,0.4362331280688708,0.1924598067998886,0.6469917774200439,0.9859791219234456,2.117044091224662
lstm_autoencoder,2,primary,calibration,18,3,descent,58738,1.952239794310064,0.8461309671401978,3.1901838541030907,5.237855839729298,12.709223022460927
lstm_autoencoder,2,primary,calibration,20,3,climb,53830,0.39444211091020615,0.21447762101888657,0.7393906772136688,1.0376242160797118,2.508856124877928
lstm_autoencoder,2,primary,calibration,20,3,cruise,68886,0.5376706469356382,0.1975729987025261,0.7234524786472321,1.1612944304943085,3.182195675373073
lstm_autoencoder,2,primary,calibration,20,3,descent,70638,16.32322514491729,0.71082404255867,3.1828934907913218,4.629963421821594,11.453033561706544
lstm_autoencoder,2,primary,calibration,all,mixed,climb,110162,0.4179655385126271,0.2484331801533699,0.6299459755420687,0.9464307457208633,2.947881925106047
lstm_autoencoder,2,primary,calibration,all,mixed,cruise,147105,0.48373406226319554,0.19485823810100555,0.6856426239013672,1.068519163131708,2.4947635841369227
lstm_autoencoder,2,primary,calibration,all,mixed,descent,129376,9.798653837070649,0.7619392275810242,3.186936378479004,4.840164303779602,12.104191303253174
lstm_autoencoder,2,primary,official_test,11,3,climb,53678,0.2988428109664977,0.16941094398498535,0.4803255647420884,0.6685810178518292,1.894990277290319
lstm_autoencoder,2,primary,official_test,11,3,cruise,86535,0.41679987227220777,0.1743534505367279,0.5899347305297853,0.9486931443214424,2.4722948169708254
lstm_autoencoder,2,primary,official_test,11,3,descent,73093,1.5351382482316753,0.657458484172821,3.132044267654419,4.803310394287103,13.279802780151407
lstm_autoencoder,2,primary,official_test,14,1,climb,12241,1.6591236029596619,0.5456045866012573,1.5508604049682617,3.1442511081695557,23.90279922485355
lstm_autoencoder,2,primary,official_test,14,1,cruise,33377,0.7780088315292548,0.34323635697364807,1.6172814607620247,2.681323003768917,9.000094871520968
lstm_autoencoder,2,primary,official_test,14,1,descent,26650,3.4441540323274724,1.4168241620063782,4.903038597106934,6.224489665031431,9.592268714904758
lstm_autoencoder,2,primary,official_test,15,2,climb,48789,0.6393798971592389,0.23629926145076752,0.6077135324478153,0.8486578345298766,3.138260974884079
lstm_autoencoder,2,primary,official_test,15,2,cruise,53466,0.594219813165987,0.4491371661424637,0.8488264083862305,1.0919213593006134,3.2389390468597408
lstm_autoencoder,2,primary,official_test,15,2,descent,45284,24.707743964135048,1.1316919922828674,4.4165852069854745,6.05248024463653,10.393625144958495
lstm_autoencoder,2,primary,official_test,all,mixed,climb,114708,0.588845784368928,0.21785997599363327,0.6649017930030823,0.9829217642545698,4.121938042640673
lstm_autoencoder,2,primary,official_test,all,mixed,cruise,173378,0.5410486581213308,0.29092784225940704,0.817563182115556,1.3103827476501464,3.908910617828403
lstm_autoencoder,2,primary,official_test,all,mixed,descent,145027,9.121474226257293,0.8621487021446228,4.032470798492431,5.621820259094234,11.59345527648925
lstm_autoencoder,2,alt_rate,train,2,3,climb,62603,0.31761590425987163,0.1449234038591385,0.6924855351448062,0.9398621797561644,1.8235391092300353
lstm_autoencoder,2,alt_rate,train,2,3,cruise,68374,0.31798390981908214,0.14389336109161377,0.4946802258491517,0.739660134911537,2.18603689908982
lstm_autoencoder,2,alt_rate,train,2,3,descent,57886,1.7721618952989209,0.8028499782085419,3.53244149684906,5.216725587844849,14.851895952224782
lstm_autoencoder,2,alt_rate,train,5,3,climb,53461,0.32789163821175493,0.12816910445690155,0.5609821677207947,0.8109332323074341,1.9417619705200286
lstm_autoencoder,2,alt_rate,train,5,3,cruise,77061,0.2474300363901852,0.13054625689983368,0.5455824732780457,0.7173799872398376,1.3246465921401975
lstm_autoencoder,2,alt_rate,train,5,3,descent,58028,1.5522114172947767,0.7558112144470215,3.0392977237701415,4.314058065414427,10.83268319129938
lstm_autoencoder,2,alt_rate,train,10,3,climb,53315,0.26241230142630256,0.09625522792339325,0.5247708201408386,0.7420779347419728,1.7608662962913515
lstm_autoencoder,2,alt_rate,train,10,3,cruise,76877,0.19841033182945922,0.10498806089162827,0.4202696502208711,0.5472173452377318,1.1861498594284097
lstm_autoencoder,2,alt_rate,train,10,3,descent,57858,1.5011274798736625,0.705381453037262,3.1206852674484256,4.296301150321955,10.128817949295048
lstm_autoencoder,2,alt_rate,train,16,3,climb,53813,0.38827661663407576,0.21190078556537628,0.589400124549866,0.7437127470970147,2.2720734691619664
lstm_autoencoder,2,alt_rate,train,16,3,cruise,79402,0.28160558195823465,0.20502111315727234,0.5018959641456605,0.6274887979030606,1.2990159761905726
lstm_autoencoder,2,alt_rate,train,16,3,descent,61404,1.8344114955958641,0.6889360547065735,3.147319722175599,4.339609766006469,11.068350486755484
lstm_autoencoder,2,alt_rate,train,all,mixed,climb,223192,0.3239272229573292,0.141155406832695,0.5906540751457214,0.8285510957241049,1.9309196627140013
lstm_autoencoder,2,alt_rate,train,all,mixed,cruise,301714,0.25992256038147077,0.1459239274263382,0.4960260301828385,0.6517101526260369,1.4060385978221888
lstm_autoencoder,2,alt_rate,train,all,mixed,descent,235176,1.6674640473524232,0.7351312339305878,3.190006971359253,4.546815872192383,11.524172067642212
lstm_autoencoder,2,alt_rate,calibration,18,3,climb,59158,0.4312495523735623,0.27465179562568665,0.5540849447250368,0.7599816352128964,3.199978649616248
lstm_autoencoder,2,alt_rate,calibration,18,3,cruise,71383,0.28956458337060476,0.17728567123413086,0.5279125928878785,0.7248007774353025,1.3584830260276792
lstm_autoencoder,2,alt_rate,calibration,18,3,descent,62748,2.0306883284228356,0.8665618300437927,3.1487628698349015,5.160065269470207,14.05144821166989
lstm_autoencoder,2,alt_rate,calibration,20,3,climb,52201,0.4084793616071472,0.22413954138755798,0.7684954404830933,1.0841846466064453,2.595444917678833
lstm_autoencoder,2,alt_rate,calibration,20,3,cruise,79401,0.3740982685234698,0.20974715054035187,0.7197974920272827,0.9050015807151794,1.872031807899475
lstm_autoencoder,2,alt_rate,calibration,20,3,descent,61752,18.7894152258629,0.8102326989173889,3.566742563247681,5.300280022621146,16.492330589294365
lstm_autoencoder,2,alt_rate,calibration,all,mixed,climb,111359,0.4205757251283676,0.2507762014865875,0.6356287717819213,0.9637034952640531,2.9191283988952623
lstm_autoencoder,2,alt_rate,calibration,all,mixed,cruise,150784,0.33407898234412076,0.19316210597753525,0.6531787216663362,0.8329742699861534,1.7258838176727451
lstm_autoencoder,2,alt_rate,calibration,all,mixed,descent,124500,10.343016869553107,0.8396835327148438,3.363650560379029,5.233394742012018,15.173285255431853
lstm_autoencoder,2,alt_rate,official_test,11,3,climb,58507,0.28627266942931545,0.15918898582458496,0.456365740299225,0.641259604692459,1.869008293151862
lstm_autoencoder,2,alt_rate,official_test,11,3,cruise,83871,0.32768537765228795,0.1814889907836914,0.5343332886695862,0.743560791015625,1.6565855622291568
lstm_autoencoder,2,alt_rate,official_test,11,3,descent,70928,1.6930502192752792,0.7291140258312225,3.2860512971878055,4.971679496765136,13.805130023956199
lstm_autoencoder,2,alt_rate,official_test,14,1,climb,13993,1.568598182173762,0.5496950745582581,1.8027727842330943,2.965241146087646,20.948020553588858
lstm_autoencoder,2,alt_rate,official_test,14,1,cruise,30506,0.6550494011496177,0.32542403042316437,1.0315005779266357,1.7989076972007751,8.664240598678607
lstm_autoencoder,2,alt_rate,official_test,14,1,descent,27769,3.4618209644092555,1.5245845317840576,4.907559871673584,6.2804817199707035,10.155533561706537
lstm_autoencoder,2,alt_rate,official_test,15,2,climb,53843,0.614616163833859,0.23972776532173157,0.6146512746810915,0.8728222429752341,2.8685982465744067
lstm_autoencoder,2,alt_rate,official_test,15,2,cruise,43303,0.47323114147364503,0.4447292983531952,0.7007337927818305,0.8771114647388459,1.2558195781707795
lstm_autoencoder,2,alt_rate,official_test,15,2,descent,50393,22.3889356413904,1.0611917972564697,4.282003116607666,5.907674884796141,10.894936408996585
lstm_autoencoder,2,alt_rate,official_test,all,mixed,climb,126343,0.5682240214556,0.21444649994373322,0.6704229235649111,1.0136493206024164,3.7874862241744998
lstm_autoencoder,2,alt_rate,official_test,all,mixed,cruise,157680,0.43099039484892526,0.2756091207265854,0.6597267210483553,0.9258776992559421,2.550881814956653
lstm_autoencoder,2,alt_rate,official_test,all,mixed,descent,149090,9.017785271245717,0.9339547455310822,4.057833766937257,5.666860008239742,12.172441883087144
