unit,cycle,flight_class,phase,n,false_alarms,false_alarm_rate
11,1,3,climb,2506,0,0.0
11,1,3,cruise,4386,19,0.004331965344277246
11,1,3,descent,4115,155,0.03766707168894289
11,2,3,climb,3612,0,0.0
11,2,3,cruise,10521,12,0.0011405759908753922
11,2,3,descent,3503,12,0.0034256351698544107
11,3,3,climb,2031,1,0.0004923682914820286
11,3,3,cruise,3448,26,0.0075406032482598605
11,3,3,descent,4352,940,0.21599264705882354
11,4,3,climb,2902,0,0.0
11,4,3,cruise,7069,0,0.0
11,4,3,descent,3169,19,0.005995582202587567
11,5,3,climb,2138,0,0.0
11,5,3,cruise,6376,4,0.0006273525721455458
11,5,3,descent,5237,90,0.0171854114951308
11,6,3,climb,2583,0,0.0
11,6,3,cruise,5477,31,0.005660032864706956
11,6,3,descent,3629,65,0.017911270322402865
11,7,3,climb,2506,0,0.0
11,7,3,cruise,4386,19,0.004331965344277246
11,7,3,descent,4115,108,0.026245443499392465
11,8,3,climb,4368,0,0.0
11,8,3,cruise,2947,6,0.0020359687818120122
11,8,3,descent,1511,9,0.005956320317670417
11,9,3,climb,2151,0,0.0
11,9,3,cruise,4055,1,0.0002466091245376079
11,9,3,descent,2722,2,0.0007347538574577516
11,10,3,climb,3800,0,0.0
11,10,3,cruise,6079,1,0.00016450074025333114
11,10,3,descent,4061,1,0.0002462447672986949
11,11,3,climb,2138,0,0.0
11,11,3,cruise,6376,1,0.00015683814303638644
11,11,3,descent,5237,79,0.015084972312392591
11,12,3,climb,3405,1,0.0002936857562408223
11,12,3,cruise,2752,9,0.0032703488372093025
11,12,3,descent,8189,10,0.0012211503236048357
11,13,3,climb,2712,0,0.0
11,13,3,cruise,4440,15,0.0033783783783783786
11,13,3,descent,3552,385,0.10838963963963964
11,14,3,climb,3378,0,0.0
11,14,3,cruise,2869,1,0.0003485535029627048
11,14,3,descent,5326,21,0.003942921517085993
11,15,3,climb,2139,0,0.0
11,15,3,cruise,1849,0,0.0
11,15,3,descent,3713,772,0.20791812550498248
11,16,3,climb,3291,0,0.0
11,16,3,cruise,5172,1,0.00019334880123743234
11,16,3,descent,2994,46,0.015364061456245824
11,17,3,climb,3291,0,0.0
11,17,3,cruise,5172,0,0.0
11,17,3,descent,2994,18,0.006012024048096192
11,18,3,climb,4727,0,0.0
11,18,3,cruise,3161,1,0.00031635558367605187
11,18,3,descent,4674,10,0.002139495079161318
14,1,1,climb,79,0,0.0
14,1,1,cruise,2364,0,0.0
14,1,1,descent,108,1,0.009259259259259259
14,2,1,climb,435,0,0.0
14,2,1,cruise,592,0,0.0
14,2,1,descent,501,34,0.06786427145708583
14,3,1,climb,227,0,0.0
14,3,1,cruise,1396,225,0.16117478510028654
14,3,1,descent,264,259,0.9810606060606061
14,4,1,climb,87,0,0.0
14,4,1,cruise,1069,0,0.0
14,4,1,descent,147,0,0.0
14,5,1,climb,1059,0,0.0
14,5,1,cruise,390,0,0.0
14,5,1,descent,1192,0,0.0
14,6,1,climb,222,0,0.0
14,6,1,cruise,1468,0,0.0
14,6,1,descent,1228,1,0.0008143322475570033
14,7,1,climb,87,0,0.0
14,7,1,cruise,1069,0,0.0
14,7,1,descent,147,0,0.0
14,8,1,climb,79,0,0.0
14,8,1,cruise,2364,0,0.0
14,8,1,descent,108,1,0.009259259259259259
14,9,1,climb,38,0,0.0
14,9,1,cruise,47,0,0.0
14,9,1,descent,1621,0,0.0
14,10,1,climb,38,0,0.0
14,10,1,cruise,47,0,0.0
14,10,1,descent,1621,0,0.0
14,11,1,climb,482,0,0.0
14,11,1,cruise,1040,0,0.0
14,11,1,descent,824,0,0.0
14,12,1,climb,1059,0,0.0
14,12,1,cruise,390,0,0.0
14,12,1,descent,1192,0,0.0
14,13,1,climb,87,0,0.0
14,13,1,cruise,1069,1,0.0009354536950420954
14,13,1,descent,147,0,0.0
14,14,1,climb,490,0,0.0
14,14,1,cruise,1339,0,0.0
14,14,1,descent,800,0,0.0
14,15,1,climb,486,0,0.0
14,15,1,cruise,795,0,0.0
14,15,1,descent,649,0,0.0
14,16,1,climb,435,0,0.0
14,16,1,cruise,592,0,0.0
14,16,1,descent,501,42,0.08383233532934131
14,17,1,climb,1059,0,0.0
14,17,1,cruise,390,0,0.0
14,17,1,descent,1192,0,0.0
14,18,1,climb,490,0,0.0
14,18,1,cruise,1339,0,0.0
14,18,1,descent,800,0,0.0
14,19,1,climb,38,0,0.0
14,19,1,cruise,47,0,0.0
14,19,1,descent,1621,1,0.0006169031462060457
14,20,1,climb,490,0,0.0
14,20,1,cruise,1339,0,0.0
14,20,1,descent,800,1,0.00125
14,21,1,climb,38,0,0.0
14,21,1,cruise,47,0,0.0
14,21,1,descent,1621,1,0.0006169031462060457
14,22,1,climb,227,0,0.0
14,22,1,cruise,1396,201,0.14398280802292263
14,22,1,descent,264,6,0.022727272727272728
14,23,1,climb,490,0,0.0
14,23,1,cruise,1339,0,0.0
14,23,1,descent,800,0,0.0
14,24,1,climb,1059,0,0.0
14,24,1,cruise,390,0,0.0
14,24,1,descent,1192,0,0.0
14,25,1,climb,79,0,0.0
14,25,1,cruise,2364,0,0.0
14,25,1,descent,108,9,0.08333333333333333
14,26,1,climb,135,1,0.007407407407407408
14,26,1,cruise,84,0,0.0
14,26,1,descent,1815,10,0.005509641873278237
14,27,1,climb,227,0,0.0
14,27,1,cruise,1396,201,0.14398280802292263
14,27,1,descent,264,6,0.022727272727272728
14,28,1,climb,490,0,0.0
14,28,1,cruise,1339,0,0.0
14,28,1,descent,800,4,0.005
14,29,1,climb,227,0,0.0
14,29,1,cruise,1396,194,0.13896848137535817
14,29,1,descent,264,1,0.003787878787878788
14,30,1,climb,435,0,0.0
14,30,1,cruise,592,0,0.0
14,30,1,descent,501,105,0.20958083832335328
14,31,1,climb,490,0,0.0
14,31,1,cruise,1339,0,0.0
14,31,1,descent,800,9,0.01125
14,32,1,climb,262,0,0.0
14,32,1,cruise,356,0,0.0
14,32,1,descent,388,0,0.0
14,33,1,climb,435,0,0.0
14,33,1,cruise,592,0,0.0
14,33,1,descent,501,127,0.25349301397205587
14,34,1,climb,142,0,0.0
14,34,1,cruise,1554,0,0.0
14,34,1,descent,248,0,0.0
14,35,1,climb,38,0,0.0
14,35,1,cruise,47,0,0.0
14,35,1,descent,1621,3,0.001850709438618137
15,1,2,climb,625,0,0.0
15,1,2,cruise,752,0,0.0
15,1,2,descent,1292,3,0.0023219814241486067
15,2,2,climb,2028,0,0.0
15,2,2,cruise,3298,0,0.0
15,2,2,descent,2385,0,0.0
15,3,2,climb,3519,0,0.0
15,3,2,cruise,722,2,0.002770083102493075
15,3,2,descent,1262,142,0.11251980982567353
15,4,2,climb,2754,0,0.0
15,4,2,cruise,2405,0,0.0
15,4,2,descent,1213,2,0.0016488046166529267
15,5,2,climb,1642,0,0.0
15,5,2,cruise,2509,0,0.0
15,5,2,descent,1924,0,0.0
15,6,2,climb,3584,0,0.0
15,6,2,cruise,2702,7,0.0025906735751295338
15,6,2,descent,2871,8,0.002786485545106235
15,7,2,climb,2990,1,0.00033444816053511704
15,7,2,cruise,2120,0,0.0
15,7,2,descent,782,100,0.1278772378516624
15,8,2,climb,748,0,0.0
15,8,2,cruise,1371,0,0.0
15,8,2,descent,1896,1,0.0005274261603375527
15,9,2,climb,2650,0,0.0
15,9,2,cruise,4542,22,0.0048436811977102595
15,9,2,descent,1522,18,0.011826544021024968
15,10,2,climb,2439,0,0.0
15,10,2,cruise,1376,0,0.0
15,10,2,descent,1403,0,0.0
15,11,2,climb,2203,0,0.0
15,11,2,cruise,2046,0,0.0
15,11,2,descent,1752,3,0.0017123287671232876
15,12,2,climb,1990,0,0.0
15,12,2,cruise,3014,0,0.0
15,12,2,descent,3359,1,0.00029770765108663293
15,13,2,climb,1671,0,0.0
15,13,2,cruise,2573,0,0.0
15,13,2,descent,1517,4,0.0026367831245880024
15,14,2,climb,2058,0,0.0
15,14,2,cruise,3278,0,0.0
15,14,2,descent,1606,0,0.0
15,15,2,climb,2033,0,0.0
15,15,2,cruise,2970,11,0.003703703703703704
15,15,2,descent,3151,0,0.0
15,16,2,climb,2439,0,0.0
15,16,2,cruise,1376,0,0.0
15,16,2,descent,1403,0,0.0
15,17,2,climb,1845,0,0.0
15,17,2,cruise,2329,0,0.0
15,17,2,descent,1630,56,0.0343558282208589
15,18,2,climb,2033,0,0.0
15,18,2,cruise,2970,13,0.004377104377104377
15,18,2,descent,3151,0,0.0
15,19,2,climb,2887,0,0.0
15,19,2,cruise,1196,17,0.014214046822742474
15,19,2,descent,2699,17,0.006298629121896999
15,20,2,climb,1256,0,0.0
15,20,2,cruise,2569,0,0.0
15,20,2,descent,2440,0,0.0
15,21,2,climb,1264,0,0.0
15,21,2,cruise,2088,0,0.0
15,21,2,descent,3029,1,0.0003301419610432486
15,22,2,climb,2343,0,0.0
15,22,2,cruise,1857,0,0.0
15,22,2,descent,1301,22,0.016910069177555727
15,23,2,climb,1788,0,0.0
15,23,2,cruise,3403,0,0.0
15,23,2,descent,1696,1,0.0005896226415094339
