manuscript_key,selection_group,dataset,detector,correction,seed_or_aggregation,phase_rule,nominal_fpr_target,evaluation_unit,metric,metric_definition,exact_value,display_rounded_value,units,ci_lower_95_exact,ci_upper_95_exact,ci_display_rounded,ci_method,evidence_id,original_source_csv,original_source_rows,exploratory_or_confirmatory
D02-PCA-SINGLE-overall_fpr,frozen primary pooled endpoint,DS02 discovery,pca,history,-1,primary,0.01,pooled,overall_fpr,"Healthy audit rows alarmed / all healthy audit rows, pooled or within engine as indicated.",0.013626928769166477,1.363%,fraction,0.00899015893193616,0.022621665918024992,"[0.899%, 2.262%]",hierarchical engine-then-flight bootstrap; threshold re-estimated; 2000 replicates,E000106,results/final_validation/canonical_results.csv,9,exploratory
D02-PCA-SINGLE-climb_fpr,frozen primary pooled endpoint,DS02 discovery,pca,history,-1,primary,0.01,pooled,climb_fpr,Healthy climb audit rows alarmed / healthy climb audit rows.,0.001246643651706943,0.125%,fraction,0.00015253197752886118,0.003668322157451112,"[0.015%, 0.367%]",hierarchical engine-then-flight bootstrap; threshold re-estimated; 2000 replicates,E000107,results/final_validation/canonical_results.csv,9,exploratory
D02-PCA-SINGLE-cruise_fpr,frozen primary pooled endpoint,DS02 discovery,pca,history,-1,primary,0.01,pooled,cruise_fpr,Healthy cruise audit rows alarmed / healthy cruise audit rows.,0.0042796663936600955,0.428%,fraction,0.0026682453251534437,0.00658948110591027,"[0.267%, 0.659%]",hierarchical engine-then-flight bootstrap; threshold re-estimated; 2000 replicates,E000108,results/final_validation/canonical_results.csv,9,exploratory
D02-PCA-SINGLE-descent_fpr,frozen primary pooled endpoint,DS02 discovery,pca,history,-1,primary,0.01,pooled,descent_fpr,Healthy descent audit rows alarmed / healthy descent audit rows.,0.03459355844084205,3.459%,fraction,0.021710782484482414,0.05836811003059234,"[2.171%, 5.837%]",hierarchical engine-then-flight bootstrap; threshold re-estimated; 2000 replicates,E000109,results/final_validation/canonical_results.csv,9,exploratory
D02-PCA-SINGLE-descent_minus_climb,frozen primary pooled endpoint,DS02 discovery,pca,history,-1,primary,0.01,pooled,descent_minus_climb,Descent healthy row-FPR minus climb healthy row-FPR; percentage-point difference when multiplied by 100.,0.0333469147891351,+3.335 pp,fraction difference,0.020703107398622304,0.056288965878956626,"[+2.070 pp, +5.629 pp]",hierarchical engine-then-flight bootstrap; threshold re-estimated; 2000 replicates,E000110,results/final_validation/canonical_results.csv,9,exploratory
D02-PCA-SINGLE-descent_minus_cruise,frozen primary pooled endpoint,DS02 discovery,pca,history,-1,primary,0.01,pooled,descent_minus_cruise,Descent healthy row-FPR minus cruise healthy row-FPR; percentage-point difference when multiplied by 100.,0.03031389204718195,+3.031 pp,fraction difference,0.0180799251250858,0.05261046857831793,"[+1.808 pp, +5.261 pp]",hierarchical engine-then-flight bootstrap; threshold re-estimated; 2000 replicates,E000111,results/final_validation/canonical_results.csv,9,exploratory
D02-PCA-SINGLE-worst_cross_phase_transfer_fpr,frozen primary pooled endpoint,DS02 discovery,pca,history,-1,primary,0.01,pooled,worst_cross_phase_transfer_fpr,Maximum audit healthy row-FPR among off-diagonal calibration-phase to audit-phase threshold transfers.,0.15555034579767904,15.555%,fraction,0.10795916123433531,0.24694247605415273,"[10.796%, 24.694%]",hierarchical engine-then-flight bootstrap; threshold re-estimated; 2000 replicates,E000113,results/final_validation/canonical_results.csv,9,exploratory
D02-PCA-SINGLE-healthy_flights_with_alarm_climb,frozen primary pooled endpoint,DS02 discovery,pca,history,-1,primary,0.01,pooled,healthy_flights_with_alarm_climb,Fraction of healthy flights with at least one climb-phase false alarm.,0.13157894736842105,13.158%,fraction,,,,,E000115,results/final_validation/canonical_results.csv,9,exploratory
D02-PCA-SINGLE-false_alarm_events_per_healthy_flight_climb,frozen primary pooled endpoint,DS02 discovery,pca,history,-1,primary,0.01,pooled,false_alarm_events_per_healthy_flight_climb,Mean number of contiguous climb-phase false-alarm events per healthy flight.,0.3157894736842105,0.316 events/flight,events per healthy flight,,,,,E000116,results/final_validation/canonical_results.csv,9,exploratory
D02-PCA-SINGLE-healthy_flights_with_alarm_cruise,frozen primary pooled endpoint,DS02 discovery,pca,history,-1,primary,0.01,pooled,healthy_flights_with_alarm_cruise,Fraction of healthy flights with at least one cruise-phase false alarm.,0.5,50.000%,fraction,,,,,E000117,results/final_validation/canonical_results.csv,9,exploratory
D02-PCA-SINGLE-false_alarm_events_per_healthy_flight_cruise,frozen primary pooled endpoint,DS02 discovery,pca,history,-1,primary,0.01,pooled,false_alarm_events_per_healthy_flight_cruise,Mean number of contiguous cruise-phase false-alarm events per healthy flight.,4.434210526315789,4.434 events/flight,events per healthy flight,,,,,E000118,results/final_validation/canonical_results.csv,9,exploratory
D02-PCA-SINGLE-healthy_flights_with_alarm_descent,frozen primary pooled endpoint,DS02 discovery,pca,history,-1,primary,0.01,pooled,healthy_flights_with_alarm_descent,Fraction of healthy flights with at least one descent-phase false alarm.,0.9868421052631579,98.684%,fraction,,,,,E000119,results/final_validation/canonical_results.csv,9,exploratory
D02-PCA-SINGLE-false_alarm_events_per_healthy_flight_descent,frozen primary pooled endpoint,DS02 discovery,pca,history,-1,primary,0.01,pooled,false_alarm_events_per_healthy_flight_descent,Mean number of contiguous descent-phase false-alarm events per healthy flight.,16.026315789473685,16.026 events/flight,events per healthy flight,,,,,E000120,results/final_validation/canonical_results.csv,9,exploratory
D02-IF-MEAN-overall_fpr,frozen primary pooled endpoint,DS02 discovery,isolation_forest,history,"mean(seeds 0,1,2)",primary,0.01,pooled,overall_fpr,"Arithmetic mean over seeds 0, 1, 2 of: Healthy audit rows alarmed / all healthy audit rows, pooled or within engine as indicated. No CI for the seed mean was executed.",0.011271115544134364,1.127%,fraction,,,,,E002626,results/final_validation/canonical_results.csv,33;57;81,exploratory
D02-IF-MEAN-climb_fpr,frozen primary pooled endpoint,DS02 discovery,isolation_forest,history,"mean(seeds 0,1,2)",primary,0.01,pooled,climb_fpr,"Arithmetic mean over seeds 0, 1, 2 of: Healthy climb audit rows alarmed / healthy climb audit rows. No CI for the seed mean was executed.",0.0026792667759296066,0.268%,fraction,,,,,E002627,results/final_validation/canonical_results.csv,33;57;81,exploratory
D02-IF-MEAN-cruise_fpr,frozen primary pooled endpoint,DS02 discovery,isolation_forest,history,"mean(seeds 0,1,2)",primary,0.01,pooled,cruise_fpr,"Arithmetic mean over seeds 0, 1, 2 of: Healthy cruise audit rows alarmed / healthy cruise audit rows. No CI for the seed mean was executed.",0.005583176642942011,0.558%,fraction,,,,,E002628,results/final_validation/canonical_results.csv,33;57;81,exploratory
D02-IF-MEAN-descent_fpr,frozen primary pooled endpoint,DS02 discovery,isolation_forest,history,"mean(seeds 0,1,2)",primary,0.01,pooled,descent_fpr,"Arithmetic mean over seeds 0, 1, 2 of: Healthy descent audit rows alarmed / healthy descent audit rows. No CI for the seed mean was executed.",0.024866634029065852,2.487%,fraction,,,,,E002629,results/final_validation/canonical_results.csv,33;57;81,exploratory
D02-IF-MEAN-descent_minus_climb,frozen primary pooled endpoint,DS02 discovery,isolation_forest,history,"mean(seeds 0,1,2)",primary,0.01,pooled,descent_minus_climb,"Arithmetic mean over seeds 0, 1, 2 of: Descent healthy row-FPR minus climb healthy row-FPR; percentage-point difference when multiplied by 100. No CI for the seed mean was executed.",0.022187367253136244,+2.219 pp,fraction difference,,,,,E002630,results/final_validation/canonical_results.csv,33;57;81,exploratory
D02-IF-MEAN-descent_minus_cruise,frozen primary pooled endpoint,DS02 discovery,isolation_forest,history,"mean(seeds 0,1,2)",primary,0.01,pooled,descent_minus_cruise,"Arithmetic mean over seeds 0, 1, 2 of: Descent healthy row-FPR minus cruise healthy row-FPR; percentage-point difference when multiplied by 100. No CI for the seed mean was executed.",0.01928345738612384,+1.928 pp,fraction difference,,,,,E002631,results/final_validation/canonical_results.csv,33;57;81,exploratory
D02-IF-MEAN-worst_cross_phase_transfer_fpr,frozen primary pooled endpoint,DS02 discovery,isolation_forest,history,"mean(seeds 0,1,2)",primary,0.01,pooled,worst_cross_phase_transfer_fpr,"Arithmetic mean over seeds 0, 1, 2 of: Maximum audit healthy row-FPR among off-diagonal calibration-phase to audit-phase threshold transfers. No CI for the seed mean was executed.",0.27280897120306336,27.281%,fraction,,,,,E002633,results/final_validation/canonical_results.csv,33;57;81,exploratory
D02-IF-MEAN-healthy_flights_with_alarm_climb,frozen primary pooled endpoint,DS02 discovery,isolation_forest,history,"mean(seeds 0,1,2)",primary,0.01,pooled,healthy_flights_with_alarm_climb,"Arithmetic mean over seeds 0, 1, 2 of: Fraction of healthy flights with at least one climb-phase false alarm. No CI for the seed mean was executed.",0.6535087719298246,65.351%,fraction,,,,,E002635,results/final_validation/canonical_results.csv,33;57;81,exploratory
D02-IF-MEAN-false_alarm_events_per_healthy_flight_climb,frozen primary pooled endpoint,DS02 discovery,isolation_forest,history,"mean(seeds 0,1,2)",primary,0.01,pooled,false_alarm_events_per_healthy_flight_climb,"Arithmetic mean over seeds 0, 1, 2 of: Mean number of contiguous climb-phase false-alarm events per healthy flight. No CI for the seed mean was executed.",0.9605263157894737,0.961 events/flight,events per healthy flight,,,,,E002636,results/final_validation/canonical_results.csv,33;57;81,exploratory
D02-IF-MEAN-healthy_flights_with_alarm_cruise,frozen primary pooled endpoint,DS02 discovery,isolation_forest,history,"mean(seeds 0,1,2)",primary,0.01,pooled,healthy_flights_with_alarm_cruise,"Arithmetic mean over seeds 0, 1, 2 of: Fraction of healthy flights with at least one cruise-phase false alarm. No CI for the seed mean was executed.",0.4517543859649123,45.175%,fraction,,,,,E002637,results/final_validation/canonical_results.csv,33;57;81,exploratory
D02-IF-MEAN-false_alarm_events_per_healthy_flight_cruise,frozen primary pooled endpoint,DS02 discovery,isolation_forest,history,"mean(seeds 0,1,2)",primary,0.01,pooled,false_alarm_events_per_healthy_flight_cruise,"Arithmetic mean over seeds 0, 1, 2 of: Mean number of contiguous cruise-phase false-alarm events per healthy flight. No CI for the seed mean was executed.",2.9649122807017543,2.965 events/flight,events per healthy flight,,,,,E002638,results/final_validation/canonical_results.csv,33;57;81,exploratory
D02-IF-MEAN-healthy_flights_with_alarm_descent,frozen primary pooled endpoint,DS02 discovery,isolation_forest,history,"mean(seeds 0,1,2)",primary,0.01,pooled,healthy_flights_with_alarm_descent,"Arithmetic mean over seeds 0, 1, 2 of: Fraction of healthy flights with at least one descent-phase false alarm. No CI for the seed mean was executed.",0.8640350877192983,86.404%,fraction,,,,,E002639,results/final_validation/canonical_results.csv,33;57;81,exploratory
D02-IF-MEAN-false_alarm_events_per_healthy_flight_descent,frozen primary pooled endpoint,DS02 discovery,isolation_forest,history,"mean(seeds 0,1,2)",primary,0.01,pooled,false_alarm_events_per_healthy_flight_descent,"Arithmetic mean over seeds 0, 1, 2 of: Mean number of contiguous descent-phase false-alarm events per healthy flight. No CI for the seed mean was executed.",9.013157894736842,9.013 events/flight,events per healthy flight,,,,,E002640,results/final_validation/canonical_results.csv,33;57;81,exploratory
D02-LSTM-MEAN-overall_fpr,frozen primary pooled endpoint,DS02 discovery,lstm_autoencoder,history,"mean(seeds 0,1,2)",primary,0.01,pooled,overall_fpr,"Arithmetic mean over seeds 0, 1, 2 of: Healthy audit rows alarmed / all healthy audit rows, pooled or within engine as indicated. No CI for the seed mean was executed.",0.011178760893038691,1.118%,fraction,,,,,E002986,results/final_validation/canonical_results.csv,105;129;153,exploratory
D02-LSTM-MEAN-climb_fpr,frozen primary pooled endpoint,DS02 discovery,lstm_autoencoder,history,"mean(seeds 0,1,2)",primary,0.01,pooled,climb_fpr,"Arithmetic mean over seeds 0, 1, 2 of: Healthy climb audit rows alarmed / healthy climb audit rows. No CI for the seed mean was executed.",0.004884867082795737,0.488%,fraction,,,,,E002987,results/final_validation/canonical_results.csv,105;129;153,exploratory
D02-LSTM-MEAN-cruise_fpr,frozen primary pooled endpoint,DS02 discovery,lstm_autoencoder,history,"mean(seeds 0,1,2)",primary,0.01,pooled,cruise_fpr,"Arithmetic mean over seeds 0, 1, 2 of: Healthy cruise audit rows alarmed / healthy cruise audit rows. No CI for the seed mean was executed.",0.007294274167810603,0.729%,fraction,,,,,E002988,results/final_validation/canonical_results.csv,105;129;153,exploratory
D02-LSTM-MEAN-descent_fpr,frozen primary pooled endpoint,DS02 discovery,lstm_autoencoder,history,"mean(seeds 0,1,2)",primary,0.01,pooled,descent_fpr,"Arithmetic mean over seeds 0, 1, 2 of: Healthy descent audit rows alarmed / healthy descent audit rows. No CI for the seed mean was executed.",0.02080072446280118,2.080%,fraction,,,,,E002989,results/final_validation/canonical_results.csv,105;129;153,exploratory
D02-LSTM-MEAN-descent_minus_climb,frozen primary pooled endpoint,DS02 discovery,lstm_autoencoder,history,"mean(seeds 0,1,2)",primary,0.01,pooled,descent_minus_climb,"Arithmetic mean over seeds 0, 1, 2 of: Descent healthy row-FPR minus climb healthy row-FPR; percentage-point difference when multiplied by 100. No CI for the seed mean was executed.",0.015915857380005442,+1.592 pp,fraction difference,,,,,E002990,results/final_validation/canonical_results.csv,105;129;153,exploratory
D02-LSTM-MEAN-descent_minus_cruise,frozen primary pooled endpoint,DS02 discovery,lstm_autoencoder,history,"mean(seeds 0,1,2)",primary,0.01,pooled,descent_minus_cruise,"Arithmetic mean over seeds 0, 1, 2 of: Descent healthy row-FPR minus cruise healthy row-FPR; percentage-point difference when multiplied by 100. No CI for the seed mean was executed.",0.013506450294990577,+1.351 pp,fraction difference,,,,,E002991,results/final_validation/canonical_results.csv,105;129;153,exploratory
D02-LSTM-MEAN-worst_cross_phase_transfer_fpr,frozen primary pooled endpoint,DS02 discovery,lstm_autoencoder,history,"mean(seeds 0,1,2)",primary,0.01,pooled,worst_cross_phase_transfer_fpr,"Arithmetic mean over seeds 0, 1, 2 of: Maximum audit healthy row-FPR among off-diagonal calibration-phase to audit-phase threshold transfers. No CI for the seed mean was executed.",0.05953833883805545,5.954%,fraction,,,,,E002993,results/final_validation/canonical_results.csv,105;129;153,exploratory
D02-LSTM-MEAN-healthy_flights_with_alarm_climb,frozen primary pooled endpoint,DS02 discovery,lstm_autoencoder,history,"mean(seeds 0,1,2)",primary,0.01,pooled,healthy_flights_with_alarm_climb,"Arithmetic mean over seeds 0, 1, 2 of: Fraction of healthy flights with at least one climb-phase false alarm. No CI for the seed mean was executed.",0.9605263157894737,96.053%,fraction,,,,,E002995,results/final_validation/canonical_results.csv,105;129;153,exploratory
D02-LSTM-MEAN-false_alarm_events_per_healthy_flight_climb,frozen primary pooled endpoint,DS02 discovery,lstm_autoencoder,history,"mean(seeds 0,1,2)",primary,0.01,pooled,false_alarm_events_per_healthy_flight_climb,"Arithmetic mean over seeds 0, 1, 2 of: Mean number of contiguous climb-phase false-alarm events per healthy flight. No CI for the seed mean was executed.",1.6535087719298245,1.654 events/flight,events per healthy flight,,,,,E002996,results/final_validation/canonical_results.csv,105;129;153,exploratory
D02-LSTM-MEAN-healthy_flights_with_alarm_cruise,frozen primary pooled endpoint,DS02 discovery,lstm_autoencoder,history,"mean(seeds 0,1,2)",primary,0.01,pooled,healthy_flights_with_alarm_cruise,"Arithmetic mean over seeds 0, 1, 2 of: Fraction of healthy flights with at least one cruise-phase false alarm. No CI for the seed mean was executed.",0.7017543859649122,70.175%,fraction,,,,,E002997,results/final_validation/canonical_results.csv,105;129;153,exploratory
D02-LSTM-MEAN-false_alarm_events_per_healthy_flight_cruise,frozen primary pooled endpoint,DS02 discovery,lstm_autoencoder,history,"mean(seeds 0,1,2)",primary,0.01,pooled,false_alarm_events_per_healthy_flight_cruise,"Arithmetic mean over seeds 0, 1, 2 of: Mean number of contiguous cruise-phase false-alarm events per healthy flight. No CI for the seed mean was executed.",4.421052631578947,4.421 events/flight,events per healthy flight,,,,,E002998,results/final_validation/canonical_results.csv,105;129;153,exploratory
D02-LSTM-MEAN-healthy_flights_with_alarm_descent,frozen primary pooled endpoint,DS02 discovery,lstm_autoencoder,history,"mean(seeds 0,1,2)",primary,0.01,pooled,healthy_flights_with_alarm_descent,"Arithmetic mean over seeds 0, 1, 2 of: Fraction of healthy flights with at least one descent-phase false alarm. No CI for the seed mean was executed.",1.0,100.000%,fraction,,,,,E002999,results/final_validation/canonical_results.csv,105;129;153,exploratory
D02-LSTM-MEAN-false_alarm_events_per_healthy_flight_descent,frozen primary pooled endpoint,DS02 discovery,lstm_autoencoder,history,"mean(seeds 0,1,2)",primary,0.01,pooled,false_alarm_events_per_healthy_flight_descent,"Arithmetic mean over seeds 0, 1, 2 of: Mean number of contiguous descent-phase false-alarm events per healthy flight. No CI for the seed mean was executed.",9.052631578947368,9.053 events/flight,events per healthy flight,,,,,E003000,results/final_validation/canonical_results.csv,105;129;153,exploratory
D02-IF-S0-overall_fpr,individual-seed bootstrap support,DS02 discovery,isolation_forest,history,0,primary,0.01,pooled,overall_fpr,"Healthy audit rows alarmed / all healthy audit rows, pooled or within engine as indicated.",0.01084243603863195,1.084%,fraction,0.006704162312199066,0.02214518753307093,"[0.670%, 2.215%]",hierarchical engine-then-flight bootstrap; threshold re-estimated; 2000 replicates,E000466,results/final_validation/canonical_results.csv,33,exploratory
D02-IF-S0-climb_fpr,individual-seed bootstrap support,DS02 discovery,isolation_forest,history,0,primary,0.01,pooled,climb_fpr,Healthy climb audit rows alarmed / healthy climb audit rows.,0.0028507166021550373,0.285%,fraction,0.0008361636624438349,0.013563301918338093,"[0.084%, 1.356%]",hierarchical engine-then-flight bootstrap; threshold re-estimated; 2000 replicates,E000467,results/final_validation/canonical_results.csv,33,exploratory
D02-IF-S0-cruise_fpr,individual-seed bootstrap support,DS02 discovery,isolation_forest,history,0,primary,0.01,pooled,cruise_fpr,Healthy cruise audit rows alarmed / healthy cruise audit rows.,0.005663925065463899,0.566%,fraction,0.002724195641137157,0.013608508829898582,"[0.272%, 1.361%]",hierarchical engine-then-flight bootstrap; threshold re-estimated; 2000 replicates,E000468,results/final_validation/canonical_results.csv,33,exploratory
D02-IF-S0-descent_fpr,individual-seed bootstrap support,DS02 discovery,isolation_forest,history,0,primary,0.01,pooled,descent_fpr,Healthy descent audit rows alarmed / healthy descent audit rows.,0.02335427196315169,2.335%,fraction,0.013717118862449045,0.046696737456667275,"[1.372%, 4.670%]",hierarchical engine-then-flight bootstrap; threshold re-estimated; 2000 replicates,E000469,results/final_validation/canonical_results.csv,33,exploratory
D02-IF-S0-descent_minus_climb,individual-seed bootstrap support,DS02 discovery,isolation_forest,history,0,primary,0.01,pooled,descent_minus_climb,Descent healthy row-FPR minus climb healthy row-FPR; percentage-point difference when multiplied by 100.,0.020503555360996652,+2.050 pp,fraction difference,0.00849743221859779,0.04073940545981946,"[+0.850 pp, +4.074 pp]",hierarchical engine-then-flight bootstrap; threshold re-estimated; 2000 replicates,E000470,results/final_validation/canonical_results.csv,33,exploratory
D02-IF-S0-descent_minus_cruise,individual-seed bootstrap support,DS02 discovery,isolation_forest,history,0,primary,0.01,pooled,descent_minus_cruise,Descent healthy row-FPR minus cruise healthy row-FPR; percentage-point difference when multiplied by 100.,0.01769034689768779,+1.769 pp,fraction difference,0.00677705340901233,0.03749168454785668,"[+0.678 pp, +3.749 pp]",hierarchical engine-then-flight bootstrap; threshold re-estimated; 2000 replicates,E000471,results/final_validation/canonical_results.csv,33,exploratory
D02-IF-S0-worst_cross_phase_transfer_fpr,individual-seed bootstrap support,DS02 discovery,isolation_forest,history,0,primary,0.01,pooled,worst_cross_phase_transfer_fpr,Maximum audit healthy row-FPR among off-diagonal calibration-phase to audit-phase threshold transfers.,0.2998200335110014,29.982%,fraction,0.16647772613366332,0.48822752413666237,"[16.648%, 48.823%]",hierarchical engine-then-flight bootstrap; threshold re-estimated; 2000 replicates,E000473,results/final_validation/canonical_results.csv,33,exploratory
D02-IF-S1-overall_fpr,individual-seed bootstrap support,DS02 discovery,isolation_forest,history,1,primary,0.01,pooled,overall_fpr,"Healthy audit rows alarmed / all healthy audit rows, pooled or within engine as indicated.",0.01172211409031823,1.172%,fraction,0.0072969486658549555,0.022765184122697322,"[0.730%, 2.277%]",hierarchical engine-then-flight bootstrap; threshold re-estimated; 2000 replicates,E000826,results/final_validation/canonical_results.csv,57,exploratory
D02-IF-S1-climb_fpr,individual-seed bootstrap support,DS02 discovery,isolation_forest,history,1,primary,0.01,pooled,climb_fpr,Healthy climb audit rows alarmed / healthy climb audit rows.,0.0025281584545105832,0.253%,fraction,0.0007012048746893505,0.012192684753453111,"[0.070%, 1.219%]",hierarchical engine-then-flight bootstrap; threshold re-estimated; 2000 replicates,E000827,results/final_validation/canonical_results.csv,57,exploratory
D02-IF-S1-cruise_fpr,individual-seed bootstrap support,DS02 discovery,isolation_forest,history,1,primary,0.01,pooled,cruise_fpr,Healthy cruise audit rows alarmed / healthy cruise audit rows.,0.005283253930717853,0.528%,fraction,0.002387745358197481,0.013465329979664641,"[0.239%, 1.347%]",hierarchical engine-then-flight bootstrap; threshold re-estimated; 2000 replicates,E000828,results/final_validation/canonical_results.csv,57,exploratory
D02-IF-S1-descent_fpr,individual-seed bootstrap support,DS02 discovery,isolation_forest,history,1,primary,0.01,pooled,descent_fpr,Healthy descent audit rows alarmed / healthy descent audit rows.,0.026691581567570177,2.669%,fraction,0.016072671008485112,0.04754973650544288,"[1.607%, 4.755%]",hierarchical engine-then-flight bootstrap; threshold re-estimated; 2000 replicates,E000829,results/final_validation/canonical_results.csv,57,exploratory
D02-IF-S1-descent_minus_climb,individual-seed bootstrap support,DS02 discovery,isolation_forest,history,1,primary,0.01,pooled,descent_minus_climb,Descent healthy row-FPR minus climb healthy row-FPR; percentage-point difference when multiplied by 100.,0.024163423113059593,+2.416 pp,fraction difference,0.013132632877317202,0.04166002372945723,"[+1.313 pp, +4.166 pp]",hierarchical engine-then-flight bootstrap; threshold re-estimated; 2000 replicates,E000830,results/final_validation/canonical_results.csv,57,exploratory
D02-IF-S1-descent_minus_cruise,individual-seed bootstrap support,DS02 discovery,isolation_forest,history,1,primary,0.01,pooled,descent_minus_cruise,Descent healthy row-FPR minus cruise healthy row-FPR; percentage-point difference when multiplied by 100.,0.021408327636852326,+2.141 pp,fraction difference,0.010115695467901366,0.039428187095501506,"[+1.012 pp, +3.943 pp]",hierarchical engine-then-flight bootstrap; threshold re-estimated; 2000 replicates,E000831,results/final_validation/canonical_results.csv,57,exploratory
D02-IF-S1-worst_cross_phase_transfer_fpr,individual-seed bootstrap support,DS02 discovery,isolation_forest,history,1,primary,0.01,pooled,worst_cross_phase_transfer_fpr,Maximum audit healthy row-FPR among off-diagonal calibration-phase to audit-phase threshold transfers.,0.25460776269246416,25.461%,fraction,0.14434378782319554,0.42555893506509246,"[14.434%, 42.556%]",hierarchical engine-then-flight bootstrap; threshold re-estimated; 2000 replicates,E000833,results/final_validation/canonical_results.csv,57,exploratory
D02-IF-S2-overall_fpr,individual-seed bootstrap support,DS02 discovery,isolation_forest,history,2,primary,0.01,pooled,overall_fpr,"Healthy audit rows alarmed / all healthy audit rows, pooled or within engine as indicated.",0.01124879650345291,1.125%,fraction,0.00696335605561932,0.021832017262574444,"[0.696%, 2.183%]",hierarchical engine-then-flight bootstrap; threshold re-estimated; 2000 replicates,E001186,results/final_validation/canonical_results.csv,81,exploratory
D02-IF-S2-climb_fpr,individual-seed bootstrap support,DS02 discovery,isolation_forest,history,2,primary,0.01,pooled,climb_fpr,Healthy climb audit rows alarmed / healthy climb audit rows.,0.0026589252711231998,0.266%,fraction,0.0007391788654810347,0.012812002062855285,"[0.074%, 1.281%]",hierarchical engine-then-flight bootstrap; threshold re-estimated; 2000 replicates,E001187,results/final_validation/canonical_results.csv,81,exploratory
D02-IF-S2-cruise_fpr,individual-seed bootstrap support,DS02 discovery,isolation_forest,history,2,primary,0.01,pooled,cruise_fpr,Healthy cruise audit rows alarmed / healthy cruise audit rows.,0.00580235093264428,0.580%,fraction,0.0026733934879969432,0.014126349624557675,"[0.267%, 1.413%]",hierarchical engine-then-flight bootstrap; threshold re-estimated; 2000 replicates,E001188,results/final_validation/canonical_results.csv,81,exploratory
D02-IF-S2-descent_fpr,individual-seed bootstrap support,DS02 discovery,isolation_forest,history,2,primary,0.01,pooled,descent_fpr,Healthy descent audit rows alarmed / healthy descent audit rows.,0.02455404855647569,2.455%,fraction,0.014815755567805289,0.04598669491660724,"[1.482%, 4.599%]",hierarchical engine-then-flight bootstrap; threshold re-estimated; 2000 replicates,E001189,results/final_validation/canonical_results.csv,81,exploratory
D02-IF-S2-descent_minus_climb,individual-seed bootstrap support,DS02 discovery,isolation_forest,history,2,primary,0.01,pooled,descent_minus_climb,Descent healthy row-FPR minus climb healthy row-FPR; percentage-point difference when multiplied by 100.,0.02189512328535249,+2.190 pp,fraction difference,0.01062552837832313,0.03947299559401709,"[+1.063 pp, +3.947 pp]",hierarchical engine-then-flight bootstrap; threshold re-estimated; 2000 replicates,E001190,results/final_validation/canonical_results.csv,81,exploratory
D02-IF-S2-descent_minus_cruise,individual-seed bootstrap support,DS02 discovery,isolation_forest,history,2,primary,0.01,pooled,descent_minus_cruise,Descent healthy row-FPR minus cruise healthy row-FPR; percentage-point difference when multiplied by 100.,0.01875169762383141,+1.875 pp,fraction difference,0.007422214691273734,0.037090559946258005,"[+0.742 pp, +3.709 pp]",hierarchical engine-then-flight bootstrap; threshold re-estimated; 2000 replicates,E001191,results/final_validation/canonical_results.csv,81,exploratory
D02-IF-S2-worst_cross_phase_transfer_fpr,individual-seed bootstrap support,DS02 discovery,isolation_forest,history,2,primary,0.01,pooled,worst_cross_phase_transfer_fpr,Maximum audit healthy row-FPR among off-diagonal calibration-phase to audit-phase threshold transfers.,0.26399911740572446,26.400%,fraction,0.1510418872236548,0.4465479799339073,"[15.104%, 44.655%]",hierarchical engine-then-flight bootstrap; threshold re-estimated; 2000 replicates,E001193,results/final_validation/canonical_results.csv,81,exploratory
D02-LSTM-S0-overall_fpr,individual-seed bootstrap support,DS02 discovery,lstm_autoencoder,history,0,primary,0.01,pooled,overall_fpr,"Healthy audit rows alarmed / all healthy audit rows, pooled or within engine as indicated.",0.010987894614107634,1.099%,fraction,0.00673222622609339,0.019932343456875508,"[0.673%, 1.993%]",hierarchical engine-then-flight bootstrap; threshold re-estimated; 2000 replicates,E001546,results/final_validation/canonical_results.csv,105,exploratory
D02-LSTM-S0-climb_fpr,individual-seed bootstrap support,DS02 discovery,lstm_autoencoder,history,0,primary,0.01,pooled,climb_fpr,Healthy climb audit rows alarmed / healthy climb audit rows.,0.004524531854796527,0.452%,fraction,0.0017108004101324124,0.018463846704625562,"[0.171%, 1.846%]",hierarchical engine-then-flight bootstrap; threshold re-estimated; 2000 replicates,E001547,results/final_validation/canonical_results.csv,105,exploratory
D02-LSTM-S0-cruise_fpr,individual-seed bootstrap support,DS02 discovery,lstm_autoencoder,history,0,primary,0.01,pooled,cruise_fpr,Healthy cruise audit rows alarmed / healthy cruise audit rows.,0.007071254715131101,0.707%,fraction,0.0038907272352698297,0.015582554030321893,"[0.389%, 1.558%]",hierarchical engine-then-flight bootstrap; threshold re-estimated; 2000 replicates,E001548,results/final_validation/canonical_results.csv,105,exploratory
D02-LSTM-S0-descent_fpr,individual-seed bootstrap support,DS02 discovery,lstm_autoencoder,history,0,primary,0.01,pooled,descent_fpr,Healthy descent audit rows alarmed / healthy descent audit rows.,0.020782337082060582,2.078%,fraction,0.012295460503274326,0.03420307002643323,"[1.230%, 3.420%]",hierarchical engine-then-flight bootstrap; threshold re-estimated; 2000 replicates,E001549,results/final_validation/canonical_results.csv,105,exploratory
D02-LSTM-S0-descent_minus_climb,individual-seed bootstrap support,DS02 discovery,lstm_autoencoder,history,0,primary,0.01,pooled,descent_minus_climb,Descent healthy row-FPR minus climb healthy row-FPR; percentage-point difference when multiplied by 100.,0.016257805227264055,+1.626 pp,fraction difference,0.0031723659280430247,0.02838286274157905,"[+0.317 pp, +2.838 pp]",hierarchical engine-then-flight bootstrap; threshold re-estimated; 2000 replicates,E001550,results/final_validation/canonical_results.csv,105,exploratory
D02-LSTM-S0-descent_minus_cruise,individual-seed bootstrap support,DS02 discovery,lstm_autoencoder,history,0,primary,0.01,pooled,descent_minus_cruise,Descent healthy row-FPR minus cruise healthy row-FPR; percentage-point difference when multiplied by 100.,0.013711082366929481,+1.371 pp,fraction difference,0.005279972579963231,0.024896105155297006,"[+0.528 pp, +2.490 pp]",hierarchical engine-then-flight bootstrap; threshold re-estimated; 2000 replicates,E001551,results/final_validation/canonical_results.csv,105,exploratory
D02-LSTM-S0-worst_cross_phase_transfer_fpr,individual-seed bootstrap support,DS02 discovery,lstm_autoencoder,history,0,primary,0.01,pooled,worst_cross_phase_transfer_fpr,Maximum audit healthy row-FPR among off-diagonal calibration-phase to audit-phase threshold transfers.,0.0550518179373496,5.505%,fraction,0.03337138656190428,0.10419405402160588,"[3.337%, 10.419%]",hierarchical engine-then-flight bootstrap; threshold re-estimated; 2000 replicates,E001553,results/final_validation/canonical_results.csv,105,exploratory
D02-LSTM-S1-overall_fpr,individual-seed bootstrap support,DS02 discovery,lstm_autoencoder,history,1,primary,0.01,pooled,overall_fpr,"Healthy audit rows alarmed / all healthy audit rows, pooled or within engine as indicated.",0.011221090108124207,1.122%,fraction,0.007170336645110172,0.018871590201802083,"[0.717%, 1.887%]",hierarchical engine-then-flight bootstrap; threshold re-estimated; 2000 replicates,E001906,results/final_validation/canonical_results.csv,129,exploratory
D02-LSTM-S1-climb_fpr,individual-seed bootstrap support,DS02 discovery,lstm_autoencoder,history,1,primary,0.01,pooled,climb_fpr,Healthy climb audit rows alarmed / healthy climb audit rows.,0.004742476549150888,0.474%,fraction,0.0020030448137999964,0.01881271978841657,"[0.200%, 1.881%]",hierarchical engine-then-flight bootstrap; threshold re-estimated; 2000 replicates,E001907,results/final_validation/canonical_results.csv,129,exploratory
D02-LSTM-S1-cruise_fpr,individual-seed bootstrap support,DS02 discovery,lstm_autoencoder,history,1,primary,0.01,pooled,cruise_fpr,Healthy cruise audit rows alarmed / healthy cruise audit rows.,0.007307732238230918,0.731%,fraction,0.004123771868924057,0.014995740043245333,"[0.412%, 1.500%]",hierarchical engine-then-flight bootstrap; threshold re-estimated; 2000 replicates,E001908,results/final_validation/canonical_results.csv,129,exploratory
D02-LSTM-S1-descent_fpr,individual-seed bootstrap support,DS02 discovery,lstm_autoencoder,history,1,primary,0.01,pooled,descent_fpr,Healthy descent audit rows alarmed / healthy descent audit rows.,0.021023671454280926,2.102%,fraction,0.012057870295640405,0.032928073536239603,"[1.206%, 3.293%]",hierarchical engine-then-flight bootstrap; threshold re-estimated; 2000 replicates,E001909,results/final_validation/canonical_results.csv,129,exploratory
D02-LSTM-S1-descent_minus_climb,individual-seed bootstrap support,DS02 discovery,lstm_autoencoder,history,1,primary,0.01,pooled,descent_minus_climb,Descent healthy row-FPR minus climb healthy row-FPR; percentage-point difference when multiplied by 100.,0.01628119490513004,+1.628 pp,fraction difference,-0.00022117278983290272,0.028174821676226557,"[-0.022 pp, +2.817 pp]",hierarchical engine-then-flight bootstrap; threshold re-estimated; 2000 replicates,E001910,results/final_validation/canonical_results.csv,129,exploratory
D02-LSTM-S1-descent_minus_cruise,individual-seed bootstrap support,DS02 discovery,lstm_autoencoder,history,1,primary,0.01,pooled,descent_minus_cruise,Descent healthy row-FPR minus cruise healthy row-FPR; percentage-point difference when multiplied by 100.,0.013715939216050008,+1.372 pp,fraction difference,0.003989171141649064,0.024538831712651907,"[+0.399 pp, +2.454 pp]",hierarchical engine-then-flight bootstrap; threshold re-estimated; 2000 replicates,E001911,results/final_validation/canonical_results.csv,129,exploratory
D02-LSTM-S1-worst_cross_phase_transfer_fpr,individual-seed bootstrap support,DS02 discovery,lstm_autoencoder,history,1,primary,0.01,pooled,worst_cross_phase_transfer_fpr,Maximum audit healthy row-FPR among off-diagonal calibration-phase to audit-phase threshold transfers.,0.06773911064836204,6.774%,fraction,0.037621015073289917,0.12289974591671635,"[3.762%, 12.290%]",hierarchical engine-then-flight bootstrap; threshold re-estimated; 2000 replicates,E001913,results/final_validation/canonical_results.csv,129,exploratory
D02-LSTM-S2-overall_fpr,individual-seed bootstrap support,DS02 discovery,lstm_autoencoder,history,2,primary,0.01,pooled,overall_fpr,"Healthy audit rows alarmed / all healthy audit rows, pooled or within engine as indicated.",0.011327297956884232,1.133%,fraction,0.007179435999338996,0.020273739865373442,"[0.718%, 2.027%]",hierarchical engine-then-flight bootstrap; threshold re-estimated; 2000 replicates,E002266,results/final_validation/canonical_results.csv,153,exploratory
D02-LSTM-S2-climb_fpr,individual-seed bootstrap support,DS02 discovery,lstm_autoencoder,history,2,primary,0.01,pooled,climb_fpr,Healthy climb audit rows alarmed / healthy climb audit rows.,0.005387592844439795,0.539%,fraction,0.0020971743634522464,0.021818561289416834,"[0.210%, 2.182%]",hierarchical engine-then-flight bootstrap; threshold re-estimated; 2000 replicates,E002267,results/final_validation/canonical_results.csv,153,exploratory
D02-LSTM-S2-cruise_fpr,individual-seed bootstrap support,DS02 discovery,lstm_autoencoder,history,2,primary,0.01,pooled,cruise_fpr,Healthy cruise audit rows alarmed / healthy cruise audit rows.,0.0075038355500697896,0.750%,fraction,0.004132057096055515,0.015683547570067458,"[0.413%, 1.568%]",hierarchical engine-then-flight bootstrap; threshold re-estimated; 2000 replicates,E002268,results/final_validation/canonical_results.csv,153,exploratory
D02-LSTM-S2-descent_fpr,individual-seed bootstrap support,DS02 discovery,lstm_autoencoder,history,2,primary,0.01,pooled,descent_fpr,Healthy descent audit rows alarmed / healthy descent audit rows.,0.02059616485206203,2.060%,fraction,0.011744414760206275,0.03440496086117972,"[1.174%, 3.440%]",hierarchical engine-then-flight bootstrap; threshold re-estimated; 2000 replicates,E002269,results/final_validation/canonical_results.csv,153,exploratory
D02-LSTM-S2-descent_minus_climb,individual-seed bootstrap support,DS02 discovery,lstm_autoencoder,history,2,primary,0.01,pooled,descent_minus_climb,Descent healthy row-FPR minus climb healthy row-FPR; percentage-point difference when multiplied by 100.,0.015208572007622233,+1.521 pp,fraction difference,-0.003474821745163889,0.028018804416479148,"[-0.347 pp, +2.802 pp]",hierarchical engine-then-flight bootstrap; threshold re-estimated; 2000 replicates,E002270,results/final_validation/canonical_results.csv,153,exploratory
D02-LSTM-S2-descent_minus_cruise,individual-seed bootstrap support,DS02 discovery,lstm_autoencoder,history,2,primary,0.01,pooled,descent_minus_cruise,Descent healthy row-FPR minus cruise healthy row-FPR; percentage-point difference when multiplied by 100.,0.01309232930199224,+1.309 pp,fraction difference,0.0033009814029932635,0.02511362286075076,"[+0.330 pp, +2.511 pp]",hierarchical engine-then-flight bootstrap; threshold re-estimated; 2000 replicates,E002271,results/final_validation/canonical_results.csv,153,exploratory
D02-LSTM-S2-worst_cross_phase_transfer_fpr,individual-seed bootstrap support,DS02 discovery,lstm_autoencoder,history,2,primary,0.01,pooled,worst_cross_phase_transfer_fpr,Maximum audit healthy row-FPR among off-diagonal calibration-phase to audit-phase threshold transfers.,0.0558240879284547,5.582%,fraction,0.03357632462941964,0.11304837356022998,"[3.358%, 11.305%]",hierarchical engine-then-flight bootstrap; threshold re-estimated; 2000 replicates,E002273,results/final_validation/canonical_results.csv,153,exploratory
D03-PCA-SINGLE-overall_fpr,frozen primary pooled endpoint,DS03 confirmation,pca,history,-1,primary,0.01,pooled,overall_fpr,"Healthy audit rows alarmed / all healthy audit rows, pooled or within engine as indicated.",0.01340641193685848,1.341%,fraction,0.009756758579101122,0.01795879145233981,"[0.976%, 1.796%]",hierarchical engine-then-flight bootstrap; threshold re-estimated; 2000 replicates,E010946,results/confirmation_ds03/canonical_results.csv,15,confirmatory
D03-PCA-SINGLE-climb_fpr,frozen primary pooled endpoint,DS03 confirmation,pca,history,-1,primary,0.01,pooled,climb_fpr,Healthy climb audit rows alarmed / healthy climb audit rows.,0.008771849252785407,0.877%,fraction,0.004097430218992493,0.014955365904990045,"[0.410%, 1.496%]",hierarchical engine-then-flight bootstrap; threshold re-estimated; 2000 replicates,E010947,results/confirmation_ds03/canonical_results.csv,15,confirmatory
D03-PCA-SINGLE-cruise_fpr,frozen primary pooled endpoint,DS03 confirmation,pca,history,-1,primary,0.01,pooled,cruise_fpr,Healthy cruise audit rows alarmed / healthy cruise audit rows.,0.009117740065352587,0.912%,fraction,0.006052333410858267,0.013964194094537861,"[0.605%, 1.396%]",hierarchical engine-then-flight bootstrap; threshold re-estimated; 2000 replicates,E010948,results/confirmation_ds03/canonical_results.csv,15,confirmatory
D03-PCA-SINGLE-descent_fpr,frozen primary pooled endpoint,DS03 confirmation,pca,history,-1,primary,0.01,pooled,descent_fpr,Healthy descent audit rows alarmed / healthy descent audit rows.,0.019773766890366848,1.977%,fraction,0.013764548527085887,0.026752364935433808,"[1.376%, 2.675%]",hierarchical engine-then-flight bootstrap; threshold re-estimated; 2000 replicates,E010949,results/confirmation_ds03/canonical_results.csv,15,confirmatory
D03-PCA-SINGLE-descent_minus_climb,frozen primary pooled endpoint,DS03 confirmation,pca,history,-1,primary,0.01,pooled,descent_minus_climb,Descent healthy row-FPR minus climb healthy row-FPR; percentage-point difference when multiplied by 100.,0.01100191763758144,+1.100 pp,fraction difference,0.004343822436823924,0.01785487134121404,"[+0.434 pp, +1.785 pp]",hierarchical engine-then-flight bootstrap; threshold re-estimated; 2000 replicates,E010950,results/confirmation_ds03/canonical_results.csv,15,confirmatory
D03-PCA-SINGLE-descent_minus_cruise,frozen primary pooled endpoint,DS03 confirmation,pca,history,-1,primary,0.01,pooled,descent_minus_cruise,Descent healthy row-FPR minus cruise healthy row-FPR; percentage-point difference when multiplied by 100.,0.01065602682501426,+1.066 pp,fraction difference,0.005598350823840378,0.015725194061382813,"[+0.560 pp, +1.573 pp]",hierarchical engine-then-flight bootstrap; threshold re-estimated; 2000 replicates,E010951,results/confirmation_ds03/canonical_results.csv,15,confirmatory
D03-PCA-SINGLE-worst_cross_phase_transfer_fpr,frozen primary pooled endpoint,DS03 confirmation,pca,history,-1,primary,0.01,pooled,worst_cross_phase_transfer_fpr,Maximum audit healthy row-FPR among off-diagonal calibration-phase to audit-phase threshold transfers.,0.06715707664991423,6.716%,fraction,0.03383872181490598,0.14028131150844372,"[3.384%, 14.028%]",hierarchical engine-then-flight bootstrap; threshold re-estimated; 2000 replicates,E010952,results/confirmation_ds03/canonical_results.csv,15,confirmatory
D03-PCA-SINGLE-healthy_flights_with_alarm_climb,frozen primary pooled endpoint,DS03 confirmation,pca,history,-1,primary,0.01,pooled,healthy_flights_with_alarm_climb,Fraction of healthy flights with at least one climb-phase false alarm.,0.6756756756756757,67.568%,fraction,,,,,E010953,results/confirmation_ds03/canonical_results.csv,15,confirmatory
D03-PCA-SINGLE-false_alarm_events_per_healthy_flight_climb,frozen primary pooled endpoint,DS03 confirmation,pca,history,-1,primary,0.01,pooled,false_alarm_events_per_healthy_flight_climb,Mean number of contiguous climb-phase false-alarm events per healthy flight.,4.5675675675675675,4.568 events/flight,events per healthy flight,,,,,E010954,results/confirmation_ds03/canonical_results.csv,15,confirmatory
D03-PCA-SINGLE-healthy_flights_with_alarm_cruise,frozen primary pooled endpoint,DS03 confirmation,pca,history,-1,primary,0.01,pooled,healthy_flights_with_alarm_cruise,Fraction of healthy flights with at least one cruise-phase false alarm.,0.7364864864864865,73.649%,fraction,,,,,E010955,results/confirmation_ds03/canonical_results.csv,15,confirmatory
D03-PCA-SINGLE-false_alarm_events_per_healthy_flight_cruise,frozen primary pooled endpoint,DS03 confirmation,pca,history,-1,primary,0.01,pooled,false_alarm_events_per_healthy_flight_cruise,Mean number of contiguous cruise-phase false-alarm events per healthy flight.,10.39864864864865,10.399 events/flight,events per healthy flight,,,,,E010956,results/confirmation_ds03/canonical_results.csv,15,confirmatory
D03-PCA-SINGLE-healthy_flights_with_alarm_descent,frozen primary pooled endpoint,DS03 confirmation,pca,history,-1,primary,0.01,pooled,healthy_flights_with_alarm_descent,Fraction of healthy flights with at least one descent-phase false alarm.,0.9932432432432432,99.324%,fraction,,,,,E010957,results/confirmation_ds03/canonical_results.csv,15,confirmatory
D03-PCA-SINGLE-false_alarm_events_per_healthy_flight_descent,frozen primary pooled endpoint,DS03 confirmation,pca,history,-1,primary,0.01,pooled,false_alarm_events_per_healthy_flight_descent,Mean number of contiguous descent-phase false-alarm events per healthy flight.,30.66216216216216,30.662 events/flight,events per healthy flight,,,,,E010958,results/confirmation_ds03/canonical_results.csv,15,confirmatory
D03-IF-MEAN-overall_fpr,frozen primary pooled endpoint,DS03 confirmation,isolation_forest,history,"mean(seeds 0,1,2)",primary,0.01,pooled,overall_fpr,"Arithmetic mean over seeds 0, 1, 2 of: Healthy audit rows alarmed / all healthy audit rows, pooled or within engine as indicated. No CI for the seed mean was executed.",0.013551621676106587,1.355%,fraction,,,,,E012857,results/confirmation_ds03/canonical_results.csv,36;57;78,confirmatory
D03-IF-MEAN-climb_fpr,frozen primary pooled endpoint,DS03 confirmation,isolation_forest,history,"mean(seeds 0,1,2)",primary,0.01,pooled,climb_fpr,"Arithmetic mean over seeds 0, 1, 2 of: Healthy climb audit rows alarmed / healthy climb audit rows. No CI for the seed mean was executed.",0.004092509075470562,0.409%,fraction,,,,,E012858,results/confirmation_ds03/canonical_results.csv,36;57;78,confirmatory
D03-IF-MEAN-cruise_fpr,frozen primary pooled endpoint,DS03 confirmation,isolation_forest,history,"mean(seeds 0,1,2)",primary,0.01,pooled,cruise_fpr,"Arithmetic mean over seeds 0, 1, 2 of: Healthy cruise audit rows alarmed / healthy cruise audit rows. No CI for the seed mean was executed.",0.011041043197174472,1.104%,fraction,,,,,E012859,results/confirmation_ds03/canonical_results.csv,36;57;78,confirmatory
D03-IF-MEAN-descent_fpr,frozen primary pooled endpoint,DS03 confirmation,isolation_forest,history,"mean(seeds 0,1,2)",primary,0.01,pooled,descent_fpr,"Arithmetic mean over seeds 0, 1, 2 of: Healthy descent audit rows alarmed / healthy descent audit rows. No CI for the seed mean was executed.",0.02142330494447621,2.142%,fraction,,,,,E012860,results/confirmation_ds03/canonical_results.csv,36;57;78,confirmatory
D03-IF-MEAN-descent_minus_climb,frozen primary pooled endpoint,DS03 confirmation,isolation_forest,history,"mean(seeds 0,1,2)",primary,0.01,pooled,descent_minus_climb,"Arithmetic mean over seeds 0, 1, 2 of: Descent healthy row-FPR minus climb healthy row-FPR; percentage-point difference when multiplied by 100. No CI for the seed mean was executed.",0.017330795869005648,+1.733 pp,fraction difference,,,,,E012861,results/confirmation_ds03/canonical_results.csv,36;57;78,confirmatory
D03-IF-MEAN-descent_minus_cruise,frozen primary pooled endpoint,DS03 confirmation,isolation_forest,history,"mean(seeds 0,1,2)",primary,0.01,pooled,descent_minus_cruise,"Arithmetic mean over seeds 0, 1, 2 of: Descent healthy row-FPR minus cruise healthy row-FPR; percentage-point difference when multiplied by 100. No CI for the seed mean was executed.",0.01038226174730174,+1.038 pp,fraction difference,,,,,E012862,results/confirmation_ds03/canonical_results.csv,36;57;78,confirmatory
D03-IF-MEAN-worst_cross_phase_transfer_fpr,frozen primary pooled endpoint,DS03 confirmation,isolation_forest,history,"mean(seeds 0,1,2)",primary,0.01,pooled,worst_cross_phase_transfer_fpr,"Arithmetic mean over seeds 0, 1, 2 of: Maximum audit healthy row-FPR among off-diagonal calibration-phase to audit-phase threshold transfers. No CI for the seed mean was executed.",0.09385877797506194,9.386%,fraction,,,,,E012863,results/confirmation_ds03/canonical_results.csv,36;57;78,confirmatory
D03-IF-MEAN-healthy_flights_with_alarm_climb,frozen primary pooled endpoint,DS03 confirmation,isolation_forest,history,"mean(seeds 0,1,2)",primary,0.01,pooled,healthy_flights_with_alarm_climb,"Arithmetic mean over seeds 0, 1, 2 of: Fraction of healthy flights with at least one climb-phase false alarm. No CI for the seed mean was executed.",0.7995495495495496,79.955%,fraction,,,,,E012864,results/confirmation_ds03/canonical_results.csv,36;57;78,confirmatory
D03-IF-MEAN-false_alarm_events_per_healthy_flight_climb,frozen primary pooled endpoint,DS03 confirmation,isolation_forest,history,"mean(seeds 0,1,2)",primary,0.01,pooled,false_alarm_events_per_healthy_flight_climb,"Arithmetic mean over seeds 0, 1, 2 of: Mean number of contiguous climb-phase false-alarm events per healthy flight. No CI for the seed mean was executed.",2.7792792792792795,2.779 events/flight,events per healthy flight,,,,,E012865,results/confirmation_ds03/canonical_results.csv,36;57;78,confirmatory
D03-IF-MEAN-healthy_flights_with_alarm_cruise,frozen primary pooled endpoint,DS03 confirmation,isolation_forest,history,"mean(seeds 0,1,2)",primary,0.01,pooled,healthy_flights_with_alarm_cruise,"Arithmetic mean over seeds 0, 1, 2 of: Fraction of healthy flights with at least one cruise-phase false alarm. No CI for the seed mean was executed.",0.6644144144144144,66.441%,fraction,,,,,E012866,results/confirmation_ds03/canonical_results.csv,36;57;78,confirmatory
D03-IF-MEAN-false_alarm_events_per_healthy_flight_cruise,frozen primary pooled endpoint,DS03 confirmation,isolation_forest,history,"mean(seeds 0,1,2)",primary,0.01,pooled,false_alarm_events_per_healthy_flight_cruise,"Arithmetic mean over seeds 0, 1, 2 of: Mean number of contiguous cruise-phase false-alarm events per healthy flight. No CI for the seed mean was executed.",6.756756756756757,6.757 events/flight,events per healthy flight,,,,,E012867,results/confirmation_ds03/canonical_results.csv,36;57;78,confirmatory
D03-IF-MEAN-healthy_flights_with_alarm_descent,frozen primary pooled endpoint,DS03 confirmation,isolation_forest,history,"mean(seeds 0,1,2)",primary,0.01,pooled,healthy_flights_with_alarm_descent,"Arithmetic mean over seeds 0, 1, 2 of: Fraction of healthy flights with at least one descent-phase false alarm. No CI for the seed mean was executed.",0.9932432432432432,99.324%,fraction,,,,,E012868,results/confirmation_ds03/canonical_results.csv,36;57;78,confirmatory
D03-IF-MEAN-false_alarm_events_per_healthy_flight_descent,frozen primary pooled endpoint,DS03 confirmation,isolation_forest,history,"mean(seeds 0,1,2)",primary,0.01,pooled,false_alarm_events_per_healthy_flight_descent,"Arithmetic mean over seeds 0, 1, 2 of: Mean number of contiguous descent-phase false-alarm events per healthy flight. No CI for the seed mean was executed.",21.774774774774777,21.775 events/flight,events per healthy flight,,,,,E012869,results/confirmation_ds03/canonical_results.csv,36;57;78,confirmatory
D03-LSTM-MEAN-overall_fpr,frozen primary pooled endpoint,DS03 confirmation,lstm_autoencoder,history,"mean(seeds 0,1,2)",primary,0.01,pooled,overall_fpr,"Arithmetic mean over seeds 0, 1, 2 of: Healthy audit rows alarmed / all healthy audit rows, pooled or within engine as indicated. No CI for the seed mean was executed.",0.01735694072945237,1.736%,fraction,,,,,E013130,results/confirmation_ds03/canonical_results.csv,99;120;141,confirmatory
D03-LSTM-MEAN-climb_fpr,frozen primary pooled endpoint,DS03 confirmation,lstm_autoencoder,history,"mean(seeds 0,1,2)",primary,0.01,pooled,climb_fpr,"Arithmetic mean over seeds 0, 1, 2 of: Healthy climb audit rows alarmed / healthy climb audit rows. No CI for the seed mean was executed.",0.0075073558002896395,0.751%,fraction,,,,,E013131,results/confirmation_ds03/canonical_results.csv,99;120;141,confirmatory
D03-LSTM-MEAN-cruise_fpr,frozen primary pooled endpoint,DS03 confirmation,lstm_autoencoder,history,"mean(seeds 0,1,2)",primary,0.01,pooled,cruise_fpr,"Arithmetic mean over seeds 0, 1, 2 of: Healthy cruise audit rows alarmed / healthy cruise audit rows. No CI for the seed mean was executed.",0.018893894467333635,1.889%,fraction,,,,,E013132,results/confirmation_ds03/canonical_results.csv,99;120;141,confirmatory
D03-LSTM-MEAN-descent_fpr,frozen primary pooled endpoint,DS03 confirmation,lstm_autoencoder,history,"mean(seeds 0,1,2)",primary,0.01,pooled,descent_fpr,"Arithmetic mean over seeds 0, 1, 2 of: Healthy descent audit rows alarmed / healthy descent audit rows. No CI for the seed mean was executed.",0.022146192582784115,2.215%,fraction,,,,,E013133,results/confirmation_ds03/canonical_results.csv,99;120;141,confirmatory
D03-LSTM-MEAN-descent_minus_climb,frozen primary pooled endpoint,DS03 confirmation,lstm_autoencoder,history,"mean(seeds 0,1,2)",primary,0.01,pooled,descent_minus_climb,"Arithmetic mean over seeds 0, 1, 2 of: Descent healthy row-FPR minus climb healthy row-FPR; percentage-point difference when multiplied by 100. No CI for the seed mean was executed.",0.014638836782494474,+1.464 pp,fraction difference,,,,,E013134,results/confirmation_ds03/canonical_results.csv,99;120;141,confirmatory
D03-LSTM-MEAN-descent_minus_cruise,frozen primary pooled endpoint,DS03 confirmation,lstm_autoencoder,history,"mean(seeds 0,1,2)",primary,0.01,pooled,descent_minus_cruise,"Arithmetic mean over seeds 0, 1, 2 of: Descent healthy row-FPR minus cruise healthy row-FPR; percentage-point difference when multiplied by 100. No CI for the seed mean was executed.",0.0032522981154504784,+0.325 pp,fraction difference,,,,,E013135,results/confirmation_ds03/canonical_results.csv,99;120;141,confirmatory
D03-LSTM-MEAN-worst_cross_phase_transfer_fpr,frozen primary pooled endpoint,DS03 confirmation,lstm_autoencoder,history,"mean(seeds 0,1,2)",primary,0.01,pooled,worst_cross_phase_transfer_fpr,"Arithmetic mean over seeds 0, 1, 2 of: Maximum audit healthy row-FPR among off-diagonal calibration-phase to audit-phase threshold transfers. No CI for the seed mean was executed.",0.05307863613109031,5.308%,fraction,,,,,E013136,results/confirmation_ds03/canonical_results.csv,99;120;141,confirmatory
D03-LSTM-MEAN-healthy_flights_with_alarm_climb,frozen primary pooled endpoint,DS03 confirmation,lstm_autoencoder,history,"mean(seeds 0,1,2)",primary,0.01,pooled,healthy_flights_with_alarm_climb,"Arithmetic mean over seeds 0, 1, 2 of: Fraction of healthy flights with at least one climb-phase false alarm. No CI for the seed mean was executed.",1.0,100.000%,fraction,,,,,E013137,results/confirmation_ds03/canonical_results.csv,99;120;141,confirmatory
D03-LSTM-MEAN-false_alarm_events_per_healthy_flight_climb,frozen primary pooled endpoint,DS03 confirmation,lstm_autoencoder,history,"mean(seeds 0,1,2)",primary,0.01,pooled,false_alarm_events_per_healthy_flight_climb,"Arithmetic mean over seeds 0, 1, 2 of: Mean number of contiguous climb-phase false-alarm events per healthy flight. No CI for the seed mean was executed.",5.677927927927928,5.678 events/flight,events per healthy flight,,,,,E013138,results/confirmation_ds03/canonical_results.csv,99;120;141,confirmatory
D03-LSTM-MEAN-healthy_flights_with_alarm_cruise,frozen primary pooled endpoint,DS03 confirmation,lstm_autoencoder,history,"mean(seeds 0,1,2)",primary,0.01,pooled,healthy_flights_with_alarm_cruise,"Arithmetic mean over seeds 0, 1, 2 of: Fraction of healthy flights with at least one cruise-phase false alarm. No CI for the seed mean was executed.",0.9414414414414415,94.144%,fraction,,,,,E013139,results/confirmation_ds03/canonical_results.csv,99;120;141,confirmatory
D03-LSTM-MEAN-false_alarm_events_per_healthy_flight_cruise,frozen primary pooled endpoint,DS03 confirmation,lstm_autoencoder,history,"mean(seeds 0,1,2)",primary,0.01,pooled,false_alarm_events_per_healthy_flight_cruise,"Arithmetic mean over seeds 0, 1, 2 of: Mean number of contiguous cruise-phase false-alarm events per healthy flight. No CI for the seed mean was executed.",13.292792792792794,13.293 events/flight,events per healthy flight,,,,,E013140,results/confirmation_ds03/canonical_results.csv,99;120;141,confirmatory
D03-LSTM-MEAN-healthy_flights_with_alarm_descent,frozen primary pooled endpoint,DS03 confirmation,lstm_autoencoder,history,"mean(seeds 0,1,2)",primary,0.01,pooled,healthy_flights_with_alarm_descent,"Arithmetic mean over seeds 0, 1, 2 of: Fraction of healthy flights with at least one descent-phase false alarm. No CI for the seed mean was executed.",0.9977477477477478,99.775%,fraction,,,,,E013141,results/confirmation_ds03/canonical_results.csv,99;120;141,confirmatory
D03-LSTM-MEAN-false_alarm_events_per_healthy_flight_descent,frozen primary pooled endpoint,DS03 confirmation,lstm_autoencoder,history,"mean(seeds 0,1,2)",primary,0.01,pooled,false_alarm_events_per_healthy_flight_descent,"Arithmetic mean over seeds 0, 1, 2 of: Mean number of contiguous descent-phase false-alarm events per healthy flight. No CI for the seed mean was executed.",24.626126126126128,24.626 events/flight,events per healthy flight,,,,,E013142,results/confirmation_ds03/canonical_results.csv,99;120;141,confirmatory
D03-IF-S0-overall_fpr,individual-seed bootstrap support,DS03 confirmation,isolation_forest,history,0,primary,0.01,pooled,overall_fpr,"Healthy audit rows alarmed / all healthy audit rows, pooled or within engine as indicated.",0.01363658482141133,1.364%,fraction,0.008447759341560817,0.020346373647058394,"[0.845%, 2.035%]",hierarchical engine-then-flight bootstrap; threshold re-estimated; 2000 replicates,E011219,results/confirmation_ds03/canonical_results.csv,36,confirmatory
D03-IF-S0-climb_fpr,individual-seed bootstrap support,DS03 confirmation,isolation_forest,history,0,primary,0.01,pooled,climb_fpr,Healthy climb audit rows alarmed / healthy climb audit rows.,0.0041670111110090535,0.417%,fraction,0.002361062497838201,0.006934171495876166,"[0.236%, 0.693%]",hierarchical engine-then-flight bootstrap; threshold re-estimated; 2000 replicates,E011220,results/confirmation_ds03/canonical_results.csv,36,confirmatory
D03-IF-S0-cruise_fpr,individual-seed bootstrap support,DS03 confirmation,isolation_forest,history,0,primary,0.01,pooled,cruise_fpr,Healthy cruise audit rows alarmed / healthy cruise audit rows.,0.010948620767090893,1.095%,fraction,0.006533088239745607,0.016621506441365053,"[0.653%, 1.662%]",hierarchical engine-then-flight bootstrap; threshold re-estimated; 2000 replicates,E011221,results/confirmation_ds03/canonical_results.csv,36,confirmatory
D03-IF-S0-descent_fpr,individual-seed bootstrap support,DS03 confirmation,isolation_forest,history,0,primary,0.01,pooled,descent_fpr,Healthy descent audit rows alarmed / healthy descent audit rows.,0.021660296728761023,2.166%,fraction,0.012725583947952573,0.034079673539364384,"[1.273%, 3.408%]",hierarchical engine-then-flight bootstrap; threshold re-estimated; 2000 replicates,E011222,results/confirmation_ds03/canonical_results.csv,36,confirmatory
D03-IF-S0-descent_minus_climb,individual-seed bootstrap support,DS03 confirmation,isolation_forest,history,0,primary,0.01,pooled,descent_minus_climb,Descent healthy row-FPR minus climb healthy row-FPR; percentage-point difference when multiplied by 100.,0.01749328561775197,+1.749 pp,fraction difference,0.009006110881637197,0.02847426080659881,"[+0.901 pp, +2.847 pp]",hierarchical engine-then-flight bootstrap; threshold re-estimated; 2000 replicates,E011223,results/confirmation_ds03/canonical_results.csv,36,confirmatory
D03-IF-S0-descent_minus_cruise,individual-seed bootstrap support,DS03 confirmation,isolation_forest,history,0,primary,0.01,pooled,descent_minus_cruise,Descent healthy row-FPR minus cruise healthy row-FPR; percentage-point difference when multiplied by 100.,0.01071167596167013,+1.071 pp,fraction difference,0.004038358914048921,0.01993973156877138,"[+0.404 pp, +1.994 pp]",hierarchical engine-then-flight bootstrap; threshold re-estimated; 2000 replicates,E011224,results/confirmation_ds03/canonical_results.csv,36,confirmatory
D03-IF-S0-worst_cross_phase_transfer_fpr,individual-seed bootstrap support,DS03 confirmation,isolation_forest,history,0,primary,0.01,pooled,worst_cross_phase_transfer_fpr,Maximum audit healthy row-FPR among off-diagonal calibration-phase to audit-phase threshold transfers.,0.09194340786662253,9.194%,fraction,0.030147264221283554,0.2848114962687087,"[3.015%, 28.481%]",hierarchical engine-then-flight bootstrap; threshold re-estimated; 2000 replicates,E011225,results/confirmation_ds03/canonical_results.csv,36,confirmatory
D03-IF-S1-overall_fpr,individual-seed bootstrap support,DS03 confirmation,isolation_forest,history,1,primary,0.01,pooled,overall_fpr,"Healthy audit rows alarmed / all healthy audit rows, pooled or within engine as indicated.",0.013315269653713392,1.332%,fraction,0.008466556559617587,0.019734409796369933,"[0.847%, 1.973%]",hierarchical engine-then-flight bootstrap; threshold re-estimated; 2000 replicates,E011492,results/confirmation_ds03/canonical_results.csv,57,confirmatory
D03-IF-S1-climb_fpr,individual-seed bootstrap support,DS03 confirmation,isolation_forest,history,1,primary,0.01,pooled,climb_fpr,Healthy climb audit rows alarmed / healthy climb audit rows.,0.00399249264419971,0.399%,fraction,0.002246756807691871,0.006518973281150404,"[0.225%, 0.652%]",hierarchical engine-then-flight bootstrap; threshold re-estimated; 2000 replicates,E011493,results/confirmation_ds03/canonical_results.csv,57,confirmatory
D03-IF-S1-cruise_fpr,individual-seed bootstrap support,DS03 confirmation,isolation_forest,history,1,primary,0.01,pooled,cruise_fpr,Healthy cruise audit rows alarmed / healthy cruise audit rows.,0.010600318055370966,1.060%,fraction,0.006348013562123714,0.016386537696479853,"[0.635%, 1.639%]",hierarchical engine-then-flight bootstrap; threshold re-estimated; 2000 replicates,E011494,results/confirmation_ds03/canonical_results.csv,57,confirmatory
D03-IF-S1-descent_fpr,individual-seed bootstrap support,DS03 confirmation,isolation_forest,history,1,primary,0.01,pooled,descent_fpr,Healthy descent audit rows alarmed / healthy descent audit rows.,0.02127095308315026,2.127%,fraction,0.012671497809711593,0.033197877224181604,"[1.267%, 3.320%]",hierarchical engine-then-flight bootstrap; threshold re-estimated; 2000 replicates,E011495,results/confirmation_ds03/canonical_results.csv,57,confirmatory
D03-IF-S1-descent_minus_climb,individual-seed bootstrap support,DS03 confirmation,isolation_forest,history,1,primary,0.01,pooled,descent_minus_climb,Descent healthy row-FPR minus climb healthy row-FPR; percentage-point difference when multiplied by 100.,0.01727846043895055,+1.728 pp,fraction difference,0.008907228424133539,0.028329793294502966,"[+0.891 pp, +2.833 pp]",hierarchical engine-then-flight bootstrap; threshold re-estimated; 2000 replicates,E011496,results/confirmation_ds03/canonical_results.csv,57,confirmatory
D03-IF-S1-descent_minus_cruise,individual-seed bootstrap support,DS03 confirmation,isolation_forest,history,1,primary,0.01,pooled,descent_minus_cruise,Descent healthy row-FPR minus cruise healthy row-FPR; percentage-point difference when multiplied by 100.,0.010670635027779294,+1.067 pp,fraction difference,0.004256141442622302,0.0197642744021905,"[+0.426 pp, +1.976 pp]",hierarchical engine-then-flight bootstrap; threshold re-estimated; 2000 replicates,E011497,results/confirmation_ds03/canonical_results.csv,57,confirmatory
D03-IF-S1-worst_cross_phase_transfer_fpr,individual-seed bootstrap support,DS03 confirmation,isolation_forest,history,1,primary,0.01,pooled,worst_cross_phase_transfer_fpr,Maximum audit healthy row-FPR among off-diagonal calibration-phase to audit-phase threshold transfers.,0.09438479942219145,9.438%,fraction,0.03159652854996248,0.28795590070748794,"[3.160%, 28.796%]",hierarchical engine-then-flight bootstrap; threshold re-estimated; 2000 replicates,E011498,results/confirmation_ds03/canonical_results.csv,57,confirmatory
D03-IF-S2-overall_fpr,individual-seed bootstrap support,DS03 confirmation,isolation_forest,history,2,primary,0.01,pooled,overall_fpr,"Healthy audit rows alarmed / all healthy audit rows, pooled or within engine as indicated.",0.013703010553195038,1.370%,fraction,0.0083087826041034,0.02056403064281244,"[0.831%, 2.056%]",hierarchical engine-then-flight bootstrap; threshold re-estimated; 2000 replicates,E011765,results/confirmation_ds03/canonical_results.csv,78,confirmatory
D03-IF-S2-climb_fpr,individual-seed bootstrap support,DS03 confirmation,isolation_forest,history,2,primary,0.01,pooled,climb_fpr,Healthy climb audit rows alarmed / healthy climb audit rows.,0.004118023471202922,0.412%,fraction,0.0023270716626201983,0.006902534792120325,"[0.233%, 0.690%]",hierarchical engine-then-flight bootstrap; threshold re-estimated; 2000 replicates,E011766,results/confirmation_ds03/canonical_results.csv,78,confirmatory
D03-IF-S2-cruise_fpr,individual-seed bootstrap support,DS03 confirmation,isolation_forest,history,2,primary,0.01,pooled,cruise_fpr,Healthy cruise audit rows alarmed / healthy cruise audit rows.,0.011574190769061554,1.157%,fraction,0.006526615568573557,0.0178458327059681,"[0.653%, 1.785%]",hierarchical engine-then-flight bootstrap; threshold re-estimated; 2000 replicates,E011767,results/confirmation_ds03/canonical_results.csv,78,confirmatory
D03-IF-S2-descent_fpr,individual-seed bootstrap support,DS03 confirmation,isolation_forest,history,2,primary,0.01,pooled,descent_fpr,Healthy descent audit rows alarmed / healthy descent audit rows.,0.02133866502151735,2.134%,fraction,0.012295731775397629,0.0333168115680922,"[1.230%, 3.332%]",hierarchical engine-then-flight bootstrap; threshold re-estimated; 2000 replicates,E011768,results/confirmation_ds03/canonical_results.csv,78,confirmatory
D03-IF-S2-descent_minus_climb,individual-seed bootstrap support,DS03 confirmation,isolation_forest,history,2,primary,0.01,pooled,descent_minus_climb,Descent healthy row-FPR minus climb healthy row-FPR; percentage-point difference when multiplied by 100.,0.017220641550314428,+1.722 pp,fraction difference,0.00871425447461691,0.02772223405467901,"[+0.871 pp, +2.772 pp]",hierarchical engine-then-flight bootstrap; threshold re-estimated; 2000 replicates,E011769,results/confirmation_ds03/canonical_results.csv,78,confirmatory
D03-IF-S2-descent_minus_cruise,individual-seed bootstrap support,DS03 confirmation,isolation_forest,history,2,primary,0.01,pooled,descent_minus_cruise,Descent healthy row-FPR minus cruise healthy row-FPR; percentage-point difference when multiplied by 100.,0.009764474252455796,+0.976 pp,fraction difference,0.003467236620204281,0.018618125075398846,"[+0.347 pp, +1.862 pp]",hierarchical engine-then-flight bootstrap; threshold re-estimated; 2000 replicates,E011770,results/confirmation_ds03/canonical_results.csv,78,confirmatory
D03-IF-S2-worst_cross_phase_transfer_fpr,individual-seed bootstrap support,DS03 confirmation,isolation_forest,history,2,primary,0.01,pooled,worst_cross_phase_transfer_fpr,Maximum audit healthy row-FPR among off-diagonal calibration-phase to audit-phase threshold transfers.,0.09524812663637185,9.525%,fraction,0.02756236960842936,0.30239699281873106,"[2.756%, 30.240%]",hierarchical engine-then-flight bootstrap; threshold re-estimated; 2000 replicates,E011771,results/confirmation_ds03/canonical_results.csv,78,confirmatory
D03-LSTM-S0-overall_fpr,individual-seed bootstrap support,DS03 confirmation,lstm_autoencoder,history,0,primary,0.01,pooled,overall_fpr,"Healthy audit rows alarmed / all healthy audit rows, pooled or within engine as indicated.",0.01712857009343629,1.713%,fraction,0.009822512286292098,0.02915606075091781,"[0.982%, 2.916%]",hierarchical engine-then-flight bootstrap; threshold re-estimated; 2000 replicates,E012038,results/confirmation_ds03/canonical_results.csv,99,confirmatory
D03-LSTM-S0-climb_fpr,individual-seed bootstrap support,DS03 confirmation,lstm_autoencoder,history,0,primary,0.01,pooled,climb_fpr,Healthy climb audit rows alarmed / healthy climb audit rows.,0.00759308416995037,0.759%,fraction,0.004486109679610486,0.01329718109191263,"[0.449%, 1.330%]",hierarchical engine-then-flight bootstrap; threshold re-estimated; 2000 replicates,E012039,results/confirmation_ds03/canonical_results.csv,99,confirmatory
D03-LSTM-S0-cruise_fpr,individual-seed bootstrap support,DS03 confirmation,lstm_autoencoder,history,0,primary,0.01,pooled,cruise_fpr,Healthy cruise audit rows alarmed / healthy cruise audit rows.,0.017953629910037076,1.795%,fraction,0.008762095614680467,0.03353706557696835,"[0.876%, 3.354%]",hierarchical engine-then-flight bootstrap; threshold re-estimated; 2000 replicates,E012040,results/confirmation_ds03/canonical_results.csv,99,confirmatory
D03-LSTM-S0-descent_fpr,individual-seed bootstrap support,DS03 confirmation,lstm_autoencoder,history,0,primary,0.01,pooled,descent_fpr,Healthy descent audit rows alarmed / healthy descent audit rows.,0.02230920280477896,2.231%,fraction,0.012304697907388328,0.03900236291292908,"[1.230%, 3.900%]",hierarchical engine-then-flight bootstrap; threshold re-estimated; 2000 replicates,E012041,results/confirmation_ds03/canonical_results.csv,99,confirmatory
D03-LSTM-S0-descent_minus_climb,individual-seed bootstrap support,DS03 confirmation,lstm_autoencoder,history,0,primary,0.01,pooled,descent_minus_climb,Descent healthy row-FPR minus climb healthy row-FPR; percentage-point difference when multiplied by 100.,0.01471611863482859,+1.472 pp,fraction difference,0.005359273688454145,0.028695533292438322,"[+0.536 pp, +2.870 pp]",hierarchical engine-then-flight bootstrap; threshold re-estimated; 2000 replicates,E012042,results/confirmation_ds03/canonical_results.csv,99,confirmatory
D03-LSTM-S0-descent_minus_cruise,individual-seed bootstrap support,DS03 confirmation,lstm_autoencoder,history,0,primary,0.01,pooled,descent_minus_cruise,Descent healthy row-FPR minus cruise healthy row-FPR; percentage-point difference when multiplied by 100.,0.004355572894741883,+0.436 pp,fraction difference,-0.0022244415191092727,0.012008172975246251,"[-0.222 pp, +1.201 pp]",hierarchical engine-then-flight bootstrap; threshold re-estimated; 2000 replicates,E012043,results/confirmation_ds03/canonical_results.csv,99,confirmatory
D03-LSTM-S0-worst_cross_phase_transfer_fpr,individual-seed bootstrap support,DS03 confirmation,lstm_autoencoder,history,0,primary,0.01,pooled,worst_cross_phase_transfer_fpr,Maximum audit healthy row-FPR among off-diagonal calibration-phase to audit-phase threshold transfers.,0.051120632579975324,5.112%,fraction,0.026633780899283477,0.10567025264596203,"[2.663%, 10.567%]",hierarchical engine-then-flight bootstrap; threshold re-estimated; 2000 replicates,E012044,results/confirmation_ds03/canonical_results.csv,99,confirmatory
D03-LSTM-S1-overall_fpr,individual-seed bootstrap support,DS03 confirmation,lstm_autoencoder,history,1,primary,0.01,pooled,overall_fpr,"Healthy audit rows alarmed / all healthy audit rows, pooled or within engine as indicated.",0.01730467552188612,1.730%,fraction,0.009375711745841368,0.030382353867718995,"[0.938%, 3.038%]",hierarchical engine-then-flight bootstrap; threshold re-estimated; 2000 replicates,E012311,results/confirmation_ds03/canonical_results.csv,120,confirmatory
D03-LSTM-S1-climb_fpr,individual-seed bootstrap support,DS03 confirmation,lstm_autoencoder,history,1,primary,0.01,pooled,climb_fpr,Healthy climb audit rows alarmed / healthy climb audit rows.,0.0071919978690376685,0.719%,fraction,0.004078800137354215,0.012831122207453555,"[0.408%, 1.283%]",hierarchical engine-then-flight bootstrap; threshold re-estimated; 2000 replicates,E012312,results/confirmation_ds03/canonical_results.csv,120,confirmatory
D03-LSTM-S1-cruise_fpr,individual-seed bootstrap support,DS03 confirmation,lstm_autoencoder,history,1,primary,0.01,pooled,cruise_fpr,Healthy cruise audit rows alarmed / healthy cruise audit rows.,0.018904587971640827,1.890%,fraction,0.009076020756281214,0.03569346598450992,"[0.908%, 3.569%]",hierarchical engine-then-flight bootstrap; threshold re-estimated; 2000 replicates,E012313,results/confirmation_ds03/canonical_results.csv,120,confirmatory
D03-LSTM-S1-descent_fpr,individual-seed bootstrap support,DS03 confirmation,lstm_autoencoder,history,1,primary,0.01,pooled,descent_fpr,Healthy descent audit rows alarmed / healthy descent audit rows.,0.0222038731228746,2.220%,fraction,0.011634964717341323,0.04019754749559001,"[1.163%, 4.020%]",hierarchical engine-then-flight bootstrap; threshold re-estimated; 2000 replicates,E012314,results/confirmation_ds03/canonical_results.csv,120,confirmatory
D03-LSTM-S1-descent_minus_climb,individual-seed bootstrap support,DS03 confirmation,lstm_autoencoder,history,1,primary,0.01,pooled,descent_minus_climb,Descent healthy row-FPR minus climb healthy row-FPR; percentage-point difference when multiplied by 100.,0.01501187525383693,+1.501 pp,fraction difference,0.0051207474498406015,0.030217135533803296,"[+0.512 pp, +3.022 pp]",hierarchical engine-then-flight bootstrap; threshold re-estimated; 2000 replicates,E012315,results/confirmation_ds03/canonical_results.csv,120,confirmatory
D03-LSTM-S1-descent_minus_cruise,individual-seed bootstrap support,DS03 confirmation,lstm_autoencoder,history,1,primary,0.01,pooled,descent_minus_cruise,Descent healthy row-FPR minus cruise healthy row-FPR; percentage-point difference when multiplied by 100.,0.003299285151233771,+0.330 pp,fraction difference,-0.0027000604896187984,0.011575063839662832,"[-0.270 pp, +1.158 pp]",hierarchical engine-then-flight bootstrap; threshold re-estimated; 2000 replicates,E012316,results/confirmation_ds03/canonical_results.csv,120,confirmatory
D03-LSTM-S1-worst_cross_phase_transfer_fpr,individual-seed bootstrap support,DS03 confirmation,lstm_autoencoder,history,1,primary,0.01,pooled,worst_cross_phase_transfer_fpr,Maximum audit healthy row-FPR among off-diagonal calibration-phase to audit-phase threshold transfers.,0.05616893376267718,5.617%,fraction,0.026974955793358533,0.10875079606219773,"[2.697%, 10.875%]",hierarchical engine-then-flight bootstrap; threshold re-estimated; 2000 replicates,E012317,results/confirmation_ds03/canonical_results.csv,120,confirmatory
D03-LSTM-S2-overall_fpr,individual-seed bootstrap support,DS03 confirmation,lstm_autoencoder,history,2,primary,0.01,pooled,overall_fpr,"Healthy audit rows alarmed / all healthy audit rows, pooled or within engine as indicated.",0.017637576573034705,1.764%,fraction,0.008894513933691154,0.032622552338213706,"[0.889%, 3.262%]",hierarchical engine-then-flight bootstrap; threshold re-estimated; 2000 replicates,E012584,results/confirmation_ds03/canonical_results.csv,141,confirmatory
D03-LSTM-S2-climb_fpr,individual-seed bootstrap support,DS03 confirmation,lstm_autoencoder,history,2,primary,0.01,pooled,climb_fpr,Healthy climb audit rows alarmed / healthy climb audit rows.,0.00773698536188088,0.774%,fraction,0.004203446495052223,0.014511392233936708,"[0.420%, 1.451%]",hierarchical engine-then-flight bootstrap; threshold re-estimated; 2000 replicates,E012585,results/confirmation_ds03/canonical_results.csv,141,confirmatory
D03-LSTM-S2-cruise_fpr,individual-seed bootstrap support,DS03 confirmation,lstm_autoencoder,history,2,primary,0.01,pooled,cruise_fpr,Healthy cruise audit rows alarmed / healthy cruise audit rows.,0.019823465520323005,1.982%,fraction,0.008450456864486571,0.03992612277574381,"[0.845%, 3.993%]",hierarchical engine-then-flight bootstrap; threshold re-estimated; 2000 replicates,E012586,results/confirmation_ds03/canonical_results.csv,141,confirmatory
D03-LSTM-S2-descent_fpr,individual-seed bootstrap support,DS03 confirmation,lstm_autoencoder,history,2,primary,0.01,pooled,descent_fpr,Healthy descent audit rows alarmed / healthy descent audit rows.,0.021925501820698787,2.193%,fraction,0.010419544512928905,0.041736683655366855,"[1.042%, 4.174%]",hierarchical engine-then-flight bootstrap; threshold re-estimated; 2000 replicates,E012587,results/confirmation_ds03/canonical_results.csv,141,confirmatory
D03-LSTM-S2-descent_minus_climb,individual-seed bootstrap support,DS03 confirmation,lstm_autoencoder,history,2,primary,0.01,pooled,descent_minus_climb,Descent healthy row-FPR minus climb healthy row-FPR; percentage-point difference when multiplied by 100.,0.014188516458817906,+1.419 pp,fraction difference,0.0037902315514733676,0.030589005904957674,"[+0.379 pp, +3.059 pp]",hierarchical engine-then-flight bootstrap; threshold re-estimated; 2000 replicates,E012588,results/confirmation_ds03/canonical_results.csv,141,confirmatory
D03-LSTM-S2-descent_minus_cruise,individual-seed bootstrap support,DS03 confirmation,lstm_autoencoder,history,2,primary,0.01,pooled,descent_minus_cruise,Descent healthy row-FPR minus cruise healthy row-FPR; percentage-point difference when multiplied by 100.,0.0021020363003757814,+0.210 pp,fraction difference,-0.005818976466329913,0.01025440968126269,"[-0.582 pp, +1.025 pp]",hierarchical engine-then-flight bootstrap; threshold re-estimated; 2000 replicates,E012589,results/confirmation_ds03/canonical_results.csv,141,confirmatory
D03-LSTM-S2-worst_cross_phase_transfer_fpr,individual-seed bootstrap support,DS03 confirmation,lstm_autoencoder,history,2,primary,0.01,pooled,worst_cross_phase_transfer_fpr,Maximum audit healthy row-FPR among off-diagonal calibration-phase to audit-phase threshold transfers.,0.05194634205061843,5.195%,fraction,0.025508471706818032,0.1190760085436068,"[2.551%, 11.908%]",hierarchical engine-then-flight bootstrap; threshold re-estimated; 2000 replicates,E012590,results/confirmation_ds03/canonical_results.csv,141,confirmatory
D02-CORR-STATIC-overall_fpr,DS02 correction specification comparison,DS02 discovery,pca,static,-1,primary,0.01,pooled,overall_fpr,"Executed correction comparison (static); Healthy audit rows alarmed / all healthy audit rows, pooled or within engine as indicated.",0.012770339380254113,1.277%,fraction,,,,,E021488,results/phase3_dynamic_correction/correction_comparison.csv,2,exploratory
D02-CORR-STATIC-climb_fpr,DS02 correction specification comparison,DS02 discovery,pca,static,-1,primary,0.01,pooled,climb_fpr,Executed correction comparison (static); Healthy climb audit rows alarmed / healthy climb audit rows.,0.0014645883460613035,0.146%,fraction,,,,,E021489,results/phase3_dynamic_correction/correction_comparison.csv,2,exploratory
D02-CORR-STATIC-cruise_fpr,DS02 correction specification comparison,DS02 discovery,pca,static,-1,primary,0.01,pooled,cruise_fpr,Executed correction comparison (static); Healthy cruise audit rows alarmed / healthy cruise audit rows.,0.0058311896549735264,0.583%,fraction,,,,,E021490,results/phase3_dynamic_correction/correction_comparison.csv,2,exploratory
D02-CORR-STATIC-descent_fpr,DS02 correction specification comparison,DS02 discovery,pca,static,-1,primary,0.01,pooled,descent_fpr,Executed correction comparison (static); Healthy descent audit rows alarmed / healthy descent audit rows.,0.03000820536865549,3.001%,fraction,,,,,E021491,results/phase3_dynamic_correction/correction_comparison.csv,2,exploratory
D02-CORR-STATIC-descent_minus_climb,DS02 correction specification comparison,DS02 discovery,pca,static,-1,primary,0.01,pooled,descent_minus_climb,Derived from the executed correction comparison (static); Descent healthy row-FPR minus climb healthy row-FPR; percentage-point difference when multiplied by 100.,0.028543617022594187,+2.854 pp,fraction difference,,,,,E021498,results/phase3_dynamic_correction/correction_comparison.csv,2,exploratory
D02-CORR-STATIC-descent_minus_cruise,DS02 correction specification comparison,DS02 discovery,pca,static,-1,primary,0.01,pooled,descent_minus_cruise,Derived from the executed correction comparison (static); Descent healthy row-FPR minus cruise healthy row-FPR; percentage-point difference when multiplied by 100.,0.024177015713681964,+2.418 pp,fraction difference,,,,,E021499,results/phase3_dynamic_correction/correction_comparison.csv,2,exploratory
D02-CORR-STATIC-worst_cross_phase_transfer_fpr,DS02 correction specification comparison,DS02 discovery,pca,static,-1,primary,0.01,pooled,worst_cross_phase_transfer_fpr,Executed correction comparison (static); Maximum audit healthy row-FPR among off-diagonal calibration-phase to audit-phase threshold transfers.,0.14306301585222062,14.306%,fraction,,,,,E021493,results/phase3_dynamic_correction/correction_comparison.csv,2,exploratory
D02-CORR-DERIV-overall_fpr,DS02 correction specification comparison,DS02 discovery,pca,static_derivative,-1,primary,0.01,pooled,overall_fpr,"Executed correction comparison (static_derivative); Healthy audit rows alarmed / all healthy audit rows, pooled or within engine as indicated.",0.012391685310761857,1.239%,fraction,,,,,E021501,results/phase3_dynamic_correction/correction_comparison.csv,4,exploratory
D02-CORR-DERIV-climb_fpr,DS02 correction specification comparison,DS02 discovery,pca,static_derivative,-1,primary,0.01,pooled,climb_fpr,Executed correction comparison (static_derivative); Healthy climb audit rows alarmed / healthy climb audit rows.,0.0006102451441922097,0.061%,fraction,,,,,E021502,results/phase3_dynamic_correction/correction_comparison.csv,4,exploratory
D02-CORR-DERIV-cruise_fpr,DS02 correction specification comparison,DS02 discovery,pca,static_derivative,-1,primary,0.01,pooled,cruise_fpr,Executed correction comparison (static_derivative); Healthy cruise audit rows alarmed / healthy cruise audit rows.,0.0045738213614184035,0.457%,fraction,,,,,E021503,results/phase3_dynamic_correction/correction_comparison.csv,4,exploratory
D02-CORR-DERIV-descent_fpr,DS02 correction specification comparison,DS02 discovery,pca,static_derivative,-1,primary,0.01,pooled,descent_fpr,Executed correction comparison (static_derivative); Healthy descent audit rows alarmed / healthy descent audit rows.,0.031056286070869563,3.106%,fraction,,,,,E021504,results/phase3_dynamic_correction/correction_comparison.csv,4,exploratory
D02-CORR-DERIV-descent_minus_climb,DS02 correction specification comparison,DS02 discovery,pca,static_derivative,-1,primary,0.01,pooled,descent_minus_climb,Derived from the executed correction comparison (static_derivative); Descent healthy row-FPR minus climb healthy row-FPR; percentage-point difference when multiplied by 100.,0.030446040926677354,+3.045 pp,fraction difference,,,,,E021511,results/phase3_dynamic_correction/correction_comparison.csv,4,exploratory
D02-CORR-DERIV-descent_minus_cruise,DS02 correction specification comparison,DS02 discovery,pca,static_derivative,-1,primary,0.01,pooled,descent_minus_cruise,Derived from the executed correction comparison (static_derivative); Descent healthy row-FPR minus cruise healthy row-FPR; percentage-point difference when multiplied by 100.,0.026482464709451158,+2.648 pp,fraction difference,,,,,E021512,results/phase3_dynamic_correction/correction_comparison.csv,4,exploratory
D02-CORR-DERIV-worst_cross_phase_transfer_fpr,DS02 correction specification comparison,DS02 discovery,pca,static_derivative,-1,primary,0.01,pooled,worst_cross_phase_transfer_fpr,Executed correction comparison (static_derivative); Maximum audit healthy row-FPR among off-diagonal calibration-phase to audit-phase threshold transfers.,0.1586463210298772,15.865%,fraction,,,,,E021506,results/phase3_dynamic_correction/correction_comparison.csv,4,exploratory
D02-CORR-HISTORY-overall_fpr,DS02 correction specification comparison,DS02 discovery,pca,history,-1,primary,0.01,pooled,overall_fpr,"Executed correction comparison (history); Healthy audit rows alarmed / all healthy audit rows, pooled or within engine as indicated.",0.013626928769166477,1.363%,fraction,,,,,E021514,results/phase3_dynamic_correction/correction_comparison.csv,6,exploratory
D02-CORR-HISTORY-climb_fpr,DS02 correction specification comparison,DS02 discovery,pca,history,-1,primary,0.01,pooled,climb_fpr,Executed correction comparison (history); Healthy climb audit rows alarmed / healthy climb audit rows.,0.001246643651706943,0.125%,fraction,,,,,E021515,results/phase3_dynamic_correction/correction_comparison.csv,6,exploratory
D02-CORR-HISTORY-cruise_fpr,DS02 correction specification comparison,DS02 discovery,pca,history,-1,primary,0.01,pooled,cruise_fpr,Executed correction comparison (history); Healthy cruise audit rows alarmed / healthy cruise audit rows.,0.0042796663936600955,0.428%,fraction,,,,,E021516,results/phase3_dynamic_correction/correction_comparison.csv,6,exploratory
D02-CORR-HISTORY-descent_fpr,DS02 correction specification comparison,DS02 discovery,pca,history,-1,primary,0.01,pooled,descent_fpr,Executed correction comparison (history); Healthy descent audit rows alarmed / healthy descent audit rows.,0.03459355844084205,3.459%,fraction,,,,,E021517,results/phase3_dynamic_correction/correction_comparison.csv,6,exploratory
D02-CORR-HISTORY-descent_minus_climb,DS02 correction specification comparison,DS02 discovery,pca,history,-1,primary,0.01,pooled,descent_minus_climb,Derived from the executed correction comparison (history); Descent healthy row-FPR minus climb healthy row-FPR; percentage-point difference when multiplied by 100.,0.0333469147891351,+3.335 pp,fraction difference,,,,,E021524,results/phase3_dynamic_correction/correction_comparison.csv,6,exploratory
D02-CORR-HISTORY-descent_minus_cruise,DS02 correction specification comparison,DS02 discovery,pca,history,-1,primary,0.01,pooled,descent_minus_cruise,Derived from the executed correction comparison (history); Descent healthy row-FPR minus cruise healthy row-FPR; percentage-point difference when multiplied by 100.,0.03031389204718195,+3.031 pp,fraction difference,,,,,E021525,results/phase3_dynamic_correction/correction_comparison.csv,6,exploratory
D02-CORR-HISTORY-worst_cross_phase_transfer_fpr,DS02 correction specification comparison,DS02 discovery,pca,history,-1,primary,0.01,pooled,worst_cross_phase_transfer_fpr,Executed correction comparison (history); Maximum audit healthy row-FPR among off-diagonal calibration-phase to audit-phase threshold transfers.,0.15555034579767904,15.555%,fraction,,,,,E021519,results/phase3_dynamic_correction/correction_comparison.csv,6,exploratory
D02-ALT-PCA-descent_minus_climb,DS02 exploratory alternative phase rule,DS02 discovery,pca,history,-1,alt_rate,0.01,pooled,descent_minus_climb,Descent healthy row-FPR minus climb healthy row-FPR; percentage-point difference when multiplied by 100.,0.034323516873061795,+3.432 pp,fraction difference,,,,,E000290,results/final_validation/canonical_results.csv,21,exploratory
D02-ALT-PCA-descent_minus_cruise,DS02 exploratory alternative phase rule,DS02 discovery,pca,history,-1,alt_rate,0.01,pooled,descent_minus_cruise,Descent healthy row-FPR minus cruise healthy row-FPR; percentage-point difference when multiplied by 100.,0.03293415322702359,+3.293 pp,fraction difference,,,,,E000291,results/final_validation/canonical_results.csv,21,exploratory
D02-ALT-PCA-worst_cross_phase_transfer_fpr,DS02 exploratory alternative phase rule,DS02 discovery,pca,history,-1,alt_rate,0.01,pooled,worst_cross_phase_transfer_fpr,Maximum audit healthy row-FPR among off-diagonal calibration-phase to audit-phase threshold transfers.,0.16405526862968678,16.406%,fraction,,,,,E000293,results/final_validation/canonical_results.csv,21,exploratory
D02-ALT-IF-descent_minus_climb,DS02 exploratory alternative phase rule,DS02 discovery,isolation_forest,history,"mean(seeds 0,1,2)",alt_rate,0.01,pooled,descent_minus_climb,"Arithmetic mean over seeds 0, 1, 2 of: Descent healthy row-FPR minus climb healthy row-FPR; percentage-point difference when multiplied by 100. No CI for the seed mean was executed.",0.023829272848378137,+2.383 pp,fraction difference,,,,,E002810,results/final_validation/canonical_results.csv,45;69;93,exploratory
D02-ALT-IF-descent_minus_cruise,DS02 exploratory alternative phase rule,DS02 discovery,isolation_forest,history,"mean(seeds 0,1,2)",alt_rate,0.01,pooled,descent_minus_cruise,"Arithmetic mean over seeds 0, 1, 2 of: Descent healthy row-FPR minus cruise healthy row-FPR; percentage-point difference when multiplied by 100. No CI for the seed mean was executed.",0.02256099697202433,+2.256 pp,fraction difference,,,,,E002811,results/final_validation/canonical_results.csv,45;69;93,exploratory
D02-ALT-IF-worst_cross_phase_transfer_fpr,DS02 exploratory alternative phase rule,DS02 discovery,isolation_forest,history,"mean(seeds 0,1,2)",alt_rate,0.01,pooled,worst_cross_phase_transfer_fpr,"Arithmetic mean over seeds 0, 1, 2 of: Maximum audit healthy row-FPR among off-diagonal calibration-phase to audit-phase threshold transfers. No CI for the seed mean was executed.",0.28872269546359025,28.872%,fraction,,,,,E002813,results/final_validation/canonical_results.csv,45;69;93,exploratory
D02-ALT-LSTM-descent_minus_climb,DS02 exploratory alternative phase rule,DS02 discovery,lstm_autoencoder,history,"mean(seeds 0,1,2)",alt_rate,0.01,pooled,descent_minus_climb,"Arithmetic mean over seeds 0, 1, 2 of: Descent healthy row-FPR minus climb healthy row-FPR; percentage-point difference when multiplied by 100. No CI for the seed mean was executed.",0.01803497723997096,+1.803 pp,fraction difference,,,,,E003170,results/final_validation/canonical_results.csv,117;141;165,exploratory
D02-ALT-LSTM-descent_minus_cruise,DS02 exploratory alternative phase rule,DS02 discovery,lstm_autoencoder,history,"mean(seeds 0,1,2)",alt_rate,0.01,pooled,descent_minus_cruise,"Arithmetic mean over seeds 0, 1, 2 of: Descent healthy row-FPR minus cruise healthy row-FPR; percentage-point difference when multiplied by 100. No CI for the seed mean was executed.",0.0175639148939385,+1.756 pp,fraction difference,,,,,E003171,results/final_validation/canonical_results.csv,117;141;165,exploratory
D02-ALT-LSTM-worst_cross_phase_transfer_fpr,DS02 exploratory alternative phase rule,DS02 discovery,lstm_autoencoder,history,"mean(seeds 0,1,2)",alt_rate,0.01,pooled,worst_cross_phase_transfer_fpr,"Arithmetic mean over seeds 0, 1, 2 of: Maximum audit healthy row-FPR among off-diagonal calibration-phase to audit-phase threshold transfers. No CI for the seed mean was executed.",0.08179846625081047,8.180%,fraction,,,,,E003173,results/final_validation/canonical_results.csv,117;141;165,exploratory
D03-LSTM-S2-E12-descent_minus_climb,frozen per-engine directional exception,DS03 confirmation,lstm_autoencoder,history,2,primary,0.01,engine_12,descent_minus_climb,Descent healthy row-FPR minus climb healthy row-FPR; percentage-point difference when multiplied by 100.,-0.0008579743311882514,-0.086 pp,fraction difference,,,,,E012536,results/confirmation_ds03/canonical_results.csv,137,confirmatory
D03-LSTM-S2-E13-descent_minus_cruise,frozen per-engine directional exception,DS03 confirmation,lstm_autoencoder,history,2,primary,0.01,engine_13,descent_minus_cruise,Descent healthy row-FPR minus cruise healthy row-FPR; percentage-point difference when multiplied by 100.,-0.0010501775978463829,-0.105 pp,fraction difference,,,,,E012550,results/confirmation_ds03/canonical_results.csv,138,confirmatory
D03-LSTM-S2-E15-descent_minus_cruise,frozen per-engine directional exception,DS03 confirmation,lstm_autoencoder,history,2,primary,0.01,engine_15,descent_minus_cruise,Descent healthy row-FPR minus cruise healthy row-FPR; percentage-point difference when multiplied by 100.,-0.00033990501306867607,-0.034 pp,fraction difference,,,,,E012576,results/confirmation_ds03/canonical_results.csv,140,confirmatory
D02-LSTM-S0-selected_epoch,DS02 seed-0 training limitation,DS02 discovery,lstm_autoencoder,history,0,not applicable,,training engines,selected_epoch,Epoch selected by engine-disjoint validation with patience 6 and minimum improvement 0.0001; applied to full-training-engine refit.,600,600 epochs,epochs,,,,,E010738,results/final_validation/lstm_training_history.csv,2,exploratory
D02-LSTM-S0-max_epochs,DS02 seed-0 training limitation,DS02 discovery,lstm_autoencoder,history,0,not applicable,,training engines,max_epochs,Prespecified maximum permitted training epochs.,600,600 epochs,epochs,,,,,E010740,results/final_validation/lstm_training_history.csv,2,exploratory
